[14May2026 16:35:28.637] [main/INFO] [cpw.mods.modlauncher.Launcher/MODLAUNCHER]: ModLauncher running: args [--username, Rasgajag, --version, 1.21.1, --gameDir, /home/rasgajag/.local/share/PrismLauncher/instances/cregalatla/minecraft, --assetsDir, /home/rasgajag/.local/share/PrismLauncher/assets, --assetIndex, 17, --uuid, 9397525463dd4c13baa831b73203e54a, --accessToken, ❄❄❄❄❄❄❄❄, --userType, msa, --versionType, release, --fml.neoForgeVersion, 21.1.228, --fml.fmlVersion, 4.0.42, --fml.mcVersion, 1.21.1, --fml.neoFormVersion, 20240808.144430, --launchTarget, forgeclient, --width, 854, --height, 480]
[14May2026 16:35:28.638] [main/INFO] [cpw.mods.modlauncher.Launcher/MODLAUNCHER]: JVM identified as Ubuntu OpenJDK 64-Bit Server VM 25.0.2+10-Ubuntu-125.10
[14May2026 16:35:28.640] [main/INFO] [cpw.mods.modlauncher.Launcher/MODLAUNCHER]: ModLauncher 11.0.5+main.901c6ea8 starting: java version 25.0.2 by Ubuntu; OS Linux arch amd64 version 6.17.0-23-generic
[14May2026 16:35:28.794] [main/INFO] [net.neoforged.fml.loading.ImmediateWindowHandler/]: Loading ImmediateWindowProvider fmlearlywindow
[14May2026 16:35:28.864] [main/INFO] [EARLYDISPLAY/]: Trying GL version 4.6
[14May2026 16:35:28.921] [main/INFO] [EARLYDISPLAY/]: Requested GL version 4.6 got version 4.6
[14May2026 16:35:28.964] [pool-2-thread-1/INFO] [EARLYDISPLAY/]: GL info: AMD Radeon Graphics (radeonsi, gfx1150, LLVM 20.1.8, DRM 3.64, 6.17.0-23-generic) GL version 4.6 (Core Profile) Mesa 25.2.8-0ubuntu0.25.10.1, AMD
[14May2026 16:35:29.003] [main/INFO] [mixin/]: SpongePowered MIXIN Subsystem Version=0.8.7 Source=union:/home/rasgajag/.local/share/PrismLauncher/libraries/net/fabricmc/sponge-mixin/0.15.2+mixin.0.8.7/sponge-mixin-0.15.2+mixin.0.8.7.jar%23163!/ Service=ModLauncher Env=CLIENT
[14May2026 16:35:29.201] [main/INFO] [net.neoforged.fml.loading.moddiscovery.ModDiscoverer/SCAN]: Found mod file "client-1.21.1-20240808.144430-srg.jar" [locator: production client provider +net.neoforged:neoforge:21.1.228:client]
[14May2026 16:35:29.211] [main/INFO] [net.neoforged.fml.loading.moddiscovery.ModDiscoverer/SCAN]: Found mod file "neoforge-21.1.228-universal.jar" [locator: PathBasedLocator[name=neoforge, paths=[/home/rasgajag/.local/share/PrismLauncher/libraries/net/neoforged/neoforge/21.1.228/neoforge-21.1.228-universal.jar]], reader: mod manifest]
[14May2026 16:35:29.213] [main/INFO] [net.neoforged.fml.loading.moddiscovery.ModDiscoverer/SCAN]: Found library file "~nonexistent" [locator: org.sinytra.connector.locator.ConnectorEarlyLocatorBootstrap@71652c98]
[14May2026 16:35:29.217] [main/INFO] [net.neoforged.fml.loading.moddiscovery.ModDiscoverer/SCAN]: Found mod file "almostunified-neoforge-1.21.1-1.4.1.jar" [locator: {mods folder locator at /home/rasgajag/.local/share/PrismLauncher/instances/cregalatla/minecraft/mods}, reader: mod manifest]
[14May2026 16:35:29.220] [main/INFO] [net.neoforged.fml.loading.moddiscovery.ModDiscoverer/SCAN]: Found mod file "appleskin-neoforge-mc1.21-3.0.9.jar" [locator: {mods folder locator at /home/rasgajag/.local/share/PrismLauncher/instances/cregalatla/minecraft/mods}, reader: mod manifest]
[14May2026 16:35:29.222] [main/INFO] [net.neoforged.fml.loading.moddiscovery.ModDiscoverer/SCAN]: Found mod file "architectury-13.0.8-neoforge.jar" [locator: {mods folder locator at /home/rasgajag/.local/share/PrismLauncher/instances/cregalatla/minecraft/mods}, reader: mod manifest]
[14May2026 16:35:29.223] [main/INFO] [net.neoforged.fml.loading.moddiscovery.ModDiscoverer/SCAN]: Found mod file "balm-neoforge-1.21.1-21.0.57.jar" [locator: {mods folder locator at /home/rasgajag/.local/share/PrismLauncher/instances/cregalatla/minecraft/mods}, reader: mod manifest]
[14May2026 16:35:29.225] [main/INFO] [net.neoforged.fml.loading.moddiscovery.ModDiscoverer/SCAN]: Found mod file "BendingStyles-1.0.9-neoforge-1.21.1.jar" [locator: {mods folder locator at /home/rasgajag/.local/share/PrismLauncher/instances/cregalatla/minecraft/mods}, reader: mod manifest]
[14May2026 16:35:29.227] [main/INFO] [net.neoforged.fml.loading.moddiscovery.ModDiscoverer/SCAN]: Found mod file "BetterF3-11.0.3-NeoForge-1.21.1.jar" [locator: {mods folder locator at /home/rasgajag/.local/share/PrismLauncher/instances/cregalatla/minecraft/mods}, reader: mod manifest]
[14May2026 16:35:29.228] [main/INFO] [net.neoforged.fml.loading.moddiscovery.ModDiscoverer/SCAN]: Found mod file "bigcontraptions-neoforge-1.0.jar" [locator: {mods folder locator at /home/rasgajag/.local/share/PrismLauncher/instances/cregalatla/minecraft/mods}, reader: mod manifest]
[14May2026 16:35:29.230] [main/INFO] [net.neoforged.fml.loading.moddiscovery.ModDiscoverer/SCAN]: Found mod file "bits_n_bobs-0.0.44.jar" [locator: {mods folder locator at /home/rasgajag/.local/share/PrismLauncher/instances/cregalatla/minecraft/mods}, reader: mod manifest]
[14May2026 16:35:29.231] [main/INFO] [net.neoforged.fml.loading.moddiscovery.ModDiscoverer/SCAN]: Found mod file "cloth-config-15.0.140-neoforge.jar" [locator: {mods folder locator at /home/rasgajag/.local/share/PrismLauncher/instances/cregalatla/minecraft/mods}, reader: mod manifest]
[14May2026 16:35:29.232] [main/INFO] [net.neoforged.fml.loading.moddiscovery.ModDiscoverer/SCAN]: Found mod file "comforts-neoforge-9.0.5+1.21.1.jar" [locator: {mods folder locator at /home/rasgajag/.local/share/PrismLauncher/instances/cregalatla/minecraft/mods}, reader: mod manifest]
[14May2026 16:35:29.234] [main/INFO] [net.neoforged.fml.loading.moddiscovery.ModDiscoverer/SCAN]: Found mod file "continuity-3.0.0+1.21.neoforge.jar" [locator: {mods folder locator at /home/rasgajag/.local/share/PrismLauncher/instances/cregalatla/minecraft/mods}, reader: mod manifest]
[14May2026 16:35:29.235] [main/INFO] [net.neoforged.fml.loading.moddiscovery.ModDiscoverer/SCAN]: Found mod file "Controlling-neoforge-1.21.1-19.0.5.jar" [locator: {mods folder locator at /home/rasgajag/.local/share/PrismLauncher/instances/cregalatla/minecraft/mods}, reader: mod manifest]
[14May2026 16:35:29.236] [main/INFO] [net.neoforged.fml.loading.moddiscovery.ModDiscoverer/SCAN]: Found mod file "copycats-3.0.4+mc.1.21.1-neoforge.jar" [locator: {mods folder locator at /home/rasgajag/.local/share/PrismLauncher/instances/cregalatla/minecraft/mods}, reader: mod manifest]
[14May2026 16:35:29.237] [main/INFO] [net.neoforged.fml.loading.moddiscovery.ModDiscoverer/SCAN]: Found mod file "cosmonautics-1.3.8-rc3.jar" [locator: {mods folder locator at /home/rasgajag/.local/share/PrismLauncher/instances/cregalatla/minecraft/mods}, reader: mod manifest]
[14May2026 16:35:29.238] [main/INFO] [net.neoforged.fml.loading.moddiscovery.ModDiscoverer/SCAN]: Found mod file "craftingtweaks-neoforge-1.21.1-21.1.10.jar" [locator: {mods folder locator at /home/rasgajag/.local/share/PrismLauncher/instances/cregalatla/minecraft/mods}, reader: mod manifest]
[14May2026 16:35:29.242] [main/INFO] [net.neoforged.fml.loading.moddiscovery.ModDiscoverer/SCAN]: Found mod file "create-1.21.1-6.0.10.jar" [locator: {mods folder locator at /home/rasgajag/.local/share/PrismLauncher/instances/cregalatla/minecraft/mods}, reader: mod manifest]
[14May2026 16:35:29.243] [main/INFO] [net.neoforged.fml.loading.moddiscovery.ModDiscoverer/SCAN]: Found mod file "create-aeronautics-bundled-1.21.1-1.2.1.jar" [locator: {mods folder locator at /home/rasgajag/.local/share/PrismLauncher/instances/cregalatla/minecraft/mods}, reader: mod manifest]
[14May2026 16:35:29.245] [main/INFO] [net.neoforged.fml.loading.moddiscovery.ModDiscoverer/SCAN]: Found mod file "create-enchantment-industry-2.3.1.jar" [locator: {mods folder locator at /home/rasgajag/.local/share/PrismLauncher/instances/cregalatla/minecraft/mods}, reader: mod manifest]
[14May2026 16:35:29.246] [main/INFO] [net.neoforged.fml.loading.moddiscovery.ModDiscoverer/SCAN]: Found mod file "create-stuff-additions1.21.1_v2.1.0e.jar" [locator: {mods folder locator at /home/rasgajag/.local/share/PrismLauncher/instances/cregalatla/minecraft/mods}, reader: mod manifest]
[14May2026 16:35:29.248] [main/INFO] [net.neoforged.fml.loading.moddiscovery.ModDiscoverer/SCAN]: Found mod file "create_connected-1.1.14-mc1.21.1.jar" [locator: {mods folder locator at /home/rasgajag/.local/share/PrismLauncher/instances/cregalatla/minecraft/mods}, reader: mod manifest]
[14May2026 16:35:29.249] [main/INFO] [net.neoforged.fml.loading.moddiscovery.ModDiscoverer/SCAN]: Found mod file "create_delete_and_repeat-1.1.0-neoforge-1.21.1.jar" [locator: {mods folder locator at /home/rasgajag/.local/share/PrismLauncher/instances/cregalatla/minecraft/mods}, reader: mod manifest]
[14May2026 16:35:29.250] [main/INFO] [net.neoforged.fml.loading.moddiscovery.ModDiscoverer/SCAN]: Found mod file "create_mixed_casing-1.21.1-1.1.1.jar" [locator: {mods folder locator at /home/rasgajag/.local/share/PrismLauncher/instances/cregalatla/minecraft/mods}, reader: mod manifest]
[14May2026 16:35:29.251] [main/INFO] [net.neoforged.fml.loading.moddiscovery.ModDiscoverer/SCAN]: Found mod file "create_ore_excavation_plus-0.2.5-1.21.1.jar" [locator: {mods folder locator at /home/rasgajag/.local/share/PrismLauncher/instances/cregalatla/minecraft/mods}, reader: mod manifest]
[14May2026 16:35:29.252] [main/INFO] [net.neoforged.fml.loading.moddiscovery.ModDiscoverer/SCAN]: Found mod file "create_trimmed.jar" [locator: {mods folder locator at /home/rasgajag/.local/share/PrismLauncher/instances/cregalatla/minecraft/mods}, reader: mod manifest]
[14May2026 16:35:29.252] [main/INFO] [net.neoforged.fml.loading.moddiscovery.ModDiscoverer/SCAN]: Found mod file "create_ultimate_factory-2.2.4-neoforge-1.21.1.jar" [locator: {mods folder locator at /home/rasgajag/.local/share/PrismLauncher/instances/cregalatla/minecraft/mods}, reader: mod manifest]
[14May2026 16:35:29.255] [main/INFO] [net.neoforged.fml.loading.moddiscovery.ModDiscoverer/SCAN]: Found mod file "create_vibrant_vaults-0.3.2.jar" [locator: {mods folder locator at /home/rasgajag/.local/share/PrismLauncher/instances/cregalatla/minecraft/mods}, reader: mod manifest]
[14May2026 16:35:29.256] [main/INFO] [net.neoforged.fml.loading.moddiscovery.ModDiscoverer/SCAN]: Found mod file "createaddition-1.5.10.jar" [locator: {mods folder locator at /home/rasgajag/.local/share/PrismLauncher/instances/cregalatla/minecraft/mods}, reader: mod manifest]
[14May2026 16:35:29.257] [main/INFO] [net.neoforged.fml.loading.moddiscovery.ModDiscoverer/SCAN]: Found mod file "createcobblestone-1.4.9+neoforge-1.21.1-130.jar" [locator: {mods folder locator at /home/rasgajag/.local/share/PrismLauncher/instances/cregalatla/minecraft/mods}, reader: mod manifest]
[14May2026 16:35:29.259] [main/INFO] [net.neoforged.fml.loading.moddiscovery.ModDiscoverer/SCAN]: Found mod file "createdeco-2.1.3.jar" [locator: {mods folder locator at /home/rasgajag/.local/share/PrismLauncher/instances/cregalatla/minecraft/mods}, reader: mod manifest]
[14May2026 16:35:29.260] [main/INFO] [net.neoforged.fml.loading.moddiscovery.ModDiscoverer/SCAN]: Found mod file "CreateDragonsPlus-1.10.0b.jar" [locator: {mods folder locator at /home/rasgajag/.local/share/PrismLauncher/instances/cregalatla/minecraft/mods}, reader: mod manifest]
[14May2026 16:35:29.261] [main/INFO] [net.neoforged.fml.loading.moddiscovery.ModDiscoverer/SCAN]: Found mod file "createliquidfuel-2.1.1-1.21.1.jar" [locator: {mods folder locator at /home/rasgajag/.local/share/PrismLauncher/instances/cregalatla/minecraft/mods}, reader: mod manifest]
[14May2026 16:35:29.262] [main/INFO] [net.neoforged.fml.loading.moddiscovery.ModDiscoverer/SCAN]: Found mod file "createmetallurgy-1.0.2-1.21.1.jar" [locator: {mods folder locator at /home/rasgajag/.local/share/PrismLauncher/instances/cregalatla/minecraft/mods}, reader: mod manifest]
[14May2026 16:35:29.263] [main/INFO] [net.neoforged.fml.loading.moddiscovery.ModDiscoverer/SCAN]: Found mod file "createoreexcavation-1.21-1.6.8.jar" [locator: {mods folder locator at /home/rasgajag/.local/share/PrismLauncher/instances/cregalatla/minecraft/mods}, reader: mod manifest]
[14May2026 16:35:29.263] [main/INFO] [net.neoforged.fml.loading.moddiscovery.ModDiscoverer/SCAN]: Found mod file "createsa_tank_fix-1.3.jar" [locator: {mods folder locator at /home/rasgajag/.local/share/PrismLauncher/instances/cregalatla/minecraft/mods}, reader: mod manifest]
[14May2026 16:35:29.264] [main/INFO] [net.neoforged.fml.loading.moddiscovery.ModDiscoverer/SCAN]: Found mod file "createthreadedtrains-neoforge-1.21.1-1.0.0.jar" [locator: {mods folder locator at /home/rasgajag/.local/share/PrismLauncher/instances/cregalatla/minecraft/mods}, reader: mod manifest]
[14May2026 16:35:29.265] [main/INFO] [net.neoforged.fml.loading.moddiscovery.ModDiscoverer/SCAN]: Found mod file "curios-neoforge-9.5.1+1.21.1.jar" [locator: {mods folder locator at /home/rasgajag/.local/share/PrismLauncher/instances/cregalatla/minecraft/mods}, reader: mod manifest]
[14May2026 16:35:29.267] [main/INFO] [net.neoforged.fml.loading.moddiscovery.ModDiscoverer/SCAN]: Found mod file "Design-n-Decor-1.21.1-2.1.0.jar" [locator: {mods folder locator at /home/rasgajag/.local/share/PrismLauncher/instances/cregalatla/minecraft/mods}, reader: mod manifest]
[14May2026 16:35:29.268] [main/INFO] [net.neoforged.fml.loading.moddiscovery.ModDiscoverer/SCAN]: Found mod file "DnDesires-1.21.1-2.3a-BETA.jar" [locator: {mods folder locator at /home/rasgajag/.local/share/PrismLauncher/instances/cregalatla/minecraft/mods}, reader: mod manifest]
[14May2026 16:35:29.269] [main/INFO] [net.neoforged.fml.loading.moddiscovery.ModDiscoverer/SCAN]: Found mod file "dynamic-fps-3.11.4+minecraft-1.21.0-neoforge.jar" [locator: {mods folder locator at /home/rasgajag/.local/share/PrismLauncher/instances/cregalatla/minecraft/mods}, reader: mod manifest]
[14May2026 16:35:29.270] [main/INFO] [net.neoforged.fml.loading.moddiscovery.ModDiscoverer/SCAN]: Found mod file "e4mc-neoforge-6.1.0.jar" [locator: {mods folder locator at /home/rasgajag/.local/share/PrismLauncher/instances/cregalatla/minecraft/mods}, reader: mod manifest]
[14May2026 16:35:29.270] [main/INFO] [net.neoforged.fml.loading.moddiscovery.ModDiscoverer/SCAN]: Found mod file "emi-1.1.22+1.21.1+neoforge.jar" [locator: {mods folder locator at /home/rasgajag/.local/share/PrismLauncher/instances/cregalatla/minecraft/mods}, reader: mod manifest]
[14May2026 16:35:29.271] [main/INFO] [net.neoforged.fml.loading.moddiscovery.ModDiscoverer/SCAN]: Found mod file "emi-letsdo-compat-2.0.1+1.21.1+neoforge.jar" [locator: {mods folder locator at /home/rasgajag/.local/share/PrismLauncher/instances/cregalatla/minecraft/mods}, reader: mod manifest]
[14May2026 16:35:29.272] [main/INFO] [net.neoforged.fml.loading.moddiscovery.ModDiscoverer/SCAN]: Found mod file "emi_create_schematics-1.1.0.jar" [locator: {mods folder locator at /home/rasgajag/.local/share/PrismLauncher/instances/cregalatla/minecraft/mods}, reader: mod manifest]
[14May2026 16:35:29.272] [main/INFO] [net.neoforged.fml.loading.moddiscovery.ModDiscoverer/SCAN]: Found mod file "emi_enchanting-0.1.2+1.21+neoforge.jar" [locator: {mods folder locator at /home/rasgajag/.local/share/PrismLauncher/instances/cregalatla/minecraft/mods}, reader: mod manifest]
[14May2026 16:35:29.273] [main/INFO] [net.neoforged.fml.loading.moddiscovery.ModDiscoverer/SCAN]: Found mod file "emi_loot-0.7.9+1.21+neoforge.jar" [locator: {mods folder locator at /home/rasgajag/.local/share/PrismLauncher/instances/cregalatla/minecraft/mods}, reader: mod manifest]
[14May2026 16:35:29.273] [main/INFO] [net.neoforged.fml.loading.moddiscovery.ModDiscoverer/SCAN]: Found mod file "emi_ores-1.2+1.21.1+neoforge.jar" [locator: {mods folder locator at /home/rasgajag/.local/share/PrismLauncher/instances/cregalatla/minecraft/mods}, reader: mod manifest]
[14May2026 16:35:29.274] [main/INFO] [net.neoforged.fml.loading.moddiscovery.ModDiscoverer/SCAN]: Found mod file "emiffect-neoforge-2.1.6+mc1.21.1.jar" [locator: {mods folder locator at /home/rasgajag/.local/share/PrismLauncher/instances/cregalatla/minecraft/mods}, reader: mod manifest]
[14May2026 16:35:29.275] [main/INFO] [net.neoforged.fml.loading.moddiscovery.ModDiscoverer/SCAN]: Found mod file "emiforcreatestock-1.0.4-fix.jar" [locator: {mods folder locator at /home/rasgajag/.local/share/PrismLauncher/instances/cregalatla/minecraft/mods}, reader: mod manifest]
[14May2026 16:35:29.275] [main/INFO] [net.neoforged.fml.loading.moddiscovery.ModDiscoverer/SCAN]: Found mod file "EMIProfessions-neoforge-1.21.1-1.0.3.jar" [locator: {mods folder locator at /home/rasgajag/.local/share/PrismLauncher/instances/cregalatla/minecraft/mods}, reader: mod manifest]
[14May2026 16:35:29.276] [main/INFO] [net.neoforged.fml.loading.moddiscovery.ModDiscoverer/SCAN]: Found mod file "emixx-neoforge-1.2.3.jar" [locator: {mods folder locator at /home/rasgajag/.local/share/PrismLauncher/instances/cregalatla/minecraft/mods}, reader: mod manifest]
[14May2026 16:35:29.276] [main/INFO] [net.neoforged.fml.loading.moddiscovery.ModDiscoverer/SCAN]: Found mod file "entityculling-neoforge-1.10.1-mc1.21.1.jar" [locator: {mods folder locator at /home/rasgajag/.local/share/PrismLauncher/instances/cregalatla/minecraft/mods}, reader: mod manifest]
[14May2026 16:35:29.277] [main/INFO] [net.neoforged.fml.loading.moddiscovery.ModDiscoverer/SCAN]: Found mod file "exposure-neoforge-1.21.1-1.9.16.jar" [locator: {mods folder locator at /home/rasgajag/.local/share/PrismLauncher/instances/cregalatla/minecraft/mods}, reader: mod manifest]
[14May2026 16:35:29.277] [main/INFO] [net.neoforged.fml.loading.moddiscovery.ModDiscoverer/SCAN]: Found mod file "exposure_catalog-neoforge-1.1.1.jar" [locator: {mods folder locator at /home/rasgajag/.local/share/PrismLauncher/instances/cregalatla/minecraft/mods}, reader: mod manifest]
[14May2026 16:35:29.278] [main/INFO] [net.neoforged.fml.loading.moddiscovery.ModDiscoverer/SCAN]: Found mod file "extra-mod-integrations-all-neoforge-1.0.3+1.21.1.jar" [locator: {mods folder locator at /home/rasgajag/.local/share/PrismLauncher/instances/cregalatla/minecraft/mods}, reader: mod manifest]
[14May2026 16:35:29.284] [main/INFO] [net.neoforged.fml.loading.moddiscovery.ModDiscoverer/SCAN]: Found mod file "ferritecore-7.0.3-neoforge.jar" [locator: {mods folder locator at /home/rasgajag/.local/share/PrismLauncher/instances/cregalatla/minecraft/mods}, reader: mod manifest]
[14May2026 16:35:29.293] [main/INFO] [net.neoforged.fml.loading.moddiscovery.ModDiscoverer/SCAN]: Found mod file "forgified-fabric-api-0.116.7+2.2.4+1.21.1.jar" [locator: {mods folder locator at /home/rasgajag/.local/share/PrismLauncher/instances/cregalatla/minecraft/mods}, reader: mod manifest]
[14May2026 16:35:29.295] [main/INFO] [net.neoforged.fml.loading.moddiscovery.ModDiscoverer/SCAN]: Found mod file "fridgedash-0.1.1.jar" [locator: {mods folder locator at /home/rasgajag/.local/share/PrismLauncher/instances/cregalatla/minecraft/mods}, reader: mod manifest]
[14May2026 16:35:29.296] [main/INFO] [net.neoforged.fml.loading.moddiscovery.ModDiscoverer/SCAN]: Found mod file "fusion-1.2.12-neoforge-mc1.21.1.jar" [locator: {mods folder locator at /home/rasgajag/.local/share/PrismLauncher/instances/cregalatla/minecraft/mods}, reader: mod manifest]
[14May2026 16:35:29.297] [main/INFO] [net.neoforged.fml.loading.moddiscovery.ModDiscoverer/SCAN]: Found mod file "fzzy_config-0.7.6+1.21+neoforge.jar" [locator: {mods folder locator at /home/rasgajag/.local/share/PrismLauncher/instances/cregalatla/minecraft/mods}, reader: mod manifest]
[14May2026 16:35:29.298] [main/INFO] [net.neoforged.fml.loading.moddiscovery.ModDiscoverer/SCAN]: Found mod file "geckolib-neoforge-1.21.1-4.8.4.jar" [locator: {mods folder locator at /home/rasgajag/.local/share/PrismLauncher/instances/cregalatla/minecraft/mods}, reader: mod manifest]
[14May2026 16:35:29.299] [main/INFO] [net.neoforged.fml.loading.moddiscovery.ModDiscoverer/SCAN]: Found mod file "Jade-1.21.1-NeoForge-15.10.5.jar" [locator: {mods folder locator at /home/rasgajag/.local/share/PrismLauncher/instances/cregalatla/minecraft/mods}, reader: mod manifest]
[14May2026 16:35:29.301] [main/INFO] [net.neoforged.fml.loading.moddiscovery.ModDiscoverer/SCAN]: Found mod file "jei-1.21.1-neoforge-19.27.0.340.jar" [locator: {mods folder locator at /home/rasgajag/.local/share/PrismLauncher/instances/cregalatla/minecraft/mods}, reader: mod manifest]
[14May2026 16:35:29.302] [main/INFO] [net.neoforged.fml.loading.moddiscovery.ModDiscoverer/SCAN]: Found library file "kotlinforforge-5.11.0-all.jar" [locator: {mods folder locator at /home/rasgajag/.local/share/PrismLauncher/instances/cregalatla/minecraft/mods}, reader: mod manifest]
[14May2026 16:35:29.304] [main/INFO] [net.neoforged.fml.loading.moddiscovery.ModDiscoverer/SCAN]: Found mod file "kubejs-create-neoforge-2101.3.1-build.18.jar" [locator: {mods folder locator at /home/rasgajag/.local/share/PrismLauncher/instances/cregalatla/minecraft/mods}, reader: mod manifest]
[14May2026 16:35:29.305] [main/INFO] [net.neoforged.fml.loading.moddiscovery.ModDiscoverer/SCAN]: Found mod file "kubejs-neoforge-2101.7.2-build.363.jar" [locator: {mods folder locator at /home/rasgajag/.local/share/PrismLauncher/instances/cregalatla/minecraft/mods}, reader: mod manifest]
[14May2026 16:35:29.306] [main/INFO] [net.neoforged.fml.loading.moddiscovery.ModDiscoverer/SCAN]: Found mod file "lambdynamiclights-4.8.8+1.21.1.jar" [locator: {mods folder locator at /home/rasgajag/.local/share/PrismLauncher/instances/cregalatla/minecraft/mods}, reader: mod manifest]
[14May2026 16:35:29.306] [main/INFO] [net.neoforged.fml.loading.moddiscovery.ModDiscoverer/SCAN]: Found mod file "ldlib2-neoforge-1.21.1-2.2.7.a-all.jar" [locator: {mods folder locator at /home/rasgajag/.local/share/PrismLauncher/instances/cregalatla/minecraft/mods}, reader: mod manifest]
[14May2026 16:35:29.308] [main/INFO] [net.neoforged.fml.loading.moddiscovery.ModDiscoverer/SCAN]: Found mod file "lithium-neoforge-0.15.3+mc1.21.1.jar" [locator: {mods folder locator at /home/rasgajag/.local/share/PrismLauncher/instances/cregalatla/minecraft/mods}, reader: mod manifest]
[14May2026 16:35:29.309] [main/INFO] [net.neoforged.fml.loading.moddiscovery.ModDiscoverer/SCAN]: Found mod file "modernfix-neoforge-5.27.4+mc1.21.1.jar" [locator: {mods folder locator at /home/rasgajag/.local/share/PrismLauncher/instances/cregalatla/minecraft/mods}, reader: mod manifest]
[14May2026 16:35:29.310] [main/INFO] [net.neoforged.fml.loading.moddiscovery.ModDiscoverer/SCAN]: Found mod file "moonlight-neoforge-1.21.1-3.0.5.jar" [locator: {mods folder locator at /home/rasgajag/.local/share/PrismLauncher/instances/cregalatla/minecraft/mods}, reader: mod manifest]
[14May2026 16:35:29.310] [main/INFO] [net.neoforged.fml.loading.moddiscovery.ModDiscoverer/SCAN]: Found mod file "MouseTweaks-neoforge-mc1.21-2.26.1.jar" [locator: {mods folder locator at /home/rasgajag/.local/share/PrismLauncher/instances/cregalatla/minecraft/mods}, reader: mod manifest]
[14May2026 16:35:29.310] [main/INFO] [net.neoforged.fml.loading.moddiscovery.ModDiscoverer/SCAN]: Found mod file "NoChatReports-NEOFORGE-1.21.1-v2.9.1.jar" [locator: {mods folder locator at /home/rasgajag/.local/share/PrismLauncher/instances/cregalatla/minecraft/mods}, reader: mod manifest]
[14May2026 16:35:29.311] [main/INFO] [net.neoforged.fml.loading.moddiscovery.ModDiscoverer/SCAN]: Found mod file "notenoughanimations-neoforge-1.12.2-mc1.21.1.jar" [locator: {mods folder locator at /home/rasgajag/.local/share/PrismLauncher/instances/cregalatla/minecraft/mods}, reader: mod manifest]
[14May2026 16:35:29.311] [main/INFO] [net.neoforged.fml.loading.moddiscovery.ModDiscoverer/SCAN]: Found mod file "ok_zoomer-neo-10.0.0-beta.13.jar" [locator: {mods folder locator at /home/rasgajag/.local/share/PrismLauncher/instances/cregalatla/minecraft/mods}, reader: mod manifest]
[14May2026 16:35:29.312] [main/INFO] [net.neoforged.fml.loading.moddiscovery.ModDiscoverer/SCAN]: Found mod file "Paxi-1.21.1-NeoForge-5.1.3.jar" [locator: {mods folder locator at /home/rasgajag/.local/share/PrismLauncher/instances/cregalatla/minecraft/mods}, reader: mod manifest]
[14May2026 16:35:29.312] [main/INFO] [net.neoforged.fml.loading.moddiscovery.ModDiscoverer/SCAN]: Found mod file "photon-neoforge-1.21.1-2.1.4.jar" [locator: {mods folder locator at /home/rasgajag/.local/share/PrismLauncher/instances/cregalatla/minecraft/mods}, reader: mod manifest]
[14May2026 16:35:29.313] [main/INFO] [net.neoforged.fml.loading.moddiscovery.ModDiscoverer/SCAN]: Found mod file "Platform-neoforge-1.21.1-1.3.jar" [locator: {mods folder locator at /home/rasgajag/.local/share/PrismLauncher/instances/cregalatla/minecraft/mods}, reader: mod manifest]
[14May2026 16:35:29.313] [main/INFO] [net.neoforged.fml.loading.moddiscovery.ModDiscoverer/SCAN]: Found mod file "PlayerAnimationLibNeoforge-1.1.4+mc.1.21.1.jar" [locator: {mods folder locator at /home/rasgajag/.local/share/PrismLauncher/instances/cregalatla/minecraft/mods}, reader: mod manifest]
[14May2026 16:35:29.314] [main/INFO] [net.neoforged.fml.loading.moddiscovery.ModDiscoverer/SCAN]: Found mod file "polymorph-neoforge-1.1.0+1.21.1.jar" [locator: {mods folder locator at /home/rasgajag/.local/share/PrismLauncher/instances/cregalatla/minecraft/mods}, reader: mod manifest]
[14May2026 16:35:29.317] [main/INFO] [net.neoforged.fml.loading.moddiscovery.ModDiscoverer/SCAN]: Found mod file "railways-0.2.0-beta.2+neoforge-mc1.21.1.jar" [locator: {mods folder locator at /home/rasgajag/.local/share/PrismLauncher/instances/cregalatla/minecraft/mods}, reader: mod manifest]
[14May2026 16:35:29.318] [main/INFO] [net.neoforged.fml.loading.moddiscovery.ModDiscoverer/SCAN]: Found mod file "reeses-sodium-options-neoforge-1.8.3+mc1.21.4.jar" [locator: {mods folder locator at /home/rasgajag/.local/share/PrismLauncher/instances/cregalatla/minecraft/mods}, reader: mod manifest]
[14May2026 16:35:29.319] [main/INFO] [net.neoforged.fml.loading.moddiscovery.ModDiscoverer/SCAN]: Found mod file "rhino-2101.2.7-build.81.jar" [locator: {mods folder locator at /home/rasgajag/.local/share/PrismLauncher/instances/cregalatla/minecraft/mods}, reader: mod manifest]
[14May2026 16:35:29.320] [main/INFO] [net.neoforged.fml.loading.moddiscovery.ModDiscoverer/SCAN]: Found mod file "sable-neoforge-1.21.1-1.2.2.jar" [locator: {mods folder locator at /home/rasgajag/.local/share/PrismLauncher/instances/cregalatla/minecraft/mods}, reader: mod manifest]
[14May2026 16:35:29.320] [main/INFO] [net.neoforged.fml.loading.moddiscovery.ModDiscoverer/SCAN]: Found mod file "sablephysicscompat-1.3.0.jar" [locator: {mods folder locator at /home/rasgajag/.local/share/PrismLauncher/instances/cregalatla/minecraft/mods}, reader: mod manifest]
[14May2026 16:35:29.321] [main/INFO] [net.neoforged.fml.loading.moddiscovery.ModDiscoverer/SCAN]: Found mod file "Searchables-neoforge-1.21.1-1.0.2.jar" [locator: {mods folder locator at /home/rasgajag/.local/share/PrismLauncher/instances/cregalatla/minecraft/mods}, reader: mod manifest]
[14May2026 16:35:29.322] [main/INFO] [net.neoforged.fml.loading.moddiscovery.ModDiscoverer/SCAN]: Found mod file "shulkerboxtooltip-neoforge-5.1.9+1.21.1.jar" [locator: {mods folder locator at /home/rasgajag/.local/share/PrismLauncher/instances/cregalatla/minecraft/mods}, reader: mod manifest]
[14May2026 16:35:29.322] [main/INFO] [net.neoforged.fml.loading.moddiscovery.ModDiscoverer/SCAN]: Found mod file "skinlayers3d-neoforge-1.11.1-mc1.21.1.jar" [locator: {mods folder locator at /home/rasgajag/.local/share/PrismLauncher/instances/cregalatla/minecraft/mods}, reader: mod manifest]
[14May2026 16:35:29.323] [main/INFO] [net.neoforged.fml.loading.moddiscovery.ModDiscoverer/SCAN]: Found mod file "sodium-extra-neoforge-0.6.0+mc1.21.1.jar" [locator: {mods folder locator at /home/rasgajag/.local/share/PrismLauncher/instances/cregalatla/minecraft/mods}, reader: mod manifest]
[14May2026 16:35:29.324] [main/INFO] [net.neoforged.fml.loading.moddiscovery.ModDiscoverer/SCAN]: Found mod file "sodium-neoforge-0.6.13+mc1.21.1.jar" [locator: {mods folder locator at /home/rasgajag/.local/share/PrismLauncher/instances/cregalatla/minecraft/mods}, reader: mod manifest]
[14May2026 16:35:29.324] [main/INFO] [net.neoforged.fml.loading.moddiscovery.ModDiscoverer/SCAN]: Found mod file "sophisticatedbackpacks-1.21.1-3.25.44.1736.jar" [locator: {mods folder locator at /home/rasgajag/.local/share/PrismLauncher/instances/cregalatla/minecraft/mods}, reader: mod manifest]
[14May2026 16:35:29.325] [main/INFO] [net.neoforged.fml.loading.moddiscovery.ModDiscoverer/SCAN]: Found mod file "sophisticatedcore-1.21.1-1.4.36.1833.jar" [locator: {mods folder locator at /home/rasgajag/.local/share/PrismLauncher/instances/cregalatla/minecraft/mods}, reader: mod manifest]
[14May2026 16:35:29.326] [main/INFO] [net.neoforged.fml.loading.moddiscovery.ModDiscoverer/SCAN]: Found mod file "structurify-neoforge-2.0.22+mc1.21.1.jar" [locator: {mods folder locator at /home/rasgajag/.local/share/PrismLauncher/instances/cregalatla/minecraft/mods}, reader: mod manifest]
[14May2026 16:35:29.327] [main/INFO] [net.neoforged.fml.loading.moddiscovery.ModDiscoverer/SCAN]: Found mod file "supermartijn642configlib-1.1.8-neoforge-mc1.21.jar" [locator: {mods folder locator at /home/rasgajag/.local/share/PrismLauncher/instances/cregalatla/minecraft/mods}, reader: mod manifest]
[14May2026 16:35:29.328] [main/INFO] [net.neoforged.fml.loading.moddiscovery.ModDiscoverer/SCAN]: Found mod file "supermartijn642corelib-1.1.21-neoforge-mc1.21.jar" [locator: {mods folder locator at /home/rasgajag/.local/share/PrismLauncher/instances/cregalatla/minecraft/mods}, reader: mod manifest]
[14May2026 16:35:29.329] [main/INFO] [net.neoforged.fml.loading.moddiscovery.ModDiscoverer/SCAN]: Found mod file "TerraBlender-neoforge-1.21.1-4.1.0.8.jar" [locator: {mods folder locator at /home/rasgajag/.local/share/PrismLauncher/instances/cregalatla/minecraft/mods}, reader: mod manifest]
[14May2026 16:35:29.332] [main/INFO] [net.neoforged.fml.loading.moddiscovery.ModDiscoverer/SCAN]: Found mod file "tfmg-1.2.0.jar" [locator: {mods folder locator at /home/rasgajag/.local/share/PrismLauncher/instances/cregalatla/minecraft/mods}, reader: mod manifest]
[14May2026 16:35:29.332] [main/INFO] [net.neoforged.fml.loading.moddiscovery.ModDiscoverer/SCAN]: Found mod file "VanillaBackport-neoforge-1.21.1-1.1.6.3.jar" [locator: {mods folder locator at /home/rasgajag/.local/share/PrismLauncher/instances/cregalatla/minecraft/mods}, reader: mod manifest]
[14May2026 16:35:29.334] [main/INFO] [net.neoforged.fml.loading.moddiscovery.ModDiscoverer/SCAN]: Found mod file "voicechat-neoforge-1.21.1-2.6.17.jar" [locator: {mods folder locator at /home/rasgajag/.local/share/PrismLauncher/instances/cregalatla/minecraft/mods}, reader: mod manifest]
[14May2026 16:35:29.338] [main/INFO] [net.neoforged.fml.loading.moddiscovery.ModDiscoverer/SCAN]: Found mod file "xaerominimap-neoforge-1.21.1-25.3.10.jar" [locator: {mods folder locator at /home/rasgajag/.local/share/PrismLauncher/instances/cregalatla/minecraft/mods}, reader: mod manifest]
[14May2026 16:35:29.341] [main/INFO] [net.neoforged.fml.loading.moddiscovery.ModDiscoverer/SCAN]: Found mod file "xaeroworldmap-neoforge-1.21.1-1.40.11.jar" [locator: {mods folder locator at /home/rasgajag/.local/share/PrismLauncher/instances/cregalatla/minecraft/mods}, reader: mod manifest]
[14May2026 16:35:29.342] [main/INFO] [net.neoforged.fml.loading.moddiscovery.ModDiscoverer/SCAN]: Found mod file "xercapaint-1.21.1-1.1.2.jar" [locator: {mods folder locator at /home/rasgajag/.local/share/PrismLauncher/instances/cregalatla/minecraft/mods}, reader: mod manifest]
[14May2026 16:35:29.344] [main/INFO] [net.neoforged.fml.loading.moddiscovery.ModDiscoverer/SCAN]: Found mod file "yet_another_config_lib_v3-3.8.2+1.21.1-neoforge.jar" [locator: {mods folder locator at /home/rasgajag/.local/share/PrismLauncher/instances/cregalatla/minecraft/mods}, reader: mod manifest]
[14May2026 16:35:29.345] [main/INFO] [net.neoforged.fml.loading.moddiscovery.ModDiscoverer/SCAN]: Found mod file "YungsApi-1.21.1-NeoForge-5.1.6.jar" [locator: {mods folder locator at /home/rasgajag/.local/share/PrismLauncher/instances/cregalatla/minecraft/mods}, reader: mod manifest]
[14May2026 16:35:30.036] [main/WARN] [net.neoforged.jarjar.selection.JarSelector/]: Attempted to select a dependency jar for JarJar which was passed in as source: library:net.fabricmc.loader. Using Mod File: /~nonexistent
[14May2026 16:35:30.036] [main/INFO] [net.neoforged.fml.loading.moddiscovery.locators.JarInJarDependencyLocator/]: Found 109 dependencies adding them to mods collection
[14May2026 16:35:30.036] [main/INFO] [net.neoforged.fml.loading.moddiscovery.ModDiscoverer/SCAN]: Found mod file "kuma-api-neoforge-21.0.8+1.21.jar" [parent: balm-neoforge-1.21.1-21.0.57.jar, locator: jarinjar, reader: mod manifest]
[14May2026 16:35:30.037] [main/INFO] [net.neoforged.fml.loading.moddiscovery.ModDiscoverer/SCAN]: Found mod file "fabric-renderer-api-v1-3.4.1+9125b6dc19.jar" [parent: forgified-fabric-api-0.116.7+2.2.4+1.21.1.jar, locator: jarinjar, reader: mod manifest]
[14May2026 16:35:30.037] [main/INFO] [net.neoforged.fml.loading.moddiscovery.ModDiscoverer/SCAN]: Found library file "glsl-processor-0.2.3.jar" [parent: veil-neoforge-1.21.1-4.0.0.jar, locator: jarinjar]
[14May2026 16:35:30.037] [main/INFO] [net.neoforged.fml.loading.moddiscovery.ModDiscoverer/SCAN]: Found mod file "ponder-neoforge-1.0.82+mc1.21.1.jar" [parent: create-1.21.1-6.0.10.jar, locator: jarinjar, reader: mod manifest]
[14May2026 16:35:30.037] [main/INFO] [net.neoforged.fml.loading.moddiscovery.ModDiscoverer/SCAN]: Found mod file "fabric-item-api-v1-11.2.0+0c57911319.jar" [parent: forgified-fabric-api-0.116.7+2.2.4+1.21.1.jar, locator: jarinjar, reader: mod manifest]
[14May2026 16:35:30.037] [main/INFO] [net.neoforged.fml.loading.moddiscovery.ModDiscoverer/SCAN]: Found mod file "fabric-rendering-fluids-v1-3.1.6+a51883b219.jar" [parent: forgified-fabric-api-0.116.7+2.2.4+1.21.1.jar, locator: jarinjar, reader: mod manifest]
[14May2026 16:35:30.037] [main/INFO] [net.neoforged.fml.loading.moddiscovery.ModDiscoverer/SCAN]: Found gamelibrary file "yumi-commons-collections-1.0.0.jar" [parent: yumi-mc-foundation-1.0.0-beta.1+1.21.1-mojmap.jar, locator: jarinjar, reader: mod manifest]
[14May2026 16:35:30.037] [main/INFO] [net.neoforged.fml.loading.moddiscovery.ModDiscoverer/SCAN]: Found mod file "com.kneelawk.extra-mod-integrations.extra-mod-integrations-pneumaticcraft-neoforge-1.0.3+1.21.1.jar" [parent: extra-mod-integrations-all-neoforge-1.0.3+1.21.1.jar, locator: jarinjar, reader: mod manifest]
[14May2026 16:35:30.037] [main/INFO] [net.neoforged.fml.loading.moddiscovery.ModDiscoverer/SCAN]: Found mod file "fabric-convention-tags-v1-2.1.5+7f945d5b19.jar" [parent: forgified-fabric-api-0.116.7+2.2.4+1.21.1.jar, locator: jarinjar, reader: mod manifest]
[14May2026 16:35:30.037] [main/INFO] [net.neoforged.fml.loading.moddiscovery.ModDiscoverer/SCAN]: Found library file "kotlinx-coroutines-core-jvm-1.10.2.jar" [parent: kotlinforforge-5.11.0-all.jar, locator: jarinjar]
[14May2026 16:35:30.037] [main/INFO] [net.neoforged.fml.loading.moddiscovery.ModDiscoverer/SCAN]: Found mod file "fabric-block-view-api-v2-1.0.11+e9036fd419.jar" [parent: forgified-fabric-api-0.116.7+2.2.4+1.21.1.jar, locator: jarinjar, reader: mod manifest]
[14May2026 16:35:30.037] [main/INFO] [net.neoforged.fml.loading.moddiscovery.ModDiscoverer/SCAN]: Found mod file "fabric-convention-tags-v2-2.11.1+87e5848019.jar" [parent: forgified-fabric-api-0.116.7+2.2.4+1.21.1.jar, locator: jarinjar, reader: mod manifest]
[14May2026 16:35:30.037] [main/INFO] [net.neoforged.fml.loading.moddiscovery.ModDiscoverer/SCAN]: Found mod file "fabric-command-api-v2-2.2.28+36d727be19.jar" [parent: forgified-fabric-api-0.116.7+2.2.4+1.21.1.jar, locator: jarinjar, reader: mod manifest]
[14May2026 16:35:30.037] [main/INFO] [net.neoforged.fml.loading.moddiscovery.ModDiscoverer/SCAN]: Found mod file "fabric-data-attachment-api-v1-1.4.5+26d408aa19.jar" [parent: forgified-fabric-api-0.116.7+2.2.4+1.21.1.jar, locator: jarinjar, reader: mod manifest]
[14May2026 16:35:30.037] [main/INFO] [net.neoforged.fml.loading.moddiscovery.ModDiscoverer/SCAN]: Found mod file "veil-neoforge-1.21.1-4.0.0.jar" [parent: sable-neoforge-1.21.1-1.2.2.jar, locator: jarinjar, reader: mod manifest]
[14May2026 16:35:30.037] [main/INFO] [net.neoforged.fml.loading.moddiscovery.ModDiscoverer/SCAN]: Found mod file "dev.simulated_team.simulated.simulated-neoforge-1.21.1-1.2.1.jar" [parent: create-aeronautics-bundled-1.21.1-1.2.1.jar, locator: jarinjar, reader: mod manifest]
[14May2026 16:35:30.037] [main/INFO] [net.neoforged.fml.loading.moddiscovery.ModDiscoverer/SCAN]: Found gamelibrary file "yumi-commons-event-1.0.0.jar" [parent: yumi-mc-foundation-1.0.0-beta.1+1.21.1-mojmap.jar, locator: jarinjar, reader: mod manifest]
[14May2026 16:35:30.037] [main/INFO] [net.neoforged.fml.loading.moddiscovery.ModDiscoverer/SCAN]: Found mod file "com.kneelawk.extra-mod-integrations.extra-mod-integrations-reliquary-neoforge-1.0.3+1.21.1.jar" [parent: extra-mod-integrations-all-neoforge-1.0.3+1.21.1.jar, locator: jarinjar, reader: mod manifest]
[14May2026 16:35:30.037] [main/INFO] [net.neoforged.fml.loading.moddiscovery.ModDiscoverer/SCAN]: Found library file "kotlin-stdlib-jdk7-2.3.0.jar" [parent: kotlinforforge-5.11.0-all.jar, locator: jarinjar]
[14May2026 16:35:30.037] [main/INFO] [net.neoforged.fml.loading.moddiscovery.ModDiscoverer/SCAN]: Found mod file "fabric-screen-api-v1-2.0.25+0ae1214819.jar" [parent: forgified-fabric-api-0.116.7+2.2.4+1.21.1.jar, locator: jarinjar, reader: mod manifest]
[14May2026 16:35:30.037] [main/INFO] [net.neoforged.fml.loading.moddiscovery.ModDiscoverer/SCAN]: Found library file "kotlin-stdlib-jdk8-2.3.0.jar" [parent: kotlinforforge-5.11.0-all.jar, locator: jarinjar]
[14May2026 16:35:30.037] [main/INFO] [net.neoforged.fml.loading.moddiscovery.ModDiscoverer/SCAN]: Found mod file "pridelib-1.2.4+1.21.1-mojmap.jar" [parent: lambdynamiclights-4.8.8+1.21.1-neoforge.jar, locator: jarinjar, reader: mod manifest]
[14May2026 16:35:30.037] [main/INFO] [net.neoforged.fml.loading.moddiscovery.ModDiscoverer/SCAN]: Found library file "kotlinx-serialization-json-jvm-1.9.0.jar" [parent: kotlinforforge-5.11.0-all.jar, locator: jarinjar]
[14May2026 16:35:30.037] [main/INFO] [net.neoforged.fml.loading.moddiscovery.ModDiscoverer/SCAN]: Found mod file "com.kneelawk.extra-mod-integrations.extra-mod-integrations-chipped-neoforge-1.0.3+1.21.1.jar" [parent: extra-mod-integrations-all-neoforge-1.0.3+1.21.1.jar, locator: jarinjar, reader: mod manifest]
[14May2026 16:35:30.037] [main/INFO] [net.neoforged.fml.loading.moddiscovery.ModDiscoverer/SCAN]: Found mod file "fabric-content-registries-v0-8.0.19+5e0d320019.jar" [parent: forgified-fabric-api-0.116.7+2.2.4+1.21.1.jar, locator: jarinjar, reader: mod manifest]
[14May2026 16:35:30.037] [main/INFO] [net.neoforged.fml.loading.moddiscovery.ModDiscoverer/SCAN]: Found gamelibrary file "mixinextras-neoforge-0.5.3.jar" [parent: neoforge-21.1.228-universal.jar, locator: jarinjar, reader: mod manifest]
[14May2026 16:35:30.037] [main/INFO] [net.neoforged.fml.loading.moddiscovery.ModDiscoverer/SCAN]: Found gamelibrary file "yumi-commons-core-1.0.0.jar" [parent: yumi-mc-foundation-1.0.0-beta.1+1.21.1-mojmap.jar, locator: jarinjar, reader: mod manifest]
[14May2026 16:35:30.037] [main/INFO] [net.neoforged.fml.loading.moddiscovery.ModDiscoverer/SCAN]: Found mod file "fabric-game-rule-api-v1-1.0.53+36d727be19.jar" [parent: forgified-fabric-api-0.116.7+2.2.4+1.21.1.jar, locator: jarinjar, reader: mod manifest]
[14May2026 16:35:30.037] [main/INFO] [net.neoforged.fml.loading.moddiscovery.ModDiscoverer/SCAN]: Found mod file "fabric-api-lookup-api-v1-1.6.71+c290471319.jar" [parent: forgified-fabric-api-0.116.7+2.2.4+1.21.1.jar, locator: jarinjar, reader: mod manifest]
[14May2026 16:35:30.037] [main/INFO] [net.neoforged.fml.loading.moddiscovery.ModDiscoverer/SCAN]: Found library file "imageio-metadata-3.12.0.jar" [parent: yet_another_config_lib_v3-3.8.2+1.21.1-neoforge.jar, locator: jarinjar]
[14May2026 16:35:30.037] [main/INFO] [net.neoforged.fml.loading.moddiscovery.ModDiscoverer/SCAN]: Found library file "kotlin-stdlib-2.4.0-Beta2.jar" [parent: ldlib2-neoforge-1.21.1-2.2.7.a-all.jar, locator: jarinjar]
[14May2026 16:35:30.037] [main/INFO] [net.neoforged.fml.loading.moddiscovery.ModDiscoverer/SCAN]: Found library file "taffy-1.1.4.jar" [parent: ldlib2-neoforge-1.21.1-2.2.7.a-all.jar, locator: jarinjar]
[14May2026 16:35:30.037] [main/INFO] [net.neoforged.fml.loading.moddiscovery.ModDiscoverer/SCAN]: Found mod file "fabric-entity-events-v1-1.8.0+5ede667619.jar" [parent: forgified-fabric-api-0.116.7+2.2.4+1.21.1.jar, locator: jarinjar, reader: mod manifest]
[14May2026 16:35:30.037] [main/INFO] [net.neoforged.fml.loading.moddiscovery.ModDiscoverer/SCAN]: Found library file "tomlkt-jvm-0.3.7.jar" [parent: fzzy_config-0.7.6+1.21+neoforge.jar, locator: jarinjar]
[14May2026 16:35:30.037] [main/INFO] [net.neoforged.fml.loading.moddiscovery.ModDiscoverer/SCAN]: Found library file "kaleido-config-0.3.3+1.3.2.jar" [parent: e4mc-neoforge-6.1.0.jar, locator: jarinjar]
[14May2026 16:35:30.037] [main/INFO] [net.neoforged.fml.loading.moddiscovery.ModDiscoverer/SCAN]: Found library file "javassist-3.30.2-GA.jar" [parent: PlayerAnimationLibNeoforge-1.1.4+mc.1.21.1.jar, locator: jarinjar]
[14May2026 16:35:30.037] [main/INFO] [net.neoforged.fml.loading.moddiscovery.ModDiscoverer/SCAN]: Found library file "common-io-3.12.0.jar" [parent: yet_another_config_lib_v3-3.8.2+1.21.1-neoforge.jar, locator: jarinjar]
[14May2026 16:35:30.037] [main/INFO] [net.neoforged.fml.loading.moddiscovery.ModDiscoverer/SCAN]: Found mod file "fabric-loot-api-v2-3.0.15+a3ee712d19.jar" [parent: forgified-fabric-api-0.116.7+2.2.4+1.21.1.jar, locator: jarinjar, reader: mod manifest]
[14May2026 16:35:30.037] [main/INFO] [net.neoforged.fml.loading.moddiscovery.ModDiscoverer/SCAN]: Found mod file "lambdynamiclights-4.8.8+1.21.1-neoforge.jar" [parent: lambdynamiclights-4.8.8+1.21.1.jar, locator: jarinjar, reader: mod manifest]
[14May2026 16:35:30.037] [main/INFO] [net.neoforged.fml.loading.moddiscovery.ModDiscoverer/SCAN]: Found mod file "conditional-mixin-neoforge-0.6.4.jar" [parent: CreateDragonsPlus-1.10.0b.jar, locator: jarinjar, reader: mod manifest]
[14May2026 16:35:30.037] [main/INFO] [net.neoforged.fml.loading.moddiscovery.ModDiscoverer/SCAN]: Found mod file "fabric-loot-api-v3-1.0.3+333dfad919.jar" [parent: forgified-fabric-api-0.116.7+2.2.4+1.21.1.jar, locator: jarinjar, reader: mod manifest]
[14May2026 16:35:30.037] [main/INFO] [net.neoforged.fml.loading.moddiscovery.ModDiscoverer/SCAN]: Found mod file "TRansition-1.0.17-1.21.1-neoforge-SNAPSHOT.jar" [parent: notenoughanimations-neoforge-1.12.2-mc1.21.1.jar, locator: jarinjar, reader: mod manifest]
[14May2026 16:35:30.037] [main/INFO] [net.neoforged.fml.loading.moddiscovery.ModDiscoverer/SCAN]: Found mod file "fabric-rendering-data-attachment-v1-0.3.49+73761d2e19.jar" [parent: forgified-fabric-api-0.116.7+2.2.4+1.21.1.jar, locator: jarinjar, reader: mod manifest]
[14May2026 16:35:30.037] [main/INFO] [net.neoforged.fml.loading.moddiscovery.ModDiscoverer/SCAN]: Found mod file "com.kneelawk.extra-mod-integrations.extra-mod-integrations-isns-neoforge-1.0.3+1.21.1.jar" [parent: extra-mod-integrations-all-neoforge-1.0.3+1.21.1.jar, locator: jarinjar, reader: mod manifest]
[14May2026 16:35:30.037] [main/INFO] [net.neoforged.fml.loading.moddiscovery.ModDiscoverer/SCAN]: Found library file "imageio-webp-3.12.0.jar" [parent: yet_another_config_lib_v3-3.8.2+1.21.1-neoforge.jar, locator: jarinjar]
[14May2026 16:35:30.037] [main/INFO] [net.neoforged.fml.loading.moddiscovery.ModDiscoverer/SCAN]: Found library file "kotlinx-serialization-core-jvm-1.9.0.jar" [parent: kotlinforforge-5.11.0-all.jar, locator: jarinjar]
[14May2026 16:35:30.037] [main/INFO] [net.neoforged.fml.loading.moddiscovery.ModDiscoverer/SCAN]: Found mod file "fabric-networking-api-v1-4.3.0+30a980d919.jar" [parent: forgified-fabric-api-0.116.7+2.2.4+1.21.1.jar, locator: jarinjar, reader: mod manifest]
[14May2026 16:35:30.037] [main/INFO] [net.neoforged.fml.loading.moddiscovery.ModDiscoverer/SCAN]: Found gamelibrary file "Registrate-MC1.21-1.3.0+67.jar" [parent: emiforcreatestock-1.0.4-fix.jar, locator: jarinjar, reader: mod manifest]
[14May2026 16:35:30.037] [main/INFO] [net.neoforged.fml.loading.moddiscovery.ModDiscoverer/SCAN]: Found mod file "com.kneelawk.extra-mod-integrations.extra-mod-integrations-actually-additions-neoforge-1.0.3+1.21.1.jar" [parent: extra-mod-integrations-all-neoforge-1.0.3+1.21.1.jar, locator: jarinjar, reader: mod manifest]
[14May2026 16:35:30.037] [main/INFO] [net.neoforged.fml.loading.moddiscovery.ModDiscoverer/SCAN]: Found mod file "fabric-lifecycle-events-v1-2.6.0+e40d8add19.jar" [parent: forgified-fabric-api-0.116.7+2.2.4+1.21.1.jar, locator: jarinjar, reader: mod manifest]
[14May2026 16:35:30.037] [main/INFO] [net.neoforged.fml.loading.moddiscovery.ModDiscoverer/SCAN]: Found library file "imageio-core-3.12.0.jar" [parent: yet_another_config_lib_v3-3.8.2+1.21.1-neoforge.jar, locator: jarinjar]
[14May2026 16:35:30.037] [main/INFO] [net.neoforged.fml.loading.moddiscovery.ModDiscoverer/SCAN]: Found mod file "fabric-key-binding-api-v1-1.0.47+62cc7ce119.jar" [parent: forgified-fabric-api-0.116.7+2.2.4+1.21.1.jar, locator: jarinjar, reader: mod manifest]
[14May2026 16:35:30.037] [main/INFO] [net.neoforged.fml.loading.moddiscovery.ModDiscoverer/SCAN]: Found mod file "fabric-client-tags-api-v1-1.1.15+e053909619.jar" [parent: forgified-fabric-api-0.116.7+2.2.4+1.21.1.jar, locator: jarinjar, reader: mod manifest]
[14May2026 16:35:30.037] [main/INFO] [net.neoforged.fml.loading.moddiscovery.ModDiscoverer/SCAN]: Found mod file "fabric-transfer-api-v1-5.4.3+a25cb45619.jar" [parent: forgified-fabric-api-0.116.7+2.2.4+1.21.1.jar, locator: jarinjar, reader: mod manifest]
[14May2026 16:35:30.037] [main/INFO] [net.neoforged.fml.loading.moddiscovery.ModDiscoverer/SCAN]: Found mod file "com.kneelawk.extra-mod-integrations.extra-mod-integrations-rechiseled-neoforge-1.0.3+1.21.1.jar" [parent: extra-mod-integrations-all-neoforge-1.0.3+1.21.1.jar, locator: jarinjar, reader: mod manifest]
[14May2026 16:35:30.037] [main/INFO] [net.neoforged.fml.loading.moddiscovery.ModDiscoverer/SCAN]: Found mod file "fabric-model-loading-api-v1-2.1.0+6e8f52c719.jar" [parent: forgified-fabric-api-0.116.7+2.2.4+1.21.1.jar, locator: jarinjar, reader: mod manifest]
[14May2026 16:35:30.037] [main/INFO] [net.neoforged.fml.loading.moddiscovery.ModDiscoverer/SCAN]: Found library file "net.neoforged.neoforge-coremods-21.1.228.jar" [parent: neoforge-21.1.228-universal.jar, locator: jarinjar, reader: mod manifest]
[14May2026 16:35:30.037] [main/INFO] [net.neoforged.fml.loading.moddiscovery.ModDiscoverer/SCAN]: Found mod file "dev.eriksonn.aeronautics.aeronautics-neoforge-1.21.1-1.2.1.jar" [parent: create-aeronautics-bundled-1.21.1-1.2.1.jar, locator: jarinjar, reader: mod manifest]
[14May2026 16:35:30.037] [main/INFO] [net.neoforged.fml.loading.moddiscovery.ModDiscoverer/SCAN]: Found mod file "xaerolib-neoforge-1.21.1-1.1.0.jar" [parent: xaerominimap-neoforge-1.21.1-25.3.10.jar, locator: jarinjar, reader: mod manifest]
[14May2026 16:35:30.037] [main/INFO] [net.neoforged.fml.loading.moddiscovery.ModDiscoverer/SCAN]: Found mod file "fabric-screen-handler-api-v1-1.3.90+8dbc56dd19.jar" [parent: forgified-fabric-api-0.116.7+2.2.4+1.21.1.jar, locator: jarinjar, reader: mod manifest]
[14May2026 16:35:30.037] [main/INFO] [net.neoforged.fml.loading.moddiscovery.ModDiscoverer/SCAN]: Found mod file "fabric-resource-loader-v0-1.3.1+4ea8954419.jar" [parent: forgified-fabric-api-0.116.7+2.2.4+1.21.1.jar, locator: jarinjar, reader: mod manifest]
[14May2026 16:35:30.037] [main/INFO] [net.neoforged.fml.loading.moddiscovery.ModDiscoverer/SCAN]: Found mod file "TRender-1.0.12-1.21.1-neoforge-SNAPSHOT.jar" [parent: notenoughanimations-neoforge-1.12.2-mc1.21.1.jar, locator: jarinjar, reader: mod manifest]
[14May2026 16:35:30.037] [main/INFO] [net.neoforged.fml.loading.moddiscovery.ModDiscoverer/SCAN]: Found mod file "fabric-rendering-v1-5.1.0+1a09bd5a19.jar" [parent: forgified-fabric-api-0.116.7+2.2.4+1.21.1.jar, locator: jarinjar, reader: mod manifest]
[14May2026 16:35:30.037] [main/INFO] [net.neoforged.fml.loading.moddiscovery.ModDiscoverer/SCAN]: Found mod file "fabric-renderer-indigo-1.7.1+9125b6dc19.jar" [parent: forgified-fabric-api-0.116.7+2.2.4+1.21.1.jar, locator: jarinjar, reader: mod manifest]
[14May2026 16:35:30.037] [main/INFO] [net.neoforged.fml.loading.moddiscovery.ModDiscoverer/SCAN]: Found library file "net.caffeinemc.sodium-neoforge-0.6.13+mc1.21.1-service.jar" [parent: sodium-neoforge-0.6.13+mc1.21.1.jar, locator: jarinjar, reader: mod manifest]
[14May2026 16:35:30.037] [main/INFO] [net.neoforged.fml.loading.moddiscovery.ModDiscoverer/SCAN]: Found library file "kotlinx-coroutines-jdk8-1.10.2.jar" [parent: kotlinforforge-5.11.0-all.jar, locator: jarinjar]
[14May2026 16:35:30.038] [main/INFO] [net.neoforged.fml.loading.moddiscovery.ModDiscoverer/SCAN]: Found library file "battery-2.0.0.jar" [parent: dynamic-fps-3.11.4+minecraft-1.21.0-neoforge.jar, locator: jarinjar]
[14May2026 16:35:30.038] [main/INFO] [net.neoforged.fml.loading.moddiscovery.ModDiscoverer/SCAN]: Found mod file "impl-0.8.1.jar" [parent: ok_zoomer-neo-10.0.0-beta.13.jar, locator: jarinjar, reader: mod manifest]
[14May2026 16:35:30.038] [main/INFO] [net.neoforged.fml.loading.moddiscovery.ModDiscoverer/SCAN]: Found library file "molang-compiler-3.1.1.19.jar" [parent: veil-neoforge-1.21.1-4.0.0.jar, locator: jarinjar]
[14May2026 16:35:30.038] [main/INFO] [net.neoforged.fml.loading.moddiscovery.ModDiscoverer/SCAN]: Found mod file "fabric-particles-v1-4.0.2+824f924c19.jar" [parent: forgified-fabric-api-0.116.7+2.2.4+1.21.1.jar, locator: jarinjar, reader: mod manifest]
[14May2026 16:35:30.038] [main/INFO] [net.neoforged.fml.loading.moddiscovery.ModDiscoverer/SCAN]: Found library file "animated-gif-lib-for-java-animated-gif-lib-1.7.jar" [parent: kubejs-neoforge-2101.7.2-build.363.jar, locator: jarinjar]
[14May2026 16:35:30.038] [main/INFO] [net.neoforged.fml.loading.moddiscovery.ModDiscoverer/SCAN]: Found library file "common-image-3.12.0.jar" [parent: yet_another_config_lib_v3-3.8.2+1.21.1-neoforge.jar, locator: jarinjar]
[14May2026 16:35:30.038] [main/INFO] [net.neoforged.fml.loading.moddiscovery.ModDiscoverer/SCAN]: Found mod file "fabric-transitive-access-wideners-v1-6.2.0+6c854b6f19.jar" [parent: forgified-fabric-api-0.116.7+2.2.4+1.21.1.jar, locator: jarinjar, reader: mod manifest]
[14May2026 16:35:30.038] [main/INFO] [net.neoforged.fml.loading.moddiscovery.ModDiscoverer/SCAN]: Found mod file "dev.ryanhcode.offroad.offroad-neoforge-1.21.1-1.2.1.jar" [parent: create-aeronautics-bundled-1.21.1-1.2.1.jar, locator: jarinjar, reader: mod manifest]
[14May2026 16:35:30.038] [main/INFO] [net.neoforged.fml.loading.moddiscovery.ModDiscoverer/SCAN]: Found library file "jankson-1.2.3.jar" [parent: fzzy_config-0.7.6+1.21+neoforge.jar, locator: jarinjar]
[14May2026 16:35:30.038] [main/INFO] [net.neoforged.fml.loading.moddiscovery.ModDiscoverer/SCAN]: Found mod file "fabric-api-base-0.4.42+d1308ded19.jar" [parent: forgified-fabric-api-0.116.7+2.2.4+1.21.1.jar, locator: jarinjar, reader: mod manifest]
[14May2026 16:35:30.038] [main/INFO] [net.neoforged.fml.loading.moddiscovery.ModDiscoverer/SCAN]: Found mod file "fabric-blockrenderlayer-v1-1.1.52+c290471319.jar" [parent: forgified-fabric-api-0.116.7+2.2.4+1.21.1.jar, locator: jarinjar, reader: mod manifest]
[14May2026 16:35:30.038] [main/INFO] [net.neoforged.fml.loading.moddiscovery.ModDiscoverer/SCAN]: Found library file "thedarkcolour.kfflang-5.11.0.jar" [parent: kotlinforforge-5.11.0-all.jar, locator: jarinjar, reader: mod manifest]
[14May2026 16:35:30.038] [main/INFO] [net.neoforged.fml.loading.moddiscovery.ModDiscoverer/SCAN]: Found mod file "fabric-block-api-v1-1.1.0+b0c22bb819.jar" [parent: forgified-fabric-api-0.116.7+2.2.4+1.21.1.jar, locator: jarinjar, reader: mod manifest]
[14May2026 16:35:30.038] [main/INFO] [net.neoforged.fml.loading.moddiscovery.ModDiscoverer/SCAN]: Found mod file "spectrelib-neoforge-0.17.2+1.21.jar" [parent: comforts-neoforge-9.0.5+1.21.1.jar, locator: jarinjar, reader: mod manifest]
[14May2026 16:35:30.038] [main/INFO] [net.neoforged.fml.loading.moddiscovery.ModDiscoverer/SCAN]: Found gamelibrary file "thedarkcolour.kfflib-5.11.0.jar" [parent: kotlinforforge-5.11.0-all.jar, locator: jarinjar, reader: mod manifest]
[14May2026 16:35:30.038] [main/INFO] [net.neoforged.fml.loading.moddiscovery.ModDiscoverer/SCAN]: Found mod file "fabric-resource-conditions-api-v1-4.3.0+5bdd099819.jar" [parent: forgified-fabric-api-0.116.7+2.2.4+1.21.1.jar, locator: jarinjar, reader: mod manifest]
[14May2026 16:35:30.038] [main/INFO] [net.neoforged.fml.loading.moddiscovery.ModDiscoverer/SCAN]: Found mod file "api_neoforge-0.8.1.jar" [parent: ok_zoomer-neo-10.0.0-beta.13.jar, locator: jarinjar, reader: mod manifest]
[14May2026 16:35:30.038] [main/INFO] [net.neoforged.fml.loading.moddiscovery.ModDiscoverer/SCAN]: Found mod file "thedarkcolour.kffmod-5.11.0.jar" [parent: kotlinforforge-5.11.0-all.jar, locator: jarinjar, reader: mod manifest]
[14May2026 16:35:30.038] [main/INFO] [net.neoforged.fml.loading.moddiscovery.ModDiscoverer/SCAN]: Found library file "gson-0.2.1.jar" [parent: yet_another_config_lib_v3-3.8.2+1.21.1-neoforge.jar, locator: jarinjar]
[14May2026 16:35:30.038] [main/INFO] [net.neoforged.fml.loading.moddiscovery.ModDiscoverer/SCAN]: Found library file "kotlin-reflect-2.3.0.jar" [parent: kotlinforforge-5.11.0-all.jar, locator: jarinjar]
[14May2026 16:35:30.038] [main/INFO] [net.neoforged.fml.loading.moddiscovery.ModDiscoverer/SCAN]: Found mod file "sable-companion-common-1.21.1-1.6.0.jar" [parent: sable-neoforge-1.21.1-1.2.2.jar, locator: jarinjar, reader: mod manifest]
[14May2026 16:35:30.038] [main/INFO] [net.neoforged.fml.loading.moddiscovery.ModDiscoverer/SCAN]: Found mod file "flywheel-neoforge-1.21.1-1.0.6.jar" [parent: create-1.21.1-6.0.10.jar, locator: jarinjar, reader: mod manifest]
[14May2026 16:35:30.038] [main/INFO] [net.neoforged.fml.loading.moddiscovery.ModDiscoverer/SCAN]: Found mod file "fabric-item-group-api-v1-4.1.7+e324903319.jar" [parent: forgified-fabric-api-0.116.7+2.2.4+1.21.1.jar, locator: jarinjar, reader: mod manifest]
[14May2026 16:35:30.038] [main/INFO] [net.neoforged.fml.loading.moddiscovery.ModDiscoverer/SCAN]: Found library file "yoga-1.0.0.jar" [parent: ldlib2-neoforge-1.21.1-2.2.7.a-all.jar, locator: jarinjar]
[14May2026 16:35:30.038] [main/INFO] [net.neoforged.fml.loading.moddiscovery.ModDiscoverer/SCAN]: Found mod file "fabric-gametest-api-v1-2.0.5+29f188ce19.jar" [parent: forgified-fabric-api-0.116.7+2.2.4+1.21.1.jar, locator: jarinjar, reader: mod manifest]
[14May2026 16:35:30.038] [main/INFO] [net.neoforged.fml.loading.moddiscovery.ModDiscoverer/SCAN]: Found mod file "spruceui-6.2.5+1.21.1-mojmap.jar" [parent: lambdynamiclights-4.8.8+1.21.1-neoforge.jar, locator: jarinjar, reader: mod manifest]
[14May2026 16:35:30.038] [main/INFO] [net.neoforged.fml.loading.moddiscovery.ModDiscoverer/SCAN]: Found mod file "yumi-mc-foundation-1.0.0-beta.1+1.21.1-mojmap.jar" [parent: lambdynamiclights-4.8.8+1.21.1-neoforge.jar, locator: jarinjar, reader: mod manifest]
[14May2026 16:35:30.038] [main/INFO] [net.neoforged.fml.loading.moddiscovery.ModDiscoverer/SCAN]: Found mod file "fabric-biome-api-v1-13.0.31+1e62d33c19.jar" [parent: forgified-fabric-api-0.116.7+2.2.4+1.21.1.jar, locator: jarinjar, reader: mod manifest]
[14May2026 16:35:30.038] [main/INFO] [net.neoforged.fml.loading.moddiscovery.ModDiscoverer/SCAN]: Found library file "json-0.2.1.jar" [parent: yet_another_config_lib_v3-3.8.2+1.21.1-neoforge.jar, locator: jarinjar]
[14May2026 16:35:30.038] [main/INFO] [net.neoforged.fml.loading.moddiscovery.ModDiscoverer/SCAN]: Found mod file "fabric-registry-sync-v0-5.3.1+f9aace1619.jar" [parent: forgified-fabric-api-0.116.7+2.2.4+1.21.1.jar, locator: jarinjar, reader: mod manifest]
[14May2026 16:35:30.038] [main/INFO] [net.neoforged.fml.loading.moddiscovery.ModDiscoverer/SCAN]: Found mod file "better-advanced-tooltips-2101.1.0-build.1.jar" [parent: kubejs-neoforge-2101.7.2-build.363.jar, locator: jarinjar, reader: mod manifest]
[14May2026 16:35:30.038] [main/INFO] [net.neoforged.fml.loading.moddiscovery.ModDiscoverer/SCAN]: Found mod file "lambdynamiclights-api-4.8.8+1.21.1-mojmap.jar" [parent: lambdynamiclights-4.8.8+1.21.1-neoforge.jar, locator: jarinjar, reader: mod manifest]
[14May2026 16:35:30.038] [main/INFO] [net.neoforged.fml.loading.moddiscovery.ModDiscoverer/SCAN]: Found mod file "fabric-recipe-api-v1-5.0.15+59440bcc19.jar" [parent: forgified-fabric-api-0.116.7+2.2.4+1.21.1.jar, locator: jarinjar, reader: mod manifest]
[14May2026 16:35:30.038] [main/INFO] [net.neoforged.fml.loading.moddiscovery.ModDiscoverer/SCAN]: Found mod file "com.kneelawk.extra-mod-integrations.extra-mod-integrations-farmers-delight-neoforge-1.0.3+1.21.1.jar" [parent: extra-mod-integrations-all-neoforge-1.0.3+1.21.1.jar, locator: jarinjar, reader: mod manifest]
[14May2026 16:35:30.038] [main/INFO] [net.neoforged.fml.loading.moddiscovery.ModDiscoverer/SCAN]: Found mod file "fabric-object-builder-api-v1-15.2.1+cc242efd19.jar" [parent: forgified-fabric-api-0.116.7+2.2.4+1.21.1.jar, locator: jarinjar, reader: mod manifest]
[14May2026 16:35:30.038] [main/INFO] [net.neoforged.fml.loading.moddiscovery.ModDiscoverer/SCAN]: Found gamelibrary file "mochafloats-4.1.0.jar" [parent: PlayerAnimationLibNeoforge-1.1.4+mc.1.21.1.jar, locator: jarinjar, reader: mod manifest]
[14May2026 16:35:30.038] [main/INFO] [net.neoforged.fml.loading.moddiscovery.ModDiscoverer/SCAN]: Found mod file "fabric-sound-api-v1-1.0.23+10b84f8419.jar" [parent: forgified-fabric-api-0.116.7+2.2.4+1.21.1.jar, locator: jarinjar, reader: mod manifest]
[14May2026 16:35:30.038] [main/INFO] [net.neoforged.fml.loading.moddiscovery.ModDiscoverer/SCAN]: Found mod file "fabric-message-api-v1-6.0.14+6a754fce19.jar" [parent: forgified-fabric-api-0.116.7+2.2.4+1.21.1.jar, locator: jarinjar, reader: mod manifest]
[14May2026 16:35:30.038] [main/INFO] [net.neoforged.fml.loading.moddiscovery.ModDiscoverer/SCAN]: Found library file "tiny-java-server-1.0.0-build.33.jar" [parent: kubejs-neoforge-2101.7.2-build.363.jar, locator: jarinjar]
[14May2026 16:35:30.038] [main/INFO] [net.neoforged.fml.loading.moddiscovery.ModDiscoverer/SCAN]: Found library file "common-lang-3.12.0.jar" [parent: yet_another_config_lib_v3-3.8.2+1.21.1-neoforge.jar, locator: jarinjar]
[14May2026 16:35:30.038] [main/INFO] [net.neoforged.fml.loading.moddiscovery.ModDiscoverer/SCAN]: Found mod file "com.kneelawk.extra-mod-integrations.extra-mod-integrations-core-neoforge-1.0.3+1.21.1.jar" [parent: extra-mod-integrations-all-neoforge-1.0.3+1.21.1.jar, locator: jarinjar, reader: mod manifest]
[14May2026 16:35:30.038] [main/INFO] [net.neoforged.fml.loading.moddiscovery.ModDiscoverer/SCAN]: Found mod file "fabric-data-generation-api-v1-20.2.34+a4c3605619.jar" [parent: forgified-fabric-api-0.116.7+2.2.4+1.21.1.jar, locator: jarinjar, reader: mod manifest]
[14May2026 16:35:30.038] [main/INFO] [net.neoforged.fml.loading.moddiscovery.ModDiscoverer/SCAN]: Found mod file "fabric-events-interaction-v0-0.7.13+86e0887119.jar" [parent: forgified-fabric-api-0.116.7+2.2.4+1.21.1.jar, locator: jarinjar, reader: mod manifest]
[14May2026 16:35:30.129] [main/INFO] [org.sinytra.connector.locator.FabricModsDiscoverer/SCAN]: Fabric mod metadata not found in jar kotlinforforge.all, ignoring
[14May2026 16:35:30.179] [main/INFO] [org.sinytra.connector.locator.DependencyResolver/]: Dependency resolution found 1 candidates to load
[14May2026 16:35:30.290] [main/INFO] [net.neoforged.fml.loading.moddiscovery.ModDiscoverer/SCAN]: Found mod file "continuity-3.0.0+1.21.neoforge_mapped_moj_1.21.1.jar" [locator: org.sinytra.connector.locator.ConnectorLocator@9257031]
[14May2026 16:35:30.302] [main/INFO] [net.neoforged.fml.loading.moddiscovery.locators.JarInJarDependencyLocator/]: Found 2 dependencies adding them to mods collection
[14May2026 16:35:30.302] [main/INFO] [net.neoforged.fml.loading.moddiscovery.ModDiscoverer/SCAN]: Found mod file "org.sinytra.connector-2.0.0-beta.14+1.21.1-mod.jar" [parent: , locator: org.sinytra.connector.locator.ConnectorLocator@9257031, reader: mod manifest]
[14May2026 16:35:30.302] [main/INFO] [net.neoforged.fml.loading.moddiscovery.ModDiscoverer/SCAN]: Found gamelibrary file "runtime-1.0.0+1.21.1.jar" [parent: , locator: org.sinytra.connector.locator.ConnectorLocator@9257031, reader: mod manifest]
[14May2026 16:35:30.306] [main/INFO] [net.neoforged.fml.loading.moddiscovery.ModDiscoverer/]: 
     Mod List:
		Name Version (Mod Id)

		3d-Skin-Layers 1.11.1 (skinlayers3d)
		AlmostUnified 1.21.1-1.4.1 (almostunified)
		AppleSkin 3.0.9+mc1.21 (appleskin)
		Architectury 13.0.8 (architectury)
		Balm 21.0.57 (balm)
		Better Advanced Tooltips 2101.1.0-build.1 (betteradvancedtooltips)
		BetterF3 11.0.3 (betterf3)
		Cloth Config v15 API 15.0.140 (cloth_config)
		Comforts 9.0.5+1.21.1 (comforts)
		conditional mixin 0.6.4 (conditional_mixin)
		Continuity 3.0.0_1.21.neoforge (continuity)
		Controlling 19.0.5 (controlling)
		Crafting Tweaks 21.1.10 (craftingtweaks)
		Create 6.0.10 (create)
		Create Aeronautics 1.2.1 (aeronautics_bundled)
		Create Aeronautics 1.2.1 (aeronautics)
		Create Bits 'n' Bobs 0.0.44 (bits_n_bobs)
		Create cobblestone 1.4.9+neoforge-1.21.1-130 (createcobblestone)
		Create Crafts & Additions 1.5.10 (createaddition)
		Create Deco 2.1.3 (createdeco)
		Create Liquid Fuel 2.1.1-1.21.1 (createliquidfuel)
		Create Metallurgy 1.0.2 (createmetallurgy)
		Create Offroad 1.2.1 (offroad)
		Create Ore Excavation 1.6.8 (createoreexcavation)
		Create ore excavation Plus 0.2.5 (create_ore_excavation_plus)
		Create Simulated 1.2.1 (simulated)
		Create Stuff 'N Additions 2.1.0. (create_sa)
		Create Stuff and Addition Tank Fix 1.3 (createsa_tank_fix)
		Create: Big Contraptions 1.0 (bigcontraptions)
		Create: Connected 1.1.14-mc1.21.1 (create_connected)
		Create: Copycats+ 3.0.4+mc.1.21.1-neoforge (copycats)
		Create: Cosmonautics 1.3.8 (rocketnautics)
		Create: Delete and Repeat 1.1.0 (create_delete_and_repeat)
		Create: Dragons Plus 1.10.0b (create_dragons_plus)
		Create: Dreams n' Desires 2.3a-BETA (dndesires)
		Create: EMI Schematics 1.1.0 (emi_create_schematics)
		Create: Enchantment Industry 2.3.1 (create_enchantment_industry)
		Create: Mixed Casing 1.1.1 (create_mixed_casing)
		Create: Steam 'n' Rails 1.21.1 0.2.0-beta.2+neoforge-mc1.21.1 (railways)
		Create: The Factory Must Grow 1.2.0 (tfmg)
		Create: Threaded Trains 1.0.0 (createthreadedtrains)
		Create: Trimmed 1.0.1 (create_trimmed)
		Create: Ultimate Factory 2.2.4 (create_ultimate_factory)
		Create: Vibrant Vaults 0.3.2 (create_vibrant_vaults)
		Curios API 9.5.1+1.21.1 (curios)
		Design n' Decor 2.1.0 (dndecor)
		Dynamic FPS 3.11.4 (dynamic_fps)
		e4mc 6.1.0 (e4mc)
		EMI 1.1.22+1.21.1+neoforge (emi)
		EMI Enchanting 0.1.2+1.21+neoforge (emi_enchanting)
		EMI For Create Stock 1.0.4 (emiforcreatestock)
		EMI Loot 0.7.9+1.21+neoforge (emi_loot)
		EMI Ores 1.2+1.21.1+neoforge (emi_ores)
		EMI Professions (EMIP) 1.0.3 (emiprofessions)
		EMI++ 1.2.3 (emixx)
		emi-letsdo-compat 2.0.1 (emi_letsdo_compat)
		EMIffect 2.1.6+mc1.21.1 (emiffect)
		EntityCulling 1.10.1 (entityculling)
		ExMI Actually Additions 1.0.3+1.21.1 (extra_mod_integrations_actually_additions)
		ExMI Chipped 1.0.3+1.21.1 (extra_mod_integrations_chipped)
		ExMI Farmer's Delight 1.0.3+1.21.1 (extra_mod_integrations_farmers_delight)
		ExMI Iron's Spells 'n Spellbooks 1.0.3+1.21.1 (extra_mod_integrations_irons_spellbooks)
		ExMI PneumaticCraft 1.0.3+1.21.1 (extra_mod_integrations_pneumaticcraft)
		ExMI Rechiseled 1.0.3+1.21.1 (extra_mod_integrations_rechiseled)
		ExMI Reliquary 1.0.3+1.21.1 (extra_mod_integrations_reliquary)
		Exposure 1.9.16 (exposure)
		Exposure Catalog 1.1.1 (exposure_catalog)
		Extra Mod Integrations 1.0.3+1.21.1 (extra_mod_integrations)
		Extra Mod Integrations Core 1.0.3+1.21.1 (extra_mod_integrations_core)
		Ferrite Core 7.0.3 (ferritecore)
		Flywheel 1.0.6 (flywheel)
		Forgified Fabric API 0.116.7+2.2.4+1.21.1 (fabric_api)
		Forgified Fabric API Base 0.4.42+d1308ded19 (fabric_api_base)
		Forgified Fabric API Lookup API (v1) 1.6.71+c290471319 (fabric_api_lookup_api_v1)
		Forgified Fabric Biome API (v1) 13.0.31+1e62d33c19 (fabric_biome_api_v1)
		Forgified Fabric Block API (v1) 1.1.0+b0c22bb819 (fabric_block_api_v1)
		Forgified Fabric BlockRenderLayer Registration (v1) 1.1.52+c290471319 (fabric_blockrenderlayer_v1)
		Forgified Fabric BlockView API (v2) 1.0.11+e9036fd419 (fabric_block_view_api_v2)
		Forgified Fabric Client Tags 1.1.15+e053909619 (fabric_client_tags_api_v1)
		Forgified Fabric Command API (v2) 2.2.28+36d727be19 (fabric_command_api_v2)
		Forgified Fabric Content Registries (v0) 8.0.19+5e0d320019 (fabric_content_registries_v0)
		Forgified Fabric Convention Tags 2.1.5+7f945d5b19 (fabric_convention_tags_v1)
		Forgified Fabric Convention Tags (v2) 2.11.1+87e5848019 (fabric_convention_tags_v2)
		Forgified Fabric Data Attachment API (v1) 1.4.5+26d408aa19 (fabric_data_attachment_api_v1)
		Forgified Fabric Data Generation API (v1) 20.2.34+a4c3605619 (fabric_data_generation_api_v1)
		Forgified Fabric Entity Events (v1) 1.8.0+5ede667619 (fabric_entity_events_v1)
		Forgified Fabric Events Interaction (v0) 0.7.13+86e0887119 (fabric_events_interaction_v0)
		Forgified Fabric Game Rule API (v1) 1.0.53+36d727be19 (fabric_game_rule_api_v1)
		Forgified Fabric Game Test API (v1) 2.0.5+29f188ce19 (fabric_gametest_api_v1)
		Forgified Fabric Item API (v1) 11.2.0+0c57911319 (fabric_item_api_v1)
		Forgified Fabric Item Group API (v1) 4.1.7+e324903319 (fabric_item_group_api_v1)
		Forgified Fabric Key Binding API (v1) 1.0.47+62cc7ce119 (fabric_key_binding_api_v1)
		Forgified Fabric Lifecycle Events (v1) 2.6.0+e40d8add19 (fabric_lifecycle_events_v1)
		Forgified Fabric Loot API (v2) 3.0.15+a3ee712d19 (fabric_loot_api_v2)
		Forgified Fabric Loot API (v3) 1.0.3+333dfad919 (fabric_loot_api_v3)
		Forgified Fabric Message API (v1) 6.0.14+6a754fce19 (fabric_message_api_v1)
		Forgified Fabric Model Loading API (v1) 2.1.0+6e8f52c719 (fabric_model_loading_api_v1)
		Forgified Fabric Networking API (v1) 4.3.0+30a980d919 (fabric_networking_api_v1)
		Forgified Fabric Object Builder API (v1) 15.2.1+cc242efd19 (fabric_object_builder_api_v1)
		Forgified Fabric Particles (v1) 4.0.2+824f924c19 (fabric_particles_v1)
		Forgified Fabric Recipe API (v1) 5.0.15+59440bcc19 (fabric_recipe_api_v1)
		Forgified Fabric Registry Sync (v0) 5.3.1+f9aace1619 (fabric_registry_sync_v0)
		Forgified Fabric Renderer - Indigo 1.7.1+9125b6dc19 (fabric_renderer_indigo)
		Forgified Fabric Renderer API (v1) 3.4.1+9125b6dc19 (fabric_renderer_api_v1)
		Forgified Fabric Rendering (v1) 5.1.0+1a09bd5a19 (fabric_rendering_v1)
		Forgified Fabric Rendering Data Attachment (v1) 0.3.49+73761d2e19 (fabric_rendering_data_attachment_v1)
		Forgified Fabric Rendering Fluids (v1) 3.1.6+a51883b219 (fabric_rendering_fluids_v1)
		Forgified Fabric Resource Conditions API (v1) 4.3.0+5bdd099819 (fabric_resource_conditions_api_v1)
		Forgified Fabric Resource Loader (v0) 1.3.1+4ea8954419 (fabric_resource_loader_v0)
		Forgified Fabric Screen API (v1) 2.0.25+0ae1214819 (fabric_screen_api_v1)
		Forgified Fabric Screen Handler API (v1) 1.3.90+8dbc56dd19 (fabric_screen_handler_api_v1)
		Forgified Fabric Sound API (v1) 1.0.23+10b84f8419 (fabric_sound_api_v1)
		Forgified Fabric Transfer API (v1) 5.4.3+a25cb45619 (fabric_transfer_api_v1)
		Forgified Fabric Transitive Access Wideners (v1) 6.2.0+6c854b6f19 (fabric_transitive_access_wideners_v1)
		Fridge's Dash 0.1.1 (fridgedash)
		Fusion 1.2.12 (fusion)
		Fzzy Config 0.7.6+1.21+neoforge (fzzy_config)
		GeckoLib 4 4.8.4 (geckolib)
		Jade 15.10.5+neoforge (jade)
		Joy of Painting 1.21.1-1.1.2 (xercapaint)
		Just Enough Items 19.27.0.340 (jei)
		Kotlin For Forge 5.11.0 (kotlinforforge)
		KubeJS 2101.7.2-build.363 (kubejs)
		KubeJS Create 2101.3.1-build.18 (kubejs_create)
		KumaAPI 21.0.8 (kuma_api)
		LambDynamicLights 4.8.8+1.21.1 (lambdynlights)
		LambDynamicLights (API) 4.8.8+1.21.1 (lambdynlights_api)
		LambDynamicLights (Runtime) 4.8.8+1.21.1 (lambdynlights_runtime)
		Lithium 0.15.3+mc1.21.1 (lithium)
		LowDragLib2 2.2.7.a (ldlib2)
		Minecraft 1.21.1 (minecraft)
		ModernFix 5.27.4+mc1.21.1 (modernfix)
		Moonlight Lib 1.21.1-3.0.5 (moonlight)
		Mouse Tweaks 2.26.1 (mousetweaks)
		Mymod 1.0.0 (mymod)
		NeoForge 21.1.228 (neoforge)
		No Chat Reports 1.21.1-v2.9.1 (nochatreports)
		NotEnoughAnimations 1.12.2 (notenoughanimations)
		Ok Zoomer 10.0.0-beta.13 (ok_zoomer)
		Paxi 1.21.1-NeoForge-5.1.3 (paxi)
		Photon 2.1.4 (photon)
		Platform 1.3 (platform)
		Player Animation Library 1.1.4+mc.1.21.1 (player_animation_library)
		Polymorph 1.1.0+1.21.1 (polymorph)
		Ponder 1.0.82+mc1.21.1 (ponder)
		Pride Lib 1.2.4+1.21.1 (pride)
		Reese's Sodium Options 1.8.3+mc1.21.4 (reeses_sodium_options)
		Rhino 2101.2.7-build.81 (rhino)
		Sable 1.2.2 (sable)
		Sable Companion 1.6.0 (sablecompanion)
		Sable: Physics Compat 1.3.0 (sablephysicscompat)
		Searchables 1.0.2 (searchables)
		ShulkerBoxTooltip 5.1.9+1.21.1 (shulkerboxtooltip)
		Simple Voice Chat 1.21.1-2.6.17 (voicechat)
		Sinytra Connector 2.0.0-beta.14+1.21.1 (connector)
		Sodium 0.6.13+mc1.21.1 (sodium)
		Sodium Extra 0.6.0+mc1.21.1 (sodium_extra)
		Sophisticated Backpacks 3.25.44 (sophisticatedbackpacks)
		Sophisticated Core 1.4.36 (sophisticatedcore)
		SpectreLib 0.17.2+1.21 (spectrelib)
		SpruceUI 6.2.5+1.21.1 (spruceui)
		Structurify 2.0.22 (structurify)
		SuperMartijn642's Config Library 1.1.8 (supermartijn642configlib)
		SuperMartijn642's Core Lib 1.1.21 (supermartijn642corelib)
		TerraBlender 4.1.0.8 (terrablender)
		TRansition 1.0.17 (transition)
		TRender 1.0.12 (trender)
		VanillaBackport 1.1.6.3 (vanillabackport)
		Veil 4.0.0 (veil)
		Wrench Wrapper 0.8.1 (wrench_wrapper)
		Wrench Wrapper (Backend) 0.8.1 (wrench_wrapper_backend)
		Xaero's Minimap 25.3.10 (xaerominimap)
		Xaero's World Map 1.40.11 (xaeroworldmap)
		XaeroLib 1.1.0 (xaerolib)
		YetAnotherConfigLib 3.8.2+1.21.1-neoforge (yet_another_config_lib_v3)
		Yumi Minecraft Libraries: Foundation 1.0.0-beta.1+1.21.1 (yumi_mc_core)
		YUNG's API 1.21.1-NeoForge-5.1.6 (yungsapi)
[14May2026 16:35:30.363] [main/ERROR] [net.neoforged.fml.loading.moddiscovery.ModFile/LOADING]: Access transformer file META-INF/accesstransformer.cfg provided by mod pride does not exist!
[14May2026 16:35:30.639] [main/INFO] [org.sinytra.connector.service.hacks.ModuleLayerMigrator/]: Successfully made module authlib transformable
[14May2026 16:35:30.640] [main/INFO] [org.sinytra.connector.service.hacks.ModuleLayerMigrator/]: Successfully made module brigadier transformable
[14May2026 16:35:30.643] [main/INFO] [net.neoforged.fml.loading.FMLServiceProvider/CORE]: Loading coremod script-engine for [xaeroworldmap, xaerominimap]
[14May2026 16:35:31.592] [main/INFO] [mixin/]: Compatibility level set to JAVA_17
[14May2026 16:35:31.593] [main/INFO] [mixin/]: Compatibility level set to JAVA_21
[14May2026 16:35:31.676] [main/INFO] [cpw.mods.modlauncher.LaunchServiceHandler/MODLAUNCHER]: Launching target 'forgeclient' with arguments [--version, 1.21.1, --gameDir, /home/rasgajag/.local/share/PrismLauncher/instances/cregalatla/minecraft, --assetsDir, /home/rasgajag/.local/share/PrismLauncher/assets, --uuid, 9397525463dd4c13baa831b73203e54a, --username, Rasgajag, --assetIndex, 17, --accessToken, ❄❄❄❄❄❄❄❄, --userType, msa, --versionType, release, --width, 854, --height, 480]
[14May2026 16:35:31.688] [main/WARN] [mixin/]: Reference map 'kuma_api.refmap.json' for kuma_api.mixins.json could not be read. If this is a development environment you can ignore this message
[14May2026 16:35:31.700] [main/INFO] [Sodium Extra Config/]: Loaded configuration file for Sodium Extra: 36 options available, 0 override(s) found
[14May2026 16:35:31.701] [main/WARN] [mixin/]: Reference map 'sodium-extra.refmap.json' for sodium-extra.mixins.json could not be read. If this is a development environment you can ignore this message
[14May2026 16:35:31.701] [main/WARN] [mixin/]: Reference map 'geckolib.refmap.json' for geckolib.mixins.json could not be read. If this is a development environment you can ignore this message
[14May2026 16:35:31.703] [main/WARN] [mixin/]: Reference map 'xaeroworldmap.refmap.json' for xaeroworldmap.mixins.json could not be read. If this is a development environment you can ignore this message
[14May2026 16:35:31.703] [main/WARN] [mixin/]: Reference map 'controlling.refmap.json' for controlling.mixins.json could not be read. If this is a development environment you can ignore this message
[14May2026 16:35:31.704] [main/WARN] [mixin/]: Reference map 'controlling.refmap.json' for controlling.neoforge.mixins.json could not be read. If this is a development environment you can ignore this message
[14May2026 16:35:31.733] [main/INFO] [ModernFix/]: Loaded configuration file for ModernFix 5.27.4+mc1.21.1: 88 options available, 0 override(s) found
[14May2026 16:35:31.733] [main/INFO] [ModernFix/]: Applying Nashorn fix
[14May2026 16:35:31.734] [main/INFO] [ModernFix/]: Configuring Minecraft's max.bg.threads option with 21 threads
[14May2026 16:35:31.734] [main/WARN] [mixin/]: Reference map 'modernfix.refmap.json' for modernfix-modernfix.mixins.json could not be read. If this is a development environment you can ignore this message
[14May2026 16:35:31.742] [main/WARN] [mixin/]: Reference map '' for createsa_tank_fix.mixins.json could not be read. If this is a development environment you can ignore this message
[14May2026 16:35:31.744] [main/WARN] [mixin/]: Reference map 'yungsapi.refmap.json' for yungsapi.mixins.json could not be read. If this is a development environment you can ignore this message
[14May2026 16:35:31.745] [main/WARN] [mixin/]: Reference map 'emiforcreatestock.refmap.json' for emiforcreatestock.mixins.json could not be read. If this is a development environment you can ignore this message
[14May2026 16:35:31.751] [main/WARN] [mixin/]: Reference map 'veil.refmap.json' for veil.command.mixins.json could not be read. If this is a development environment you can ignore this message
[14May2026 16:35:31.752] [main/WARN] [mixin/]: Reference map 'veil.refmap.json' for veil.debug.mixins.json could not be read. If this is a development environment you can ignore this message
[14May2026 16:35:31.752] [main/WARN] [mixin/]: Reference map 'veil.refmap.json' for veil.dynamicbuffer.mixins.json could not be read. If this is a development environment you can ignore this message
[14May2026 16:35:31.753] [main/WARN] [mixin/]: Reference map 'veil.refmap.json' for veil.fix.mixins.json could not be read. If this is a development environment you can ignore this message
[14May2026 16:35:31.754] [main/WARN] [mixin/]: Reference map 'veil.refmap.json' for veil.framebuffer.mixins.json could not be read. If this is a development environment you can ignore this message
[14May2026 16:35:31.754] [main/WARN] [mixin/]: Reference map 'veil.refmap.json' for veil.necromancer.mixins.json could not be read. If this is a development environment you can ignore this message
[14May2026 16:35:31.754] [main/WARN] [mixin/]: Reference map 'veil.refmap.json' for veil.network.mixins.json could not be read. If this is a development environment you can ignore this message
[14May2026 16:35:31.755] [main/WARN] [mixin/]: Reference map 'veil.refmap.json' for veil.performance.mixins.json could not be read. If this is a development environment you can ignore this message
[14May2026 16:35:31.755] [main/WARN] [mixin/]: Reference map 'veil.refmap.json' for veil.perspective.mixins.json could not be read. If this is a development environment you can ignore this message
[14May2026 16:35:31.756] [main/WARN] [mixin/]: Reference map 'veil.refmap.json' for veil.pipeline.mixins.json could not be read. If this is a development environment you can ignore this message
[14May2026 16:35:31.756] [main/WARN] [mixin/]: Reference map 'veil.refmap.json' for veil.quasar.mixins.json could not be read. If this is a development environment you can ignore this message
[14May2026 16:35:31.757] [main/WARN] [mixin/]: Reference map 'veil.refmap.json' for veil.registry.mixins.json could not be read. If this is a development environment you can ignore this message
[14May2026 16:35:31.757] [main/WARN] [mixin/]: Reference map 'veil.refmap.json' for veil.rendertype.mixins.json could not be read. If this is a development environment you can ignore this message
[14May2026 16:35:31.757] [main/WARN] [mixin/]: Reference map 'veil.refmap.json' for veil.resource.mixins.json could not be read. If this is a development environment you can ignore this message
[14May2026 16:35:31.757] [main/WARN] [mixin/]: Reference map 'veil.refmap.json' for veil.scheduler.mixins.json could not be read. If this is a development environment you can ignore this message
[14May2026 16:35:31.758] [main/WARN] [mixin/]: Reference map 'veil.refmap.json' for veil.shader.mixins.json could not be read. If this is a development environment you can ignore this message
[14May2026 16:35:31.758] [main/WARN] [mixin/]: Reference map 'veil.refmap.json' for veil.neoforge.mixins.json could not be read. If this is a development environment you can ignore this message
[14May2026 16:35:31.758] [main/WARN] [mixin/]: Reference map 'simulated.refmap.json' for simulated.mixins.json could not be read. If this is a development environment you can ignore this message
[14May2026 16:35:31.759] [main/WARN] [mixin/]: Reference map 'balm.refmap.json' for balm.mixins.json could not be read. If this is a development environment you can ignore this message
[14May2026 16:35:31.805] [main/WARN] [mixin/]: Reference map 'create_connected.refmap.json' for create_connected.mixins.json could not be read. If this is a development environment you can ignore this message
[14May2026 16:35:31.810] [main/WARN] [mixin/]: Reference map 'supermartijn642corelib.mixins.refmap.json' for supermartijn642corelib.mixins.json could not be read. If this is a development environment you can ignore this message
[14May2026 16:35:31.811] [main/WARN] [mixin/]: Reference map 'reeses-sodium-options.refmap.json' for reeses-sodium-options.mixins.json could not be read. If this is a development environment you can ignore this message
[14May2026 16:35:31.811] [main/WARN] [mixin/]: Reference map 'curios.refmap.json' for curios.neoforge.mixins.json could not be read. If this is a development environment you can ignore this message
[14May2026 16:35:31.812] [main/WARN] [mixin/]: Reference map 'curios.refmap.json' for curios.mixins.json could not be read. If this is a development environment you can ignore this message
[14May2026 16:35:31.812] [main/WARN] [mixin/]: Reference map 'searchables.refmap.json' for searchables.mixins.json could not be read. If this is a development environment you can ignore this message
[14May2026 16:35:31.812] [main/WARN] [mixin/]: Reference map 'searchables.refmap.json' for searchables.neoforge.mixins.json could not be read. If this is a development environment you can ignore this message
[14May2026 16:35:31.813] [main/WARN] [mixin/]: Reference map 'CreateLiquidFuel.refmap.json' for createliquidfuel.mixins.json could not be read. If this is a development environment you can ignore this message
[14May2026 16:35:31.844] [main/WARN] [mixin/]: Reference map '${mod_id}.refmap.json' for bits_n_bobs.mixins.json could not be read. If this is a development environment you can ignore this message
[14May2026 16:35:31.848] [main/WARN] [mixin/]: Reference map 'structurify.refmap.json' for structurify-common.mixins.json could not be read. If this is a development environment you can ignore this message
[14May2026 16:35:31.848] [main/WARN] [mixin/]: Reference map 'structurify.refmap.json' for structurify-neoforge.mixins.json could not be read. If this is a development environment you can ignore this message
[14May2026 16:35:31.849] [main/WARN] [mixin/]: Reference map 'xaerolib.refmap.json' for xaerolib.mixins.json could not be read. If this is a development environment you can ignore this message
[14May2026 16:35:31.859] [main/INFO] [LithiumConfig/]: Option 'mixin.experimental.entity.block_caching.suffocation' requires 'mixin.util.block_tracking=true' but found 'false'. Setting 'mixin.experimental.entity.block_caching.suffocation=false'.
[14May2026 16:35:31.859] [main/INFO] [LithiumConfig/]: Option 'mixin.experimental.entity.block_caching.block_support' requires 'mixin.util.block_tracking=true' but found 'false'. Setting 'mixin.experimental.entity.block_caching.block_support=false'.
[14May2026 16:35:31.859] [main/INFO] [LithiumConfig/]: Option 'mixin.experimental.entity.block_caching.block_touching' requires 'mixin.util.block_tracking=true' but found 'false'. Setting 'mixin.experimental.entity.block_caching.block_touching=false'.
[14May2026 16:35:31.859] [main/INFO] [LithiumConfig/]: Option 'mixin.experimental.entity.block_caching' requires 'mixin.util.block_tracking=true' but found 'false'. Setting 'mixin.experimental.entity.block_caching=false'.
[14May2026 16:35:31.859] [main/INFO] [Lithium/]: Loaded configuration file for Lithium: 148 options available, 4 override(s) found
[14May2026 16:35:31.863] [main/WARN] [mixin/]: Reference map 'aeronautics.refmap.json' for aeronautics.mixins.json could not be read. If this is a development environment you can ignore this message
[14May2026 16:35:31.866] [main/WARN] [mixin/]: Reference map 'paxi.refmap.json' for paxi.mixins.json could not be read. If this is a development environment you can ignore this message
[14May2026 16:35:31.866] [main/WARN] [mixin/]: Reference map 'paxi.refmap.json' for paxi_neoforge.mixins.json could not be read. If this is a development environment you can ignore this message
[14May2026 16:35:31.867] [main/WARN] [mixin/]: Reference map 'comforts.refmap.json' for comforts.mixins.json could not be read. If this is a development environment you can ignore this message
[14May2026 16:35:31.873] [main/INFO] [Sodium/]: Loaded configuration file for Sodium: 43 options available, 0 override(s) found
[14May2026 16:35:31.875] [main/WARN] [mixin/]: Reference map 'skinlayers3d.refmap.mixins.json' for skinlayers3d.mixins.json could not be read. If this is a development environment you can ignore this message
[14May2026 16:35:31.875] [main/WARN] [mixin/]: Reference map 'tfmg.refmap.json' for tfmg.mixins.json could not be read. If this is a development environment you can ignore this message
[14May2026 16:35:31.876] [main/WARN] [mixin/]: Reference map 'offroad.refmap.json' for offroad.mixins.json could not be read. If this is a development environment you can ignore this message
[14May2026 16:35:31.876] [main/WARN] [mixin/]: Reference map 'craftingtweaks.refmap.json' for craftingtweaks.mixins.json could not be read. If this is a development environment you can ignore this message
[14May2026 16:35:31.877] [main/WARN] [mixin/]: Reference map 'emi_create_schematics.refmap.json' for emi_create_schematics.mixins.json could not be read. If this is a development environment you can ignore this message
[14May2026 16:35:31.881] [main/WARN] [mixin/]: Reference map 'Steam_Rails-neoforge-refmap.json' for railways.mixins.json could not be read. If this is a development environment you can ignore this message
[14May2026 16:35:31.882] [main/WARN] [mixin/]: Reference map 'terrablender.refmap.json' for terrablender.mixins.json could not be read. If this is a development environment you can ignore this message
[14May2026 16:35:31.882] [main/WARN] [mixin/]: Reference map 'terrablender.refmap.json' for terrablender_neoforge.mixins.json could not be read. If this is a development environment you can ignore this message
[14May2026 16:35:31.883] [main/WARN] [mixin/]: Reference map 'nochatreports.refmap.json' for mixins/common/nochatreports.mixins.json could not be read. If this is a development environment you can ignore this message
[14May2026 16:35:31.885] [main/WARN] [mixin/]: Reference map 'ponder.refmap.json' for ponder-common.mixins.json could not be read. If this is a development environment you can ignore this message
[14May2026 16:35:31.886] [main/WARN] [mixin/]: Reference map 'dndecor.refmap.json' for dndecor.mixins.json could not be read. If this is a development environment you can ignore this message
[14May2026 16:35:31.887] [main/WARN] [mixin/]: Reference map 'create_mixed_casing.refmap.json' for create_mixed_casing.mixins.json could not be read. If this is a development environment you can ignore this message
[14May2026 16:35:31.888] [main/WARN] [mixin/]: Reference map 'dndesires.refmap.json' for dndesires.mixins.json could not be read. If this is a development environment you can ignore this message
[14May2026 16:35:31.890] [main/INFO] [dev.ryanhcode.sable.mixin.AbstractSableMixinPlugin/]: Using Sodium renderer mixins
[14May2026 16:35:31.890] [main/INFO] [dev.ryanhcode.sable.mixin.AbstractSableMixinPlugin/]: Using Sodium renderer mixins
[14May2026 16:35:31.891] [main/WARN] [mixin/]: Reference map 'xaerominimap.refmap.json' for xaerohud.mixins.json could not be read. If this is a development environment you can ignore this message
[14May2026 16:35:31.891] [main/WARN] [mixin/]: Reference map 'xaerominimap.refmap.json' for xaerominimap.mixins.json could not be read. If this is a development environment you can ignore this message
[14May2026 16:35:31.892] [main/WARN] [mixin/]: Reference map 'polymorph.refmap.json' for polymorph.mixins.json could not be read. If this is a development environment you can ignore this message
[14May2026 16:35:31.893] [main/WARN] [mixin/]: Reference map 'polymorph.refmap.json' for polymorph-compatibility.mixins.json could not be read. If this is a development environment you can ignore this message
[14May2026 16:35:31.893] [main/WARN] [mixin/]: Reference map 'entityculling.refmap.mixins.json' for entityculling.mixins.json could not be read. If this is a development environment you can ignore this message
[14May2026 16:35:31.894] [main/WARN] [mixin/]: Reference map 'create_vibrant_vaults.mixins.refmap.json' for create_vibrant_vaults.mixins.json could not be read. If this is a development environment you can ignore this message
[14May2026 16:35:31.896] [main/WARN] [mixin/]: Reference map 'createmetallurgy.refmap.json' for createmetallurgy.mixins.json could not be read. If this is a development environment you can ignore this message
[14May2026 16:35:31.910] [main/WARN] [mixin/]: Reference map '${refmap_target}refmap.json' for ferritecore.predicates.mixin.json could not be read. If this is a development environment you can ignore this message
[14May2026 16:35:31.911] [main/WARN] [mixin/]: Reference map '${refmap_target}refmap.json' for ferritecore.fastmap.mixin.json could not be read. If this is a development environment you can ignore this message
[14May2026 16:35:31.912] [main/WARN] [mixin/]: Reference map '${refmap_target}refmap.json' for ferritecore.mrl.mixin.json could not be read. If this is a development environment you can ignore this message
[14May2026 16:35:31.913] [main/WARN] [mixin/]: Reference map '${refmap_target}refmap.json' for ferritecore.dedupmultipart.mixin.json could not be read. If this is a development environment you can ignore this message
[14May2026 16:35:31.913] [main/WARN] [mixin/]: Reference map '${refmap_target}refmap.json' for ferritecore.blockstatecache.mixin.json could not be read. If this is a development environment you can ignore this message
[14May2026 16:35:31.914] [main/WARN] [mixin/]: Reference map '${refmap_target}refmap.json' for ferritecore.dedupbakedquad.mixin.json could not be read. If this is a development environment you can ignore this message
[14May2026 16:35:31.914] [main/WARN] [mixin/]: Reference map '${refmap_target}refmap.json' for ferritecore.threaddetec.mixin.json could not be read. If this is a development environment you can ignore this message
[14May2026 16:35:31.915] [main/WARN] [mixin/]: Reference map '${refmap_target}refmap.json' for ferritecore.modelsides.mixin.json could not be read. If this is a development environment you can ignore this message
[14May2026 16:35:31.915] [main/WARN] [mixin/]: Reference map '${refmap_target}refmap.json' for ferritecore.datacomponents.mixin.json could not be read. If this is a development environment you can ignore this message
[14May2026 16:35:31.915] [main/WARN] [mixin/]: Reference map '${refmap_target}refmap.json' for ferritecore.accessors.mixin.json could not be read. If this is a development environment you can ignore this message
[14May2026 16:35:31.916] [main/WARN] [mixin/]: Reference map 'yet_another_config_lib_v3.refmap.json' for yacl.mixins.json could not be read. If this is a development environment you can ignore this message
[14May2026 16:35:31.924] [main/WARN] [mixin/]: Reference map '' for adapter.init.mixins.json could not be read. If this is a development environment you can ignore this message
[14May2026 16:35:32.298] [main/WARN] [mixin/]: Error loading class: net/irisshaders/iris/pipeline/PipelineManager (java.lang.ClassNotFoundException: net.irisshaders.iris.pipeline.PipelineManager)
[14May2026 16:35:32.298] [main/WARN] [mixin/]: @Mixin target net.irisshaders.iris.pipeline.PipelineManager was not found veil.neoforge.mixins.json:client.perspective.iris.PipelineManagerMixin from mod veil
[14May2026 16:35:32.379] [main/WARN] [mixin/]: Error loading class: fuzs/easyanvils/world/inventory/ModAnvilMenu (java.lang.ClassNotFoundException: fuzs.easyanvils.world.inventory.ModAnvilMenu)
[14May2026 16:35:32.379] [main/WARN] [mixin/]: @Mixin target fuzs.easyanvils.world.inventory.ModAnvilMenu was not found exposure-common.mixins.json:compat.easy_anvils.ModAnvilMenuMixin from mod exposure
[14May2026 16:35:32.384] [main/WARN] [mixin/]: Error loading class: fuzs/easyanvils/client/gui/screens/inventory/ModAnvilScreen (java.lang.ClassNotFoundException: fuzs.easyanvils.client.gui.screens.inventory.ModAnvilScreen)
[14May2026 16:35:32.384] [main/WARN] [mixin/]: @Mixin target fuzs.easyanvils.client.gui.screens.inventory.ModAnvilScreen was not found exposure-common.mixins.json:compat.easy_anvils.ModAnvilScreenMixin from mod exposure
[14May2026 16:35:32.387] [main/WARN] [mixin/]: Error loading class: dev/latvian/mods/kubejs/client/KubeJSGameClientEventHandler (java.lang.ClassNotFoundException: dev.latvian.mods.kubejs.client.KubeJSGameClientEventHandler)
[14May2026 16:35:32.387] [main/WARN] [mixin/]: @Mixin target dev.latvian.mods.kubejs.client.KubeJSGameClientEventHandler was not found exposure-neoforge.mixins.json:KubeJSGameClientEventHandlerMixin from mod exposure
[14May2026 16:35:32.424] [main/WARN] [mixin/]: Error loading class: me/jellysquid/mods/lithium/common/ai/pathing/PathNodeDefaults (java.lang.ClassNotFoundException: me.jellysquid.mods.lithium.common.ai.pathing.PathNodeDefaults)
[14May2026 16:35:32.467] [main/WARN] [mixin/]: Error loading class: jeresources/api/util/BiomeHelper (java.lang.ClassNotFoundException: jeresources.api.util.BiomeHelper)
[14May2026 16:35:32.538] [main/WARN] [mixin/]: Error loading class: me/jellysquid/mods/lithium/common/ai/pathing/PathNodeDefaults (java.lang.ClassNotFoundException: me.jellysquid.mods.lithium.common.ai.pathing.PathNodeDefaults)
[14May2026 16:35:32.574] [main/INFO] [Lithium/]: Force-disabling mixin 'entity.collisions.unpushable_cramming.EntityMixin' as rule 'mixin.entity.collisions.unpushable_cramming' (added by mods [sable]) disables it and children
[14May2026 16:35:32.574] [main/INFO] [Lithium/]: Force-disabling mixin 'entity.collisions.unpushable_cramming.EntitySectionMixin' as rule 'mixin.entity.collisions.unpushable_cramming' (added by mods [sable]) disables it and children
[14May2026 16:35:32.574] [main/INFO] [Lithium/]: Force-disabling mixin 'entity.collisions.unpushable_cramming.EntitySelectorMixin' as rule 'mixin.entity.collisions.unpushable_cramming' (added by mods [sable]) disables it and children
[14May2026 16:35:32.574] [main/INFO] [Lithium/]: Force-disabling mixin 'entity.collisions.unpushable_cramming.LivingEntityMixin' as rule 'mixin.entity.collisions.unpushable_cramming' (added by mods [sable]) disables it and children
[14May2026 16:35:32.582] [main/INFO] [Lithium/]: Force-disabling mixin 'world.chunk_access.ChunkHolderMixin' as rule 'mixin.world.chunk_access' (added by mods [sable]) disables it and children
[14May2026 16:35:32.582] [main/INFO] [Lithium/]: Force-disabling mixin 'world.chunk_access.GenerationChunkHolderAccessor' as rule 'mixin.world.chunk_access' (added by mods [sable]) disables it and children
[14May2026 16:35:32.582] [main/INFO] [Lithium/]: Force-disabling mixin 'world.chunk_access.LevelMixin' as rule 'mixin.world.chunk_access' (added by mods [sable]) disables it and children
[14May2026 16:35:32.582] [main/INFO] [Lithium/]: Force-disabling mixin 'world.chunk_access.ServerChunkCacheMixin' as rule 'mixin.world.chunk_access' (added by mods [sable]) disables it and children
[14May2026 16:35:32.582] [main/INFO] [Lithium/]: Force-disabling mixin 'world.chunk_ticking.spread_ice.BiomeMixin' as rule 'mixin.world.chunk_ticking' (added by mods [sable]) disables it and children
[14May2026 16:35:32.583] [main/INFO] [Lithium/]: Force-disabling mixin 'world.tick_scheduler.LevelChunkTicksMixin' as rule 'mixin.world.tick_scheduler' (added by mods [sable]) disables it and children
[14May2026 16:35:32.664] [main/WARN] [mixin/]: Error loading class: traben/entity_model_features/models/parts/EMFModelPart (java.lang.ClassNotFoundException: traben.entity_model_features.models.parts.EMFModelPart)
[14May2026 16:35:32.758] [main/WARN] [mixin/]: Error loading class: net/minecraft/client/gui/screens/controls/KeyBindsList$KeyEntry (java.lang.ClassNotFoundException: net.minecraft.client.gui.screens.controls.KeyBindsList$KeyEntry)
[14May2026 16:35:32.759] [main/WARN] [mixin/]: @Mixin target net.minecraft.client.gui.screens.controls.KeyBindsList$KeyEntry was not found railways-common.mixins.json:client.MixinKeyBindsListKeyEntry from mod railways
[14May2026 16:35:33.070] [main/WARN] [mixin/]: Error loading class: org/jetbrains/annotations/ApiStatus$ScheduledForRemoval (java.lang.ClassNotFoundException: org.jetbrains.annotations.ApiStatus$ScheduledForRemoval)
[14May2026 16:35:33.097] [main/WARN] [mixin/]: Error loading class: org/jetbrains/annotations/ApiStatus$Internal (java.lang.ClassNotFoundException: org.jetbrains.annotations.ApiStatus$Internal)
[14May2026 16:35:33.105] [main/INFO] [MixinExtras|Service/]: Initializing MixinExtras via com.llamalad7.mixinextras.service.MixinExtrasServiceImpl(version=0.5.3).
[14May2026 16:35:33.524] [main/WARN] [mixin/]: Static binding violation: PRIVATE @Overwrite method decoratedId in modernfix-modernfix.mixins.json:perf.tag_id_caching.TagOrElementLocationMixin from mod modernfix cannot reduce visibiliy of PUBLIC target method, visibility will be upgraded.
[14May2026 16:35:34.486] [Datafixer Bootstrap/INFO] [com.mojang.datafixers.DataFixerBuilder/]: 229 Datafixer optimizations took 149 milliseconds
[14May2026 16:35:35.209] [pool-27-thread-1/INFO] [net.minecraft.server.Bootstrap/]: ModernFix reached bootstrap stage (7.739 s after launch)
[14May2026 16:35:36.114] [pool-27-thread-1/WARN] [mixin/]: Method overwrite conflict for getTemperature in lithium.mixins.json:world.temperature_cache.BiomeMixin from mod lithium, previously written by org.embeddedt.modernfix.common.mixin.perf.remove_biome_temperature_cache.BiomeMixin. Skipping method.
[14May2026 16:35:37.196] [pool-27-thread-1/WARN] [mixin/]: Method overwrite conflict for getEntries in emi_loot.mixins.json:LootPoolAccessor from mod emi_loot, previously written by com.blackgear.platform.core.mixin.neoforge.LootPoolMixin. Skipping method.
[14May2026 16:35:37.513] [pool-27-thread-1/INFO] [dev.yumi.mc.core.impl.YumiFoundationMod/]: Initializing mods (entrypoint yumi:init)...
[14May2026 16:35:37.541] [pool-27-thread-1/INFO] [net.minecraft.server.Bootstrap/]: Vanilla bootstrap took 2319 milliseconds
[14May2026 16:35:37.915] [Render thread/WARN] [net.minecraft.server.packs.VanillaPackResourcesBuilder/]: Assets URL 'union:/home/rasgajag/.local/share/PrismLauncher/libraries/net/minecraft/client/1.21.1-20240808.144430/client-1.21.1-20240808.144430-srg.jar%23281!/assets/.mcassetsroot' uses unexpected schema
[14May2026 16:35:37.915] [Render thread/WARN] [net.minecraft.server.packs.VanillaPackResourcesBuilder/]: Assets URL 'union:/home/rasgajag/.local/share/PrismLauncher/libraries/net/minecraft/client/1.21.1-20240808.144430/client-1.21.1-20240808.144430-srg.jar%23281!/data/.mcassetsroot' uses unexpected schema
[14May2026 16:35:37.933] [Render thread/INFO] [com.mojang.authlib.yggdrasil.YggdrasilAuthenticationService/]: Environment: Environment[sessionHost=https://sessionserver.mojang.com, servicesHost=https://api.minecraftservices.com, name=PROD]
[14May2026 16:35:37.940] [Render thread/INFO] [net.minecraft.client.Minecraft/]: Setting user: Rasgajag
[14May2026 16:35:38.057] [Render thread/INFO] [LambDynamicLights/]: [LambDynLights] Initializing LambDynamicLights...
[14May2026 16:35:38.067] [Render thread/INFO] [LambDynamicLights|Config/]: [LambDynLights] Configuration loaded.
[14May2026 16:35:38.170] [Render thread/INFO] [net.minecraft.client.Minecraft/]: Backend library: LWJGL version 3.3.3+5
[14May2026 16:35:38.189] [Render thread/INFO] [com.mojang.blaze3d.platform.Window/]: OpenGL Vendor: AMD
[14May2026 16:35:38.189] [Render thread/INFO] [com.mojang.blaze3d.platform.Window/]: OpenGL Renderer: AMD Radeon Graphics (radeonsi, gfx1150, LLVM 20.1.8, DRM 3.64, 6.17.0-23-generic)
[14May2026 16:35:38.189] [Render thread/INFO] [com.mojang.blaze3d.platform.Window/]: OpenGL Version: 4.6 (Core Profile) Mesa 25.2.8-0ubuntu0.25.10.1
[14May2026 16:35:38.649] [modloading-worker-0/INFO] [Veil/]: Veil is initializing.
[14May2026 16:35:38.667] [modloading-worker-0/INFO] [LowDragLib2/]: LowDragLib2 is initializing on platform: NeoForge
[14May2026 16:35:38.668] [modloading-worker-0/INFO] [Create Deco/]: Registering items for Create Deco
[14May2026 16:35:38.671] [modloading-worker-0/INFO] [net.neoforged.neoforge.common.NeoForgeMod/NEOFORGE-MOD]: NeoForge mod loading, version 21.1.228, for MC 1.21.1
[14May2026 16:35:38.711] [modloading-worker-0/WARN] [mixin/]: Static binding violation: PRIVATE @Overwrite method elementOrTag in modernfix-modernfix.mixins.json:perf.tag_id_caching.TagEntryMixin from mod modernfix cannot reduce visibiliy of PUBLIC target method, visibility will be upgraded.
[14May2026 16:35:38.768] [modloading-worker-0/INFO] [Railways/]: Steam 'n' Rails v1.6.13-alpha initializing! Commit hash: dev on Create version: 6.0.10 on platform: Neoforge
[14May2026 16:35:38.838] [modloading-worker-0/WARN] [mixin/]: Discarding @Unique public method rotate in copycats-neoforge.mixins.json:foundation.copycat.CopycatBlockMixin from mod copycats because it already exists in com.copycatsplus.copycats.content.copycat.sliding_door.CopycatSlidingDoorBlock
[14May2026 16:35:38.838] [modloading-worker-0/WARN] [mixin/]: Discarding @Unique public method mirror in copycats-neoforge.mixins.json:foundation.copycat.CopycatBlockMixin from mod copycats because it already exists in com.copycatsplus.copycats.content.copycat.sliding_door.CopycatSlidingDoorBlock
[14May2026 16:35:38.838] [modloading-worker-0/WARN] [mixin/]: Discarding @Unique public method useItemOn in copycats-neoforge.mixins.json:foundation.copycat.CopycatBlockMixin from mod copycats because it already exists in com.copycatsplus.copycats.content.copycat.sliding_door.CopycatSlidingDoorBlock
[14May2026 16:35:38.838] [modloading-worker-0/WARN] [mixin/]: Discarding @Unique public method useWithoutItem in copycats-neoforge.mixins.json:foundation.copycat.CopycatBlockMixin from mod copycats because it already exists in com.copycatsplus.copycats.content.copycat.sliding_door.CopycatSlidingDoorBlock
[14May2026 16:35:38.856] [modloading-worker-0/WARN] [mixin/]: Discarding @Unique public method rotate in copycats-neoforge.mixins.json:foundation.copycat.CopycatBlockMixin from mod copycats because it already exists in com.copycatsplus.copycats.content.copycat.door.CopycatDoorBlock
[14May2026 16:35:38.856] [modloading-worker-0/WARN] [mixin/]: Discarding @Unique public method mirror in copycats-neoforge.mixins.json:foundation.copycat.CopycatBlockMixin from mod copycats because it already exists in com.copycatsplus.copycats.content.copycat.door.CopycatDoorBlock
[14May2026 16:35:38.856] [modloading-worker-0/WARN] [mixin/]: Discarding @Unique public method useItemOn in copycats-neoforge.mixins.json:foundation.copycat.CopycatBlockMixin from mod copycats because it already exists in com.copycatsplus.copycats.content.copycat.door.CopycatDoorBlock
[14May2026 16:35:38.856] [modloading-worker-0/WARN] [mixin/]: Discarding @Unique public method useWithoutItem in copycats-neoforge.mixins.json:foundation.copycat.CopycatBlockMixin from mod copycats because it already exists in com.copycatsplus.copycats.content.copycat.door.CopycatDoorBlock
[14May2026 16:35:38.888] [modloading-worker-0/WARN] [mixin/]: Discarding @Unique public method rotate in copycats-neoforge.mixins.json:foundation.copycat.multistate.MultiStateCopycatBlockMixin from mod copycats because it already exists in com.copycatsplus.copycats.foundation.copycat.multistate.MultiStateCopycatBlock
[14May2026 16:35:38.888] [modloading-worker-0/WARN] [mixin/]: Discarding @Unique public method mirror in copycats-neoforge.mixins.json:foundation.copycat.multistate.MultiStateCopycatBlockMixin from mod copycats because it already exists in com.copycatsplus.copycats.foundation.copycat.multistate.MultiStateCopycatBlock
[14May2026 16:35:38.888] [modloading-worker-0/WARN] [mixin/]: Discarding @Unique public method useItemOn in copycats-neoforge.mixins.json:foundation.copycat.multistate.MultiStateCopycatBlockMixin from mod copycats because it already exists in com.copycatsplus.copycats.foundation.copycat.multistate.MultiStateCopycatBlock
[14May2026 16:35:38.888] [modloading-worker-0/WARN] [mixin/]: Discarding @Unique public method useWithoutItem in copycats-neoforge.mixins.json:foundation.copycat.multistate.MultiStateCopycatBlockMixin from mod copycats because it already exists in com.copycatsplus.copycats.foundation.copycat.multistate.MultiStateCopycatBlock
[14May2026 16:35:38.915] [modloading-worker-0/INFO] [Create Deco/]: Registering blocks for Create Deco
[14May2026 16:35:38.919] [modloading-worker-0/WARN] [mixin/]: Discarding @Unique public method rotate in copycats-neoforge.mixins.json:foundation.copycat.CopycatBlockMixin from mod copycats because it already exists in com.copycatsplus.copycats.content.copycat.fluid_pipe.CopycatGlassFluidPipeBlock
[14May2026 16:35:38.919] [modloading-worker-0/WARN] [mixin/]: Discarding @Unique public method mirror in copycats-neoforge.mixins.json:foundation.copycat.CopycatBlockMixin from mod copycats because it already exists in com.copycatsplus.copycats.content.copycat.fluid_pipe.CopycatGlassFluidPipeBlock
[14May2026 16:35:38.919] [modloading-worker-0/WARN] [mixin/]: Discarding @Unique public method useItemOn in copycats-neoforge.mixins.json:foundation.copycat.CopycatBlockMixin from mod copycats because it already exists in com.copycatsplus.copycats.content.copycat.fluid_pipe.CopycatGlassFluidPipeBlock
[14May2026 16:35:38.919] [modloading-worker-0/WARN] [mixin/]: Discarding @Unique public method useWithoutItem in copycats-neoforge.mixins.json:foundation.copycat.CopycatBlockMixin from mod copycats because it already exists in com.copycatsplus.copycats.content.copycat.fluid_pipe.CopycatGlassFluidPipeBlock
[14May2026 16:35:38.932] [modloading-worker-0/INFO] [net.minecraft.server.LoggedPrintStream/]: [STDOUT]: [LibGui] Initializing Client...
[14May2026 16:35:38.970] [modloading-worker-0/INFO] [xaero.lib.XaeroLib/]: Registering common data for channel xaerolib:main!
[14May2026 16:35:39.009] [modloading-worker-0/INFO] [net.fabricmc.fabric.impl.client.indigo.Indigo/]: [Indigo] Different rendering plugin detected; not applying Indigo.
[14May2026 16:35:39.015] [modloading-worker-0/INFO] [Create Deco/]: Populating connected texture maps...
[14May2026 16:35:39.027] [modloading-worker-0/INFO] [xaero.lib.XaeroLib/]: Registering client data for channel xaerolib:main!
[14May2026 16:35:39.032] [modloading-worker-0/WARN] [mixin/]: Discarding @Unique public method rotate in copycats-neoforge.mixins.json:foundation.copycat.CopycatBlockMixin from mod copycats because it already exists in com.copycatsplus.copycats.foundation.copycat.CCCopycatBlock
[14May2026 16:35:39.032] [modloading-worker-0/WARN] [mixin/]: Discarding @Unique public method mirror in copycats-neoforge.mixins.json:foundation.copycat.CopycatBlockMixin from mod copycats because it already exists in com.copycatsplus.copycats.foundation.copycat.CCCopycatBlock
[14May2026 16:35:39.032] [modloading-worker-0/WARN] [mixin/]: Discarding @Unique public method useItemOn in copycats-neoforge.mixins.json:foundation.copycat.CopycatBlockMixin from mod copycats because it already exists in com.copycatsplus.copycats.foundation.copycat.CCCopycatBlock
[14May2026 16:35:39.032] [modloading-worker-0/WARN] [mixin/]: Discarding @Unique public method useWithoutItem in copycats-neoforge.mixins.json:foundation.copycat.CopycatBlockMixin from mod copycats because it already exists in com.copycatsplus.copycats.foundation.copycat.CCCopycatBlock
[14May2026 16:35:39.095] [modloading-worker-0/INFO] [xaero.lib.XaeroLib/]: Loading primary common config for channel xaerolib:main!
[14May2026 16:35:39.098] [modloading-worker-0/INFO] [xaero.lib.XaeroLib/]: Loading server config profiles for channel xaerolib:main!
[14May2026 16:35:39.100] [modloading-worker-0/INFO] [Ok Zoomer/]: [Ok Zoomer] ùwú what's this
[14May2026 16:35:39.101] [modloading-worker-0/INFO] [xaero.lib.XaeroLib/]: Loading primary client config for channel xaerolib:main!
[14May2026 16:35:39.102] [modloading-worker-0/INFO] [xaero.lib.XaeroLib/]: Loading client config profiles for channel xaerolib:main!
[14May2026 16:35:39.102] [modloading-worker-0/INFO] [xaero.map.WorldMap/]: Registering common data for channel xaeroworldmap:main!
[14May2026 16:35:39.157] [modloading-worker-0/WARN] [mixin/]: Discarding @Unique public method rotate in copycats-neoforge.mixins.json:foundation.copycat.CopycatBlockMixin from mod copycats because it already exists in com.copycatsplus.copycats.content.copycat.button.CopycatButtonBlock
[14May2026 16:35:39.158] [modloading-worker-0/WARN] [mixin/]: Discarding @Unique public method mirror in copycats-neoforge.mixins.json:foundation.copycat.CopycatBlockMixin from mod copycats because it already exists in com.copycatsplus.copycats.content.copycat.button.CopycatButtonBlock
[14May2026 16:35:39.158] [modloading-worker-0/WARN] [mixin/]: Discarding @Unique public method useItemOn in copycats-neoforge.mixins.json:foundation.copycat.CopycatBlockMixin from mod copycats because it already exists in com.copycatsplus.copycats.content.copycat.button.CopycatButtonBlock
[14May2026 16:35:39.158] [modloading-worker-0/WARN] [mixin/]: Discarding @Unique public method useWithoutItem in copycats-neoforge.mixins.json:foundation.copycat.CopycatBlockMixin from mod copycats because it already exists in com.copycatsplus.copycats.content.copycat.button.CopycatButtonBlock
[14May2026 16:35:39.172] [modloading-worker-0/INFO] [xaero.map.WorldMap/]: Registering client data for channel xaeroworldmap:main!
[14May2026 16:35:39.195] [modloading-worker-0/WARN] [mixin/]: Discarding @Unique public method rotate in copycats-neoforge.mixins.json:foundation.copycat.CopycatBlockMixin from mod copycats because it already exists in com.copycatsplus.copycats.content.copycat.fence.CopycatFenceBlock
[14May2026 16:35:39.195] [modloading-worker-0/WARN] [mixin/]: Discarding @Unique public method mirror in copycats-neoforge.mixins.json:foundation.copycat.CopycatBlockMixin from mod copycats because it already exists in com.copycatsplus.copycats.content.copycat.fence.CopycatFenceBlock
[14May2026 16:35:39.195] [modloading-worker-0/WARN] [mixin/]: Discarding @Unique public method useItemOn in copycats-neoforge.mixins.json:foundation.copycat.CopycatBlockMixin from mod copycats because it already exists in com.copycatsplus.copycats.content.copycat.fence.CopycatFenceBlock
[14May2026 16:35:39.195] [modloading-worker-0/WARN] [mixin/]: Discarding @Unique public method useWithoutItem in copycats-neoforge.mixins.json:foundation.copycat.CopycatBlockMixin from mod copycats because it already exists in com.copycatsplus.copycats.content.copycat.fence.CopycatFenceBlock
[14May2026 16:35:39.208] [modloading-worker-0/WARN] [mixin/]: Discarding @Unique public method rotate in copycats-neoforge.mixins.json:foundation.copycat.CopycatBlockMixin from mod copycats because it already exists in com.copycatsplus.copycats.content.copycat.fence_gate.CopycatFenceGateBlock
[14May2026 16:35:39.208] [modloading-worker-0/WARN] [mixin/]: Discarding @Unique public method mirror in copycats-neoforge.mixins.json:foundation.copycat.CopycatBlockMixin from mod copycats because it already exists in com.copycatsplus.copycats.content.copycat.fence_gate.CopycatFenceGateBlock
[14May2026 16:35:39.208] [modloading-worker-0/WARN] [mixin/]: Discarding @Unique public method useItemOn in copycats-neoforge.mixins.json:foundation.copycat.CopycatBlockMixin from mod copycats because it already exists in com.copycatsplus.copycats.content.copycat.fence_gate.CopycatFenceGateBlock
[14May2026 16:35:39.208] [modloading-worker-0/WARN] [mixin/]: Discarding @Unique public method useWithoutItem in copycats-neoforge.mixins.json:foundation.copycat.CopycatBlockMixin from mod copycats because it already exists in com.copycatsplus.copycats.content.copycat.fence_gate.CopycatFenceGateBlock
[14May2026 16:35:39.215] [modloading-worker-0/INFO] [xaero.map.WorldMap/]: Loading primary common config for channel xaeroworldmap:main!
[14May2026 16:35:39.216] [modloading-worker-0/INFO] [xaero.map.WorldMap/]: Loading server config profiles for channel xaeroworldmap:main!
[14May2026 16:35:39.217] [modloading-worker-0/INFO] [xaero.map.WorldMap/]: Loading primary client config for channel xaeroworldmap:main!
[14May2026 16:35:39.217] [modloading-worker-0/INFO] [xaero.map.WorldMap/]: Loading client config profiles for channel xaeroworldmap:main!
[14May2026 16:35:39.228] [modloading-worker-0/INFO] [net.blay09.mods.balm.neoforge.config.NeoForgeBalmConfig/]: Registering config for craftingtweaks:common (COMMON) with 8 properties.
[14May2026 16:35:39.231] [modloading-worker-0/INFO] [net.minecraft.server.LoggedPrintStream/]: [STDOUT]: [Mouse Tweaks] Main.initialize()
[14May2026 16:35:39.253] [modloading-worker-0/INFO] [net.minecraft.server.LoggedPrintStream/]: [STDOUT]: [Mouse Tweaks] Initialized.
[14May2026 16:35:39.316] [modloading-worker-0/WARN] [mixin/]: Discarding @Unique public method rotate in copycats-neoforge.mixins.json:foundation.copycat.CopycatBlockMixin from mod copycats because it already exists in com.copycatsplus.copycats.content.copycat.ladder.CopycatLadderBlock
[14May2026 16:35:39.316] [modloading-worker-0/WARN] [mixin/]: Discarding @Unique public method mirror in copycats-neoforge.mixins.json:foundation.copycat.CopycatBlockMixin from mod copycats because it already exists in com.copycatsplus.copycats.content.copycat.ladder.CopycatLadderBlock
[14May2026 16:35:39.316] [modloading-worker-0/WARN] [mixin/]: Discarding @Unique public method useItemOn in copycats-neoforge.mixins.json:foundation.copycat.CopycatBlockMixin from mod copycats because it already exists in com.copycatsplus.copycats.content.copycat.ladder.CopycatLadderBlock
[14May2026 16:35:39.316] [modloading-worker-0/WARN] [mixin/]: Discarding @Unique public method useWithoutItem in copycats-neoforge.mixins.json:foundation.copycat.CopycatBlockMixin from mod copycats because it already exists in com.copycatsplus.copycats.content.copycat.ladder.CopycatLadderBlock
[14May2026 16:35:39.363] [modloading-worker-0/WARN] [mixin/]: Discarding @Unique public method rotate in copycats-neoforge.mixins.json:foundation.copycat.CopycatBlockMixin from mod copycats because it already exists in com.copycatsplus.copycats.content.copycat.pressure_plate.CopycatPressurePlateBlock
[14May2026 16:35:39.363] [modloading-worker-0/WARN] [mixin/]: Discarding @Unique public method mirror in copycats-neoforge.mixins.json:foundation.copycat.CopycatBlockMixin from mod copycats because it already exists in com.copycatsplus.copycats.content.copycat.pressure_plate.CopycatPressurePlateBlock
[14May2026 16:35:39.363] [modloading-worker-0/WARN] [mixin/]: Discarding @Unique public method useItemOn in copycats-neoforge.mixins.json:foundation.copycat.CopycatBlockMixin from mod copycats because it already exists in com.copycatsplus.copycats.content.copycat.pressure_plate.CopycatPressurePlateBlock
[14May2026 16:35:39.364] [modloading-worker-0/WARN] [mixin/]: Discarding @Unique public method useWithoutItem in copycats-neoforge.mixins.json:foundation.copycat.CopycatBlockMixin from mod copycats because it already exists in com.copycatsplus.copycats.content.copycat.pressure_plate.CopycatPressurePlateBlock
[14May2026 16:35:39.373] [modloading-worker-0/WARN] [mixin/]: Discarding @Unique public method rotate in copycats-neoforge.mixins.json:foundation.copycat.CopycatBlockMixin from mod copycats because it already exists in com.copycatsplus.copycats.content.copycat.pressure_plate.CopycatWeightedPressurePlate
[14May2026 16:35:39.373] [modloading-worker-0/WARN] [mixin/]: Discarding @Unique public method mirror in copycats-neoforge.mixins.json:foundation.copycat.CopycatBlockMixin from mod copycats because it already exists in com.copycatsplus.copycats.content.copycat.pressure_plate.CopycatWeightedPressurePlate
[14May2026 16:35:39.373] [modloading-worker-0/WARN] [mixin/]: Discarding @Unique public method useItemOn in copycats-neoforge.mixins.json:foundation.copycat.CopycatBlockMixin from mod copycats because it already exists in com.copycatsplus.copycats.content.copycat.pressure_plate.CopycatWeightedPressurePlate
[14May2026 16:35:39.373] [modloading-worker-0/WARN] [mixin/]: Discarding @Unique public method useWithoutItem in copycats-neoforge.mixins.json:foundation.copycat.CopycatBlockMixin from mod copycats because it already exists in com.copycatsplus.copycats.content.copycat.pressure_plate.CopycatWeightedPressurePlate
[14May2026 16:35:39.406] [modloading-worker-0/WARN] [mixin/]: Discarding @Unique public method rotate in copycats-neoforge.mixins.json:foundation.copycat.CopycatBlockMixin from mod copycats because it already exists in com.copycatsplus.copycats.content.copycat.stairs.CopycatStairsBlock
[14May2026 16:35:39.406] [modloading-worker-0/WARN] [mixin/]: Discarding @Unique public method mirror in copycats-neoforge.mixins.json:foundation.copycat.CopycatBlockMixin from mod copycats because it already exists in com.copycatsplus.copycats.content.copycat.stairs.CopycatStairsBlock
[14May2026 16:35:39.406] [modloading-worker-0/WARN] [mixin/]: Discarding @Unique public method useItemOn in copycats-neoforge.mixins.json:foundation.copycat.CopycatBlockMixin from mod copycats because it already exists in com.copycatsplus.copycats.content.copycat.stairs.CopycatStairsBlock
[14May2026 16:35:39.406] [modloading-worker-0/WARN] [mixin/]: Discarding @Unique public method useWithoutItem in copycats-neoforge.mixins.json:foundation.copycat.CopycatBlockMixin from mod copycats because it already exists in com.copycatsplus.copycats.content.copycat.stairs.CopycatStairsBlock
[14May2026 16:35:39.407] [modloading-worker-0/INFO] [fzzy_config/]: Loaded config fzzy_config:keybinds in 504ms
[14May2026 16:35:39.424] [modloading-worker-0/WARN] [mixin/]: Discarding @Unique public method rotate in copycats-neoforge.mixins.json:foundation.copycat.CopycatBlockMixin from mod copycats because it already exists in com.copycatsplus.copycats.content.copycat.trapdoor.CopycatTrapdoorBlock
[14May2026 16:35:39.424] [modloading-worker-0/WARN] [mixin/]: Discarding @Unique public method mirror in copycats-neoforge.mixins.json:foundation.copycat.CopycatBlockMixin from mod copycats because it already exists in com.copycatsplus.copycats.content.copycat.trapdoor.CopycatTrapdoorBlock
[14May2026 16:35:39.424] [modloading-worker-0/WARN] [mixin/]: Discarding @Unique public method useItemOn in copycats-neoforge.mixins.json:foundation.copycat.CopycatBlockMixin from mod copycats because it already exists in com.copycatsplus.copycats.content.copycat.trapdoor.CopycatTrapdoorBlock
[14May2026 16:35:39.424] [modloading-worker-0/WARN] [mixin/]: Discarding @Unique public method useWithoutItem in copycats-neoforge.mixins.json:foundation.copycat.CopycatBlockMixin from mod copycats because it already exists in com.copycatsplus.copycats.content.copycat.trapdoor.CopycatTrapdoorBlock
[14May2026 16:35:39.450] [modloading-worker-0/INFO] [thedarkcolour.kotlinforforge.neoforge.test.KotlinForForge/]: Kotlin For Forge Enabled!
[14May2026 16:35:39.460] [modloading-worker-0/INFO] [dev.devce.rocketnautics.RocketNautics/]: Initializing Cosmonautics!
[14May2026 16:35:39.473] [modloading-worker-0/WARN] [mixin/]: Discarding @Unique public method rotate in copycats-neoforge.mixins.json:foundation.copycat.CopycatBlockMixin from mod copycats because it already exists in com.copycatsplus.copycats.content.copycat.wall.CopycatWallBlock
[14May2026 16:35:39.473] [modloading-worker-0/WARN] [mixin/]: Discarding @Unique public method mirror in copycats-neoforge.mixins.json:foundation.copycat.CopycatBlockMixin from mod copycats because it already exists in com.copycatsplus.copycats.content.copycat.wall.CopycatWallBlock
[14May2026 16:35:39.473] [modloading-worker-0/WARN] [mixin/]: Discarding @Unique public method useItemOn in copycats-neoforge.mixins.json:foundation.copycat.CopycatBlockMixin from mod copycats because it already exists in com.copycatsplus.copycats.content.copycat.wall.CopycatWallBlock
[14May2026 16:35:39.473] [modloading-worker-0/WARN] [mixin/]: Discarding @Unique public method useWithoutItem in copycats-neoforge.mixins.json:foundation.copycat.CopycatBlockMixin from mod copycats because it already exists in com.copycatsplus.copycats.content.copycat.wall.CopycatWallBlock
[14May2026 16:35:39.481] [modloading-worker-0/ERROR] [dev.devce.rocketnautics.RocketNautics/]: Failed to override SableConfig: Cannot set config value without assigned Config object present
[14May2026 16:35:39.525] [modloading-worker-0/WARN] [mixin/]: Discarding @Unique public method rotate in copycats-neoforge.mixins.json:foundation.copycat.CopycatBlockMixin from mod copycats because it already exists in com.copycatsplus.copycats.content.copycat.shaft.CopycatShaftBlock
[14May2026 16:35:39.526] [modloading-worker-0/WARN] [mixin/]: Discarding @Unique public method mirror in copycats-neoforge.mixins.json:foundation.copycat.CopycatBlockMixin from mod copycats because it already exists in com.copycatsplus.copycats.content.copycat.shaft.CopycatShaftBlock
[14May2026 16:35:39.526] [modloading-worker-0/WARN] [mixin/]: Discarding @Unique public method useItemOn in copycats-neoforge.mixins.json:foundation.copycat.CopycatBlockMixin from mod copycats because it already exists in com.copycatsplus.copycats.content.copycat.shaft.CopycatShaftBlock
[14May2026 16:35:39.526] [modloading-worker-0/WARN] [mixin/]: Discarding @Unique public method useWithoutItem in copycats-neoforge.mixins.json:foundation.copycat.CopycatBlockMixin from mod copycats because it already exists in com.copycatsplus.copycats.content.copycat.shaft.CopycatShaftBlock
[14May2026 16:35:39.541] [modloading-worker-0/WARN] [mixin/]: Discarding @Unique public method rotate in copycats-neoforge.mixins.json:foundation.copycat.multistate.MultiStateCopycatBlockMixin from mod copycats because it already exists in com.copycatsplus.copycats.content.copycat.cogwheel.CopycatCogWheelBlock
[14May2026 16:35:39.542] [modloading-worker-0/WARN] [mixin/]: Discarding @Unique public method mirror in copycats-neoforge.mixins.json:foundation.copycat.multistate.MultiStateCopycatBlockMixin from mod copycats because it already exists in com.copycatsplus.copycats.content.copycat.cogwheel.CopycatCogWheelBlock
[14May2026 16:35:39.542] [modloading-worker-0/WARN] [mixin/]: Discarding @Unique public method useItemOn in copycats-neoforge.mixins.json:foundation.copycat.multistate.MultiStateCopycatBlockMixin from mod copycats because it already exists in com.copycatsplus.copycats.content.copycat.cogwheel.CopycatCogWheelBlock
[14May2026 16:35:39.542] [modloading-worker-0/WARN] [mixin/]: Discarding @Unique public method useWithoutItem in copycats-neoforge.mixins.json:foundation.copycat.multistate.MultiStateCopycatBlockMixin from mod copycats because it already exists in com.copycatsplus.copycats.content.copycat.cogwheel.CopycatCogWheelBlock
[14May2026 16:35:39.560] [modloading-worker-0/WARN] [mixin/]: Discarding @Unique public method rotate in copycats-neoforge.mixins.json:foundation.copycat.CopycatBlockMixin from mod copycats because it already exists in com.copycatsplus.copycats.content.copycat.fluid_pipe.CopycatFluidPipeBlock
[14May2026 16:35:39.560] [modloading-worker-0/WARN] [mixin/]: Discarding @Unique public method mirror in copycats-neoforge.mixins.json:foundation.copycat.CopycatBlockMixin from mod copycats because it already exists in com.copycatsplus.copycats.content.copycat.fluid_pipe.CopycatFluidPipeBlock
[14May2026 16:35:39.560] [modloading-worker-0/WARN] [mixin/]: Discarding @Unique public method useItemOn in copycats-neoforge.mixins.json:foundation.copycat.CopycatBlockMixin from mod copycats because it already exists in com.copycatsplus.copycats.content.copycat.fluid_pipe.CopycatFluidPipeBlock
[14May2026 16:35:39.560] [modloading-worker-0/WARN] [mixin/]: Discarding @Unique public method useWithoutItem in copycats-neoforge.mixins.json:foundation.copycat.CopycatBlockMixin from mod copycats because it already exists in com.copycatsplus.copycats.content.copycat.fluid_pipe.CopycatFluidPipeBlock
[14May2026 16:35:39.606] [modloading-worker-0/WARN] [mixin/]: Discarding @Unique public method rotate in copycats-neoforge.mixins.json:foundation.copycat.CopycatBlockMixin from mod copycats because it already exists in com.copycatsplus.copycats.content.copycat.pane.CopycatPaneBlock
[14May2026 16:35:39.606] [modloading-worker-0/WARN] [mixin/]: Discarding @Unique public method mirror in copycats-neoforge.mixins.json:foundation.copycat.CopycatBlockMixin from mod copycats because it already exists in com.copycatsplus.copycats.content.copycat.pane.CopycatPaneBlock
[14May2026 16:35:39.606] [modloading-worker-0/WARN] [mixin/]: Discarding @Unique public method useItemOn in copycats-neoforge.mixins.json:foundation.copycat.CopycatBlockMixin from mod copycats because it already exists in com.copycatsplus.copycats.content.copycat.pane.CopycatPaneBlock
[14May2026 16:35:39.606] [modloading-worker-0/WARN] [mixin/]: Discarding @Unique public method useWithoutItem in copycats-neoforge.mixins.json:foundation.copycat.CopycatBlockMixin from mod copycats because it already exists in com.copycatsplus.copycats.content.copycat.pane.CopycatPaneBlock
[14May2026 16:35:39.613] [modloading-worker-0/INFO] [mezz.jei.library.load.PluginCaller/]: Sending ConfigManager...
[14May2026 16:35:39.620] [modloading-worker-0/INFO] [me.treyruffy.betterf3.BetterF3NeoForge/]: [BetterF3] Starting...
[14May2026 16:35:39.622] [modloading-worker-0/INFO] [me.treyruffy.betterf3.BetterF3NeoForge/]: [BetterF3] Loading...
[14May2026 16:35:39.624] [modloading-worker-0/INFO] [mezz.jei.library.load.PluginCaller/]: Sending ConfigManager took 9.384 milliseconds
[14May2026 16:35:39.629] [modloading-worker-0/INFO] [com.simibubi.create.Create/]: Create 6.0.10 initializing! Commit hash: ac0c444d9828da3453ae8cc65338e8de063286fb
[14May2026 16:35:39.637] [modloading-worker-0/WARN] [mixin/]: Discarding @Unique public method onLoad in copycats-neoforge.mixins.json:foundation.copycat.CopycatBlockEntityMixin from mod copycats because it already exists in com.copycatsplus.copycats.foundation.copycat.CCCopycatBlockEntity
[14May2026 16:35:39.642] [modloading-worker-0/WARN] [mixin/]: Discarding @Unique public method onLoad in copycats-neoforge.mixins.json:foundation.copycat.multistate.MultiStateCopycatBlockEntityMixin from mod copycats because it already exists in com.copycatsplus.copycats.foundation.copycat.multistate.MultiStateCopycatBlockEntity
[14May2026 16:35:39.646] [modloading-worker-0/INFO] [xaero.common.HudMod/]: Registering common data for channel xaerominimap:main!
[14May2026 16:35:39.651] [modloading-worker-0/WARN] [mixin/]: Discarding @Unique public method onLoad in copycats-neoforge.mixins.json:foundation.copycat.CopycatBlockEntityMixin from mod copycats because it already exists in com.copycatsplus.copycats.content.copycat.shaft.CopycatShaftBlockEntity
[14May2026 16:35:39.656] [modloading-worker-0/WARN] [mixin/]: Discarding @Unique public method onLoad in copycats-neoforge.mixins.json:foundation.copycat.multistate.MultiStateCopycatBlockEntityMixin from mod copycats because it already exists in com.copycatsplus.copycats.content.copycat.cogwheel.CopycatCogWheelBlockEntity
[14May2026 16:35:39.664] [modloading-worker-0/WARN] [mixin/]: Discarding @Unique public method onLoad in copycats-neoforge.mixins.json:foundation.copycat.CopycatBlockEntityMixin from mod copycats because it already exists in com.copycatsplus.copycats.content.copycat.fluid_pipe.CopycatFluidPipeBlockEntity
[14May2026 16:35:39.667] [modloading-worker-0/WARN] [mixin/]: Discarding @Unique public method onLoad in copycats-neoforge.mixins.json:foundation.copycat.CopycatBlockEntityMixin from mod copycats because it already exists in com.copycatsplus.copycats.content.copycat.fluid_pipe.CopycatStraightPipeBlockEntity
[14May2026 16:35:39.669] [modloading-worker-0/INFO] [KubeJS/]: Loading vanilla registries...
[14May2026 16:35:39.669] [modloading-worker-0/INFO] [me.treyruffy.betterf3.BetterF3NeoForge/]: [BetterF3] All done!
[14May2026 16:35:39.669] [modloading-worker-0/INFO] [YetAnotherConfigLib/]: Deserializing YACLConfig from '/home/rasgajag/.local/share/PrismLauncher/instances/cregalatla/minecraft/config/yacl.json5'
[14May2026 16:35:39.678] [modloading-worker-0/INFO] [xaero.common.HudMod/]: Registering client data for channel xaerominimap:main!
[14May2026 16:35:39.686] [modloading-worker-0/INFO] [KubeJS/]: Looking for KubeJS plugins...
[14May2026 16:35:39.687] [modloading-worker-0/WARN] [mixin/]: Discarding @Unique public method onLoad in copycats-neoforge.mixins.json:foundation.copycat.CopycatBlockEntityMixin from mod copycats because it already exists in com.copycatsplus.copycats.content.copycat.sliding_door.CopycatSlidingDoorBlockEntity
[14May2026 16:35:39.695] [modloading-worker-0/INFO] [KubeJS/]: Found plugin source kubejs
[14May2026 16:35:39.700] [modloading-worker-0/INFO] [xaero.common.HudMod/]: Loading primary common config for channel xaerominimap:main!
[14May2026 16:35:39.701] [modloading-worker-0/INFO] [xaero.common.HudMod/]: Loading server config profiles for channel xaerominimap:main!
[14May2026 16:35:39.701] [modloading-worker-0/INFO] [xaero.common.HudMod/]: Loading primary client config for channel xaerominimap:main!
[14May2026 16:35:39.701] [modloading-worker-0/INFO] [xaero.common.HudMod/]: Loading client config profiles for channel xaerominimap:main!
[14May2026 16:35:39.719] [modloading-worker-0/INFO] [KubeJS/]: Found plugin source exposure
[14May2026 16:35:39.723] [modloading-worker-0/INFO] [KubeJS/]: Found plugin source ldlib2
[14May2026 16:35:39.731] [modloading-worker-0/INFO] [KubeJS/]: Found plugin source createoreexcavation
[14May2026 16:35:39.745] [modloading-worker-0/INFO] [KubeJS/]: Found plugin source kubejs_create
[14May2026 16:35:39.746] [modloading-worker-0/INFO] [KubeJS/]: Found plugin source createmetallurgy
[14May2026 16:35:39.748] [modloading-worker-0/INFO] [KubeJS/]: Done in 60.68 ms
[14May2026 16:35:39.755] [modloading-worker-0/WARN] [mixin/]: Discarding @Unique public method onLoad in copycats-common.mixins.json:foundation.copycat.CopycatBlockEntityMixin from mod copycats because it already exists in com.simibubi.create.content.decoration.copycat.CopycatBlockEntity
[14May2026 16:35:39.863] [modloading-worker-0/INFO] [fzzy_config/]: Loaded config :emi_loot_config in 188ms
[14May2026 16:35:39.901] [modloading-worker-0/WARN] [mixin/]: @Inject(@At("INVOKE")) Shift.BY=2 on create_connected.mixins.json:sequencedgearshift.SequencedGearshiftScreenMixin from mod create_connected::handler$bma000$create_connected$updateParamsOfRow exceeds the maximum allowed value: 0. Increase the value of maxShiftBy to suppress this warning.
[14May2026 16:35:40.023] [modloading-worker-0/INFO] [Photon/]: Photon is initializing on platform: NeoForge
[14May2026 16:35:40.038] [modloading-worker-0/WARN] [mixin/]: Discarding @Unique public method useItemOn in copycats-common.mixins.json:copycat.step.CopycatStepBlockMixin from mod copycats because it already exists in com.simibubi.create.content.decoration.copycat.CopycatStepBlock
[14May2026 16:35:40.042] [modloading-worker-0/WARN] [mixin/]: Discarding @Unique public method useItemOn in copycats-common.mixins.json:copycat.panel.CopycatPanelBlockMixin from mod copycats because it already exists in com.simibubi.create.content.decoration.copycat.CopycatPanelBlock
[14May2026 16:35:40.042] [modloading-worker-0/WARN] [mixin/]: Discarding @Unique public method mirror in copycats-common.mixins.json:copycat.panel.CopycatPanelBlockMixin from mod copycats because it already exists in com.simibubi.create.content.decoration.copycat.CopycatPanelBlock
[14May2026 16:35:40.042] [modloading-worker-0/WARN] [mixin/]: Discarding @Unique public method rotate in copycats-common.mixins.json:copycat.panel.CopycatPanelBlockMixin from mod copycats because it already exists in com.simibubi.create.content.decoration.copycat.CopycatPanelBlock
[14May2026 16:35:40.412] [modloading-worker-0/INFO] [Railways/]: Registered bogey styles from railways
[14May2026 16:35:40.440] [modloading-worker-0/INFO] [KubeJS/]: Added bindings for script type STARTUP from mod 'almostunified': [AlmostUnified]
[14May2026 16:35:40.511] [modloading-worker-0/INFO] [KubeJS Startup/]: startup_scripts:main.js#2: Hello, World! (Loaded startup example script)
[14May2026 16:35:40.513] [modloading-worker-0/INFO] [KubeJS Startup/]: Loaded script startup_scripts:main.js in 0.072 s
[14May2026 16:35:40.516] [modloading-worker-0/INFO] [KubeJS Startup/]: Loaded 1/1 KubeJS startup scripts in 0.756 s with 0 errors and 0 warnings
[14May2026 16:35:40.552] [modloading-worker-0/INFO] [KubeJS/]: Added bindings for script type CLIENT from mod 'almostunified': [AlmostUnified]
[14May2026 16:35:40.552] [modloading-worker-0/INFO] [KubeJS Client/]: client_scripts:main.js#2: Hello, World! (Loaded client example script)
[14May2026 16:35:40.552] [modloading-worker-0/INFO] [KubeJS Client/]: Loaded script client_scripts:main.js in 0.0 s
[14May2026 16:35:40.552] [modloading-worker-0/INFO] [KubeJS Client/]: Loaded 1/1 KubeJS client scripts in 0.034 s with 0 errors and 0 warnings
[14May2026 16:35:40.556] [modloading-worker-0/INFO] [Railways/]: Registering data fixers
[14May2026 16:35:40.556] [modloading-worker-0/INFO] [KubeJS Startup/]: Validated 2 files in kubejs/assets/ in 1ms
[14May2026 16:35:40.556] [modloading-worker-0/INFO] [KubeJS Startup/]: Validated 0 files in kubejs/data/ in 0ms
[14May2026 16:35:40.565] [modloading-worker-0/INFO] [Railways/]: Registering tracks for Hex Casting
[14May2026 16:35:40.576] [modloading-worker-0/INFO] [Railways/]: Registering tracks for Blue Skies
[14May2026 16:35:40.577] [modloading-worker-0/INFO] [Railways/]: Registering tracks for Twilight Forest
[14May2026 16:35:40.578] [modloading-worker-0/INFO] [Railways/]: Registering tracks for Biomes O' Plenty
[14May2026 16:35:40.580] [modloading-worker-0/INFO] [Railways/]: Registering tracks for Dreams and Desires
[14May2026 16:35:40.581] [modloading-worker-0/INFO] [Railways/]: Registering tracks for Quark
[14May2026 16:35:40.584] [modloading-worker-0/INFO] [Railways/]: Registering tracks for TerraFirmaCraft
[14May2026 16:35:40.930] [modloading-worker-0/INFO] [net.minecraft.server.LoggedPrintStream/]: [STDOUT]: Registering DnDesires Data Components...
[14May2026 16:35:40.930] [modloading-worker-0/INFO] [net.zlt.create_vibrant_vaults.CreateVibrantVaults/]: Create addon mod [Create: Vibrant Vaults] is loading alongside Create [6.0.10]!
[14May2026 16:35:40.930] [modloading-worker-0/INFO] [Create cobblestone NeoForge/]: Create cobblestone NeoForge initializing on platform: NeoForge
[14May2026 16:35:40.930] [modloading-worker-0/INFO] [net.minecraft.server.LoggedPrintStream/]: [STDOUT]: Registering DnDesires Creative Tabs...
[14May2026 16:35:40.930] [modloading-worker-0/INFO] [net.minecraft.server.LoggedPrintStream/]: [STDOUT]: Registering DnDesires Damage Types...
[14May2026 16:35:40.930] [modloading-worker-0/INFO] [net.minecraft.server.LoggedPrintStream/]: [STDOUT]: Registering DnDesires Mob Effects...
[14May2026 16:35:40.930] [modloading-worker-0/INFO] [net.minecraft.server.LoggedPrintStream/]: [STDOUT]: Registering DnDesires Particles...
[14May2026 16:35:40.930] [modloading-worker-0/INFO] [net.minecraft.server.LoggedPrintStream/]: [STDOUT]: Registering DnDesires Recipes Serializers...
[14May2026 16:35:40.930] [modloading-worker-0/INFO] [net.minecraft.server.LoggedPrintStream/]: [STDOUT]: Registering DnDesires Recipes...
[14May2026 16:35:40.930] [modloading-worker-0/INFO] [net.minecraft.server.LoggedPrintStream/]: [STDOUT]: Registering DnDesires Menus...
[14May2026 16:35:40.930] [modloading-worker-0/INFO] [net.minecraft.server.LoggedPrintStream/]: [STDOUT]: Registering DnDesires Sounds...
[14May2026 16:35:40.930] [modloading-worker-0/INFO] [net.minecraft.server.LoggedPrintStream/]: [STDOUT]: Registering DnDesires Dimensions...
[14May2026 16:35:40.930] [modloading-worker-0/INFO] [net.minecraft.server.LoggedPrintStream/]: [STDOUT]: Registering DnDesires Done
[14May2026 16:35:40.934] [modloading-worker-0/INFO] [Create cobblestone NeoForge/]: Registering blocks for Create cobblestone NeoForge
[14May2026 16:35:40.934] [modloading-worker-0/WARN] [Create cobblestone NeoForge/]: Set generator stress tooltip stress to 8. (config not initialized, this is a common forge problem)
[14May2026 16:35:40.936] [modloading-worker-0/INFO] [Create cobblestone NeoForge/]: Registering blockEntities for Create cobblestone NeoForge
[14May2026 16:35:40.942] [modloading-worker-0/INFO] [dev.ryanhcode.sable.Sable/]: Sable loaded!
[14May2026 16:35:40.957] [modloading-worker-0/WARN] [dev.ryanhcode.sable.Sable/]: NOTE: Sable is loaded with Flywheel. Sable contains extensive shader overrides and a full light-storage replacement. Expect this to cause compatibility issues. If issues arise, please report them to the Sable issue tracker (https://github.com/ryanhcode/sable/issues) instead of the Flywheel issue tracker.
[14May2026 16:35:41.177] [modloading-sync-worker/INFO] [com.drmangotea.tfmg.TFMG/]: [TFMG Remapper] Remapped 0 fluids
[14May2026 16:35:41.560] [modloading-sync-worker/INFO] [com.drmangotea.tfmg.TFMG/]: [TFMG Remapper] Remapped 5 blocks
[14May2026 16:35:41.883] [modloading-sync-worker/INFO] [com.drmangotea.tfmg.TFMG/]: [TFMG Remapper] Remapped 5 items
[14May2026 16:35:41.927] [modloading-sync-worker/INFO] [Moonlight/]: Initialized block sets in 8ms
[14May2026 16:35:42.272] [modloading-sync-worker/INFO] [com.tom.createores.CreateOreExcavation/]: Loaded Create Ore Excavation config file createoreexcavation-common.toml
[14May2026 16:35:42.323] [Render thread/INFO] [Moonlight/]: Merging 1 images using mode MIN_AREA_NO_UPSCALE
[14May2026 16:35:42.543] [Render thread/INFO] [Veil/]: GL Debug supported
[14May2026 16:35:42.731] [Render thread/INFO] [xercapaint/]: XercaPaint: Registering client extensions for canvas items
[14May2026 16:35:42.731] [Render thread/INFO] [xercapaint/]: XercaPaint: Client extensions registered successfully
[14May2026 16:35:43.088] [Render thread/INFO] [net.minecraft.server.packs.resources.ReloadableResourceManager/]: Reloading ResourceManager: vanilla, KubeJS Virtual Resource Pack [Before Mods, assets], fabric, mod_resources, mod/sodium, mod/kuma_api, mod/fabric_renderer_api_v1, mod/createthreadedtrains, mod/supermartijn642configlib, mod/sodium_extra, mod/geckolib, mod/createdeco, mod/fabric_item_api_v1, mod/fabric_rendering_fluids_v1, mod/aeronautics_bundled, mod/exposure_catalog, mod/sophisticatedcore, mod/extra_mod_integrations_pneumaticcraft, mod/fabric_convention_tags_v1, mod/xaeroworldmap, mod/controlling, mod/neoforge, mod/modernfix, mod/fabric_block_view_api_v2, mod/fabric_convention_tags_v2, mod/fabric_command_api_v2, mod/createsa_tank_fix, mod/fabric_data_attachment_api_v1, mod/yungsapi, mod/lambdynlights, mod/emiforcreatestock, mod/veil, mod/sophisticatedbackpacks, mod/simulated, mod/extra_mod_integrations_reliquary, mod/balm, mod/fabric_screen_api_v1, mod/connector, mod/exposure, mod/cloth_config, mod/fzzy_config, mod/fabric_api,forgified_fabric_api, mod/pride, mod/fabric_content_registries_v0, mod/extra_mod_integrations_chipped, mod/ok_zoomer, mod/ldlib2, mod/create_connected, mod/emixx, mod/fabric_game_rule_api_v1, mod/fabric_api_lookup_api_v1, mod/vanillabackport, mod/supermartijn642corelib, mod/reeses_sodium_options, mod/curios, mod/searchables, mod/xercapaint, mod/fabric_entity_events_v1, mod/sablephysicscompat, mod/createliquidfuel, mod/architectury, mod/e4mc, mod/fabric_loot_api_v2, mod/lambdynlights_runtime, mod/fabric_loot_api_v3, mod/emiffect, mod/conditional_mixin, mod/transition, mod/photon, mod/emiprofessions, mod/dynamic_fps, mod/fabric_rendering_data_attachment_v1, mod/extra_mod_integrations_irons_spellbooks, mod/fabric_networking_api_v1, mod/shulkerboxtooltip, mod/extra_mod_integrations_actually_additions, mod/fabric_lifecycle_events_v1, mod/fabric_key_binding_api_v1, mod/fabric_client_tags_api_v1, mod/fabric_transfer_api_v1, mod/rhino, mod/extra_mod_integrations_rechiseled, mod/bits_n_bobs, mod/copycats, mod/structurify, mod/fabric_model_loading_api_v1, mod/jei, mod/xaerolib, mod/lithium, mod/aeronautics, mod/fabric_screen_handler_api_v1, mod/fabric_resource_loader_v0, mod/trender, mod/paxi, mod/extra_mod_integrations, mod/fabric_rendering_v1, mod/fabric_renderer_indigo, mod/comforts, mod/fridgedash, mod/create_trimmed, mod/fusion, mod/wrench_wrapper_backend, mod/player_animation_library, mod/fabric_particles_v1, mod/skinlayers3d, mod/tfmg, mod/fabric_transitive_access_wideners_v1, mod/offroad, mod/craftingtweaks, mod/bigcontraptions, mod/emi_create_schematics, mod/emi, mod/kubejs, mod/emi_loot, mod/create_ultimate_factory, mod/emi_letsdo_compat, mod/voicechat,voicechat_api, mod/railways, mod/moonlight, mod/terrablender, mod/fabric_api_base, mod/mousetweaks, mod/create_delete_and_repeat, mod/fabric_blockrenderlayer_v1, mod/createoreexcavation, mod/create_ore_excavation_plus, mod/jade, mod/nochatreports, mod/platform, mod/fabric_block_api_v1, mod/spectrelib, mod/fabric_resource_conditions_api_v1, mod/wrench_wrapper, mod/kotlinforforge, mod/rocketnautics, mod/notenoughanimations, mod/sablecompanion, mod/flywheel, mod/ponder, mod/create, mod/dndecor, mod/create_mixed_casing, mod/createcobblestone, mod/dndesires, mod/create_dragons_plus, mod/sable, mod/xaerominimap, mod/create_sa, mod/fabric_item_group_api_v1, mod/fabric_gametest_api_v1, mod/spruceui, mod/polymorph, mod/almostunified, mod/entityculling, mod/yumi_mc_core, mod/fabric_biome_api_v1, mod/create_vibrant_vaults, mod/fabric_registry_sync_v0, mod/kubejs_create, mod/continuity, mod/betteradvancedtooltips, mod/lambdynlights_api, mod/emi_enchanting, mod/createmetallurgy, mod/appleskin, mod/fabric_recipe_api_v1, mod/ferritecore, mod/extra_mod_integrations_farmers_delight, mod/fabric_object_builder_api_v1, mod/yet_another_config_lib_v3, mod/mymod, mod/betterf3, mod/fabric_sound_api_v1, mod/emi_ores, mod/fabric_message_api_v1, mod/create_enchantment_industry, mod/extra_mod_integrations_core, mod/fabric_data_generation_api_v1, mod/fabric_events_interaction_v0, mod/createaddition, KubeJS Virtual Resource Pack [Internal, assets], KubeJS Virtual Resource Pack [After Mods, assets], KubeJS File Resource Pack [assets], moonlight:merged_pack, KubeJS Virtual Resource Pack [Last, assets], ldlib2
[14May2026 16:35:43.110] [Worker-ResourceReload-0/INFO] [Moonlight/]: Resource cache state for CLIENT_RESOURCES: up to date
[14May2026 16:35:43.111] [Worker-ResourceReload-0/INFO] [Moonlight/]: Starting runtime resource generation for pack type CLIENT_RESOURCES with generators [moonlight:dynamic_resources]
[14May2026 16:35:43.120] [Worker-ResourceReload-0/INFO] [Moonlight/]: Regenerating Dynamic CLIENT_RESOURCES Resources Provider [moonlight:dynamic_resources], requested by strategy REGEN_ON_EVERY_RELOAD
[14May2026 16:35:43.124] [Render thread/INFO] [KubeJS/]: Added bindings for script type CLIENT from mod 'almostunified': [AlmostUnified]
[14May2026 16:35:43.124] [Render thread/INFO] [KubeJS Client/]: Client resource reload complete!
[14May2026 16:35:43.125] [Worker-ResourceReload-0/INFO] [Moonlight/]: Generated runtime CLIENT_RESOURCES for pack moonlight:dynamic_resources in 4.547 ms
[14May2026 16:35:43.125] [Worker-ResourceReload-0/INFO] [Moonlight/]: Finished runtime resources generation for 1 packs in a total of 13.93 ms 
[14May2026 16:35:43.515] [Worker-ResourceReload-7/INFO] [net.swzo.createsa_tank_fix.CreateSATankFix/]: Starting Create SA Tank Fix setup...
[14May2026 16:35:43.517] [Worker-ResourceReload-8/INFO] [xaero.lib.XaeroLib/]: Loading XaeroLib common 1/2!
[14May2026 16:35:43.517] [Worker-ResourceReload-3/INFO] [dev.devce.rocketnautics.RocketNautics/]: Cosmonautics Setup
[14May2026 16:35:43.517] [Worker-ResourceReload-19/INFO] [com.tom.createores.CreateOreExcavation/]: Create Ore Excavation starting
[14May2026 16:35:43.518] [Worker-ResourceReload-7/INFO] [net.swzo.createsa_tank_fix.CreateSATankFix/]: [CreateSATankFix] Loaded Create SA tank capacities from config: S=800, M=1600, L=3200
[14May2026 16:35:43.518] [NeoForge Version Check/INFO] [net.neoforged.fml.VersionChecker/]: [controlling] Starting version check at https://updates.blamejared.com/get?n=controlling&gv=1.21.1&ml=neoforge
[14May2026 16:35:43.522] [Worker-ResourceReload-15/INFO] [voicechat/]: [voicechat] Compatibility version 20
[14May2026 16:35:43.532] [Worker-ResourceReload-16/INFO] [terrablender/]: Registered region minecraft:overworld to index 0 for type OVERWORLD
[14May2026 16:35:43.532] [Worker-ResourceReload-16/INFO] [terrablender/]: Registered region minecraft:nether to index 0 for type NETHER
[14May2026 16:35:43.532] [Worker-ResourceReload-16/INFO] [terrablender/]: Registered region vanillabackport:overworld to index 1 for type OVERWORLD
[14May2026 16:35:43.558] [Worker-ResourceReload-15/INFO] [voicechat/]: [voicechat] Loading plugins
[14May2026 16:35:43.571] [Worker-ResourceReload-15/INFO] [voicechat/]: [voicechat] Loaded 0 plugin(s)
[14May2026 16:35:43.572] [Worker-ResourceReload-15/INFO] [voicechat/]: [voicechat] Initializing plugins
[14May2026 16:35:43.572] [Worker-ResourceReload-15/INFO] [voicechat/]: [voicechat] Initialized 0 plugin(s)
[14May2026 16:35:43.595] [Worker-ResourceReload-1/WARN] [net.minecraft.client.sounds.SoundManager/]: File design_decor:sounds/large_chain/break1.ogg does not exist, cannot add it to event dndecor:large_chain_break
[14May2026 16:35:43.595] [Worker-ResourceReload-1/WARN] [net.minecraft.client.sounds.SoundManager/]: File design_decor:sounds/large_chain/break2.ogg does not exist, cannot add it to event dndecor:large_chain_break
[14May2026 16:35:43.595] [Worker-ResourceReload-1/WARN] [net.minecraft.client.sounds.SoundManager/]: File design_decor:sounds/large_chain/break3.ogg does not exist, cannot add it to event dndecor:large_chain_break
[14May2026 16:35:43.595] [Worker-ResourceReload-1/WARN] [net.minecraft.client.sounds.SoundManager/]: File design_decor:sounds/large_chain/break4.ogg does not exist, cannot add it to event dndecor:large_chain_break
[14May2026 16:35:43.595] [Worker-ResourceReload-1/WARN] [net.minecraft.client.sounds.SoundManager/]: File design_decor:sounds/large_chain/place1.ogg does not exist, cannot add it to event dndecor:large_chain_step
[14May2026 16:35:43.595] [Worker-ResourceReload-1/WARN] [net.minecraft.client.sounds.SoundManager/]: File design_decor:sounds/large_chain/place2.ogg does not exist, cannot add it to event dndecor:large_chain_step
[14May2026 16:35:43.595] [Worker-ResourceReload-1/WARN] [net.minecraft.client.sounds.SoundManager/]: File design_decor:sounds/large_chain/place3.ogg does not exist, cannot add it to event dndecor:large_chain_step
[14May2026 16:35:43.595] [Worker-ResourceReload-1/WARN] [net.minecraft.client.sounds.SoundManager/]: File design_decor:sounds/large_chain/place4.ogg does not exist, cannot add it to event dndecor:large_chain_step
[14May2026 16:35:43.595] [Worker-ResourceReload-1/WARN] [net.minecraft.client.sounds.SoundManager/]: File design_decor:sounds/large_chain/place5.ogg does not exist, cannot add it to event dndecor:large_chain_step
[14May2026 16:35:43.595] [Worker-ResourceReload-1/WARN] [net.minecraft.client.sounds.SoundManager/]: File design_decor:sounds/large_chain/place6.ogg does not exist, cannot add it to event dndecor:large_chain_step
[14May2026 16:35:43.595] [Worker-ResourceReload-1/WARN] [net.minecraft.client.sounds.SoundManager/]: File design_decor:sounds/large_chain/break1.ogg does not exist, cannot add it to event dndecor:large_chain_place
[14May2026 16:35:43.595] [Worker-ResourceReload-1/WARN] [net.minecraft.client.sounds.SoundManager/]: File design_decor:sounds/large_chain/break2.ogg does not exist, cannot add it to event dndecor:large_chain_place
[14May2026 16:35:43.595] [Worker-ResourceReload-1/WARN] [net.minecraft.client.sounds.SoundManager/]: File design_decor:sounds/large_chain/break3.ogg does not exist, cannot add it to event dndecor:large_chain_place
[14May2026 16:35:43.595] [Worker-ResourceReload-1/WARN] [net.minecraft.client.sounds.SoundManager/]: File design_decor:sounds/large_chain/break4.ogg does not exist, cannot add it to event dndecor:large_chain_place
[14May2026 16:35:43.595] [Worker-ResourceReload-1/WARN] [net.minecraft.client.sounds.SoundManager/]: File design_decor:sounds/large_chain/place1.ogg does not exist, cannot add it to event dndecor:large_chain_hit
[14May2026 16:35:43.595] [Worker-ResourceReload-1/WARN] [net.minecraft.client.sounds.SoundManager/]: File design_decor:sounds/large_chain/place2.ogg does not exist, cannot add it to event dndecor:large_chain_hit
[14May2026 16:35:43.595] [Worker-ResourceReload-1/WARN] [net.minecraft.client.sounds.SoundManager/]: File design_decor:sounds/large_chain/place3.ogg does not exist, cannot add it to event dndecor:large_chain_hit
[14May2026 16:35:43.595] [Worker-ResourceReload-1/WARN] [net.minecraft.client.sounds.SoundManager/]: File design_decor:sounds/large_chain/place4.ogg does not exist, cannot add it to event dndecor:large_chain_hit
[14May2026 16:35:43.595] [Worker-ResourceReload-1/WARN] [net.minecraft.client.sounds.SoundManager/]: File design_decor:sounds/large_chain/place5.ogg does not exist, cannot add it to event dndecor:large_chain_hit
[14May2026 16:35:43.595] [Worker-ResourceReload-1/WARN] [net.minecraft.client.sounds.SoundManager/]: File design_decor:sounds/large_chain/place6.ogg does not exist, cannot add it to event dndecor:large_chain_hit
[14May2026 16:35:43.595] [Worker-ResourceReload-1/WARN] [net.minecraft.client.sounds.SoundManager/]: File design_decor:sounds/large_chain/place1.ogg does not exist, cannot add it to event dndecor:large_chain_fall
[14May2026 16:35:43.595] [Worker-ResourceReload-1/WARN] [net.minecraft.client.sounds.SoundManager/]: File design_decor:sounds/large_chain/place2.ogg does not exist, cannot add it to event dndecor:large_chain_fall
[14May2026 16:35:43.595] [Worker-ResourceReload-1/WARN] [net.minecraft.client.sounds.SoundManager/]: File design_decor:sounds/large_chain/place3.ogg does not exist, cannot add it to event dndecor:large_chain_fall
[14May2026 16:35:43.595] [Worker-ResourceReload-1/WARN] [net.minecraft.client.sounds.SoundManager/]: File design_decor:sounds/large_chain/place4.ogg does not exist, cannot add it to event dndecor:large_chain_fall
[14May2026 16:35:43.595] [Worker-ResourceReload-1/WARN] [net.minecraft.client.sounds.SoundManager/]: File design_decor:sounds/large_chain/place5.ogg does not exist, cannot add it to event dndecor:large_chain_fall
[14May2026 16:35:43.595] [Worker-ResourceReload-1/WARN] [net.minecraft.client.sounds.SoundManager/]: File design_decor:sounds/large_chain/place6.ogg does not exist, cannot add it to event dndecor:large_chain_fall
[14May2026 16:35:43.642] [Render thread/ERROR] [net.minecraft.Util/]: Invalid path in pack: createdeco:textures/block/palettes/decals/BLANK_decal_dont_use.png, ignoring
[14May2026 16:35:43.658] [Worker-ResourceReload-13/INFO] [net.minecraft.client.gui.font.providers.UnihexProvider/]: Found unifont_all_no_pua-15.1.05.hex, loading
[14May2026 16:35:43.667] [Worker-ResourceReload-8/INFO] [EMIffect/]: Added extra stack appender for effect with ID: minecraft:bad_omen
[14May2026 16:35:43.667] [Worker-ResourceReload-8/INFO] [EMIffect/]: Added extra stack appender for effect with ID: minecraft:bad_omen
[14May2026 16:35:43.667] [Worker-ResourceReload-8/INFO] [EMIffect/]: Added extra stack appender for effect with ID: minecraft:conduit_power
[14May2026 16:35:43.667] [Worker-ResourceReload-8/INFO] [EMIffect/]: Added extra stack appender for effect with ID: minecraft:darkness
[14May2026 16:35:43.671] [Worker-ResourceReload-8/INFO] [EMIffect/]: Added extra stack appender for effect with ID: minecraft:hunger
[14May2026 16:35:43.671] [Worker-ResourceReload-8/INFO] [EMIffect/]: Added extra stack appender for effect with ID: minecraft:levitation
[14May2026 16:35:43.671] [Worker-ResourceReload-8/INFO] [EMIffect/]: Added extra stack appender for effect with ID: minecraft:mining_fatigue
[14May2026 16:35:43.671] [Worker-ResourceReload-8/INFO] [EMIffect/]: Added extra stack appender for effect with ID: minecraft:water_breathing
[14May2026 16:35:43.671] [Worker-ResourceReload-8/INFO] [EMIffect/]: Added extra stack appender for effect with ID: minecraft:wither
[14May2026 16:35:43.690] [Worker-ResourceReload-9/ERROR] [net.minecraft.Util/]: Invalid path in pack: createdeco:textures/block/palettes/decals/BLANK_decal_dont_use.png, ignoring
[14May2026 16:35:43.739] [Render thread/ERROR] [net.minecraft.Util/]: Invalid path in pack: dndecor:textures/block/old/zinc_catwalk - kopie.png, ignoring
[14May2026 16:35:43.752] [Worker-ResourceReload-9/ERROR] [net.minecraft.Util/]: Invalid path in pack: dndecor:textures/block/old/zinc_catwalk - kopie.png, ignoring
[14May2026 16:35:43.914] [Render thread/ERROR] [net.minecraft.Util/]: Invalid path in pack: byg:textures/block/track/TODO.txt, ignoring
[14May2026 16:35:43.918] [Worker-ResourceReload-9/ERROR] [net.minecraft.Util/]: Invalid path in pack: byg:textures/block/track/TODO.txt, ignoring
[14May2026 16:35:44.010] [Worker-ResourceReload-9/WARN] [net.minecraft.client.renderer.texture.atlas.sources.SingleFile/]: Missing sprite: bits_n_bobs:textures/blocks/nixie_board/text_atlas.png
[14May2026 16:35:44.057] [NeoForge Version Check/INFO] [net.neoforged.fml.VersionChecker/]: [controlling] Found status: BETA Current: 19.0.5 Target: 19.0.5
[14May2026 16:35:44.057] [NeoForge Version Check/INFO] [net.neoforged.fml.VersionChecker/]: [create_connected] Starting version check at https://raw.githubusercontent.com/hlysine/create_connected/main/update.json
[14May2026 16:35:44.076] [Render thread/INFO] [Moonlight/]: Initialized color sets in 83ms
[14May2026 16:35:44.083] [Render thread/ERROR] [Moonlight/]: Fabric API detected! This is not a Fabric mod, so please don't report related issues to MoonlightLib or its dependent(s). This can usually happen when using Connector, or when using a mod that does NOT have a native Neoforge implementation. This can easily lead to poor compatibility and other bizarre issues. Proceed at your own risk. 
 Mods that bundle Fabric API: [forgified-fabric-api-0.116.7+2.2.4+1.21.1.jar]
[14May2026 16:35:44.108] [NeoForge Version Check/INFO] [net.neoforged.fml.VersionChecker/]: [create_connected] Found status: OUTDATED Current: 1.1.14-mc1.21.1 Target: 1.1.16-mc1.21.1
[14May2026 16:35:44.108] [NeoForge Version Check/INFO] [net.neoforged.fml.VersionChecker/]: [searchables] Starting version check at https://updates.blamejared.com/get?n=searchables&gv=1.21.1&ml=neoforge
[14May2026 16:35:44.149] [Render thread/INFO] [ShulkerBoxTooltip/]: [ShulkerBoxTooltip] Could not find configuration file, creating default file
[14May2026 16:35:44.191] [Worker-ResourceReload-13/INFO] [net.minecraft.client.gui.font.providers.UnihexProvider/]: Found unifont_jp_patch-15.1.05.hex, loading
[14May2026 16:35:44.219] [NeoForge Version Check/INFO] [net.neoforged.fml.VersionChecker/]: [searchables] Found status: BETA Current: 1.0.2 Target: 1.0.2
[14May2026 16:35:44.219] [NeoForge Version Check/INFO] [net.neoforged.fml.VersionChecker/]: [dynamic_fps] Starting version check at https://api.lostluma.net/updates/dynamic-fps?platform=neoforge
[14May2026 16:35:44.237] [Render thread/INFO] [dev.devce.rocketnautics.RocketNautics/]: Successfully expanded Sable altitude limits via enqueueWork.
[14May2026 16:35:44.366] [Worker-ResourceReload-3/INFO] [xaero.map.WorldMap/]: Loading Xaero's World Map - Stage 1/2
[14May2026 16:35:44.430] [Worker-ResourceReload-0/INFO] [xaero.lib.XaeroLib/]: Loading XaeroLib client 1/2!
[14May2026 16:35:44.435] [Worker-ResourceReload-18/INFO] [SpectreLib/]: Registering config screens for mod comforts with 2 config(s)
[14May2026 16:35:44.437] [Worker-ResourceReload-1/INFO] [com.mike.create_ore_excavation_plus.CreateOreExcavationPlus/]: create_ore_excavation_plus is starting up on the client side!
[14May2026 16:35:44.437] [Worker-ResourceReload-1/INFO] [com.mike.create_ore_excavation_plus.CreateOreExcavationPlus/]: MINECRAFT NAME >> Rasgajag
[14May2026 16:35:44.440] [Worker-ResourceReload-11/INFO] [xaero.minimap.XaeroMinimap/]: Loading Xaero's Minimap - Stage 1/2
[14May2026 16:35:44.524] [Worker-ResourceReload-20/INFO] [voicechat/]: [voicechat] Initializing Opus
[14May2026 16:35:44.618] [NeoForge Version Check/INFO] [net.neoforged.fml.VersionChecker/]: [dynamic_fps] Found status: UP_TO_DATE Current: 3.11.4 Target: null
[14May2026 16:35:44.618] [NeoForge Version Check/INFO] [net.neoforged.fml.VersionChecker/]: [copycats] Starting version check at https://raw.githubusercontent.com/copycats-plus/copycats/multiloader/update.json
[14May2026 16:35:44.648] [NeoForge Version Check/INFO] [net.neoforged.fml.VersionChecker/]: [copycats] Found status: AHEAD Current: 3.0.4+mc.1.21.1-neoforge Target: null
[14May2026 16:35:44.648] [NeoForge Version Check/INFO] [net.neoforged.fml.VersionChecker/]: [voicechat] Starting version check at https://update.maxhenkel.de/neoforge/voicechat
[14May2026 16:35:44.681] [Worker-ResourceReload-14/ERROR] [net.minecraft.client.resources.model.ModelManager/]: Failed to load model tfmg:models/block/large_transformer/meow.json
com.google.gson.JsonParseException: Invalid rotation -180.0 found, only -45/-22.5/0/22.5/45 allowed
	at TRANSFORMER/minecraft@1.21.1/net.minecraft.client.renderer.block.model.BlockElement$Deserializer.getAngle(BlockElement.java:115) ~[client-1.21.1-20240808.144430-srg.jar%23281!/:?]
	at TRANSFORMER/minecraft@1.21.1/net.minecraft.client.renderer.block.model.BlockElement$Deserializer.getRotation(BlockElement.java:104) ~[client-1.21.1-20240808.144430-srg.jar%23281!/:?]
	at TRANSFORMER/minecraft@1.21.1/net.minecraft.client.renderer.block.model.BlockElement$Deserializer.deserialize(BlockElement.java:84) ~[client-1.21.1-20240808.144430-srg.jar%23281!/:?]
	at TRANSFORMER/minecraft@1.21.1/net.minecraft.client.renderer.block.model.BlockElement$Deserializer.deserialize(BlockElement.java:76) ~[client-1.21.1-20240808.144430-srg.jar%23281!/:?]
	at MC-BOOTSTRAP/com.google.gson@2.10.1/com.google.gson.internal.bind.TreeTypeAdapter.read(TreeTypeAdapter.java:76) ~[gson-2.10.1.jar%23109!/:?]
	at MC-BOOTSTRAP/com.google.gson@2.10.1/com.google.gson.Gson.fromJson(Gson.java:1227) ~[gson-2.10.1.jar%23109!/:?]
	at MC-BOOTSTRAP/com.google.gson@2.10.1/com.google.gson.Gson.fromJson(Gson.java:1329) ~[gson-2.10.1.jar%23109!/:?]
	at MC-BOOTSTRAP/com.google.gson@2.10.1/com.google.gson.Gson.fromJson(Gson.java:1300) ~[gson-2.10.1.jar%23109!/:?]
	at MC-BOOTSTRAP/com.google.gson@2.10.1/com.google.gson.internal.bind.TreeTypeAdapter$GsonContextImpl.deserialize(TreeTypeAdapter.java:179) ~[gson-2.10.1.jar%23109!/:?]
	at TRANSFORMER/minecraft@1.21.1/net.minecraft.client.renderer.block.model.BlockModel$Deserializer.getElements(BlockModel.java:409) ~[client-1.21.1-20240808.144430-srg.jar%23281!/:?]
	at TRANSFORMER/minecraft@1.21.1/net.minecraft.client.renderer.block.model.BlockModel$Deserializer.deserialize(BlockModel.java:338) ~[client-1.21.1-20240808.144430-srg.jar%23281!/:?]
	at TRANSFORMER/neoforge@21.1.228/net.neoforged.neoforge.client.model.ExtendedBlockModelDeserializer.deserialize(ExtendedBlockModelDeserializer.java:51) ~[neoforge-21.1.228-universal.jar%23282!/:?]
	at TRANSFORMER/neoforge@21.1.228/net.neoforged.neoforge.client.model.ExtendedBlockModelDeserializer.deserialize(ExtendedBlockModelDeserializer.java:37) ~[neoforge-21.1.228-universal.jar%23282!/:?]
	at MC-BOOTSTRAP/com.google.gson@2.10.1/com.google.gson.internal.bind.TreeTypeAdapter.read(TreeTypeAdapter.java:76) ~[gson-2.10.1.jar%23109!/:?]
	at TRANSFORMER/minecraft@1.21.1/net.minecraft.util.GsonHelper.fromNullableJson(GsonHelper.java:525) ~[client-1.21.1-20240808.144430-srg.jar%23281!/:?]
	at TRANSFORMER/minecraft@1.21.1/net.minecraft.util.GsonHelper.fromJson(GsonHelper.java:532) ~[client-1.21.1-20240808.144430-srg.jar%23281!/:?]
	at TRANSFORMER/minecraft@1.21.1/net.minecraft.util.GsonHelper.fromJson(GsonHelper.java:582) ~[client-1.21.1-20240808.144430-srg.jar%23281!/:?]
	at TRANSFORMER/minecraft@1.21.1/net.minecraft.client.renderer.block.model.BlockModel.fromStream(BlockModel.java:83) ~[client-1.21.1-20240808.144430-srg.jar%23281!/:?]
	at TRANSFORMER/minecraft@1.21.1/net.minecraft.client.resources.model.ModelManager.lambda$loadBlockModels$8(ModelManager.java:144) [client-1.21.1-20240808.144430-srg.jar%23281!/:?]
	at java.base/java.util.concurrent.CompletableFuture$AsyncSupply.run(CompletableFuture.java:1789) [?:?]
	at java.base/java.util.concurrent.CompletableFuture$AsyncSupply.exec(CompletableFuture.java:1781) [?:?]
	at java.base/java.util.concurrent.ForkJoinTask.doExec(ForkJoinTask.java:511) [?:?]
	at java.base/java.util.concurrent.ForkJoinPool$WorkQueue.topLevelExec(ForkJoinPool.java:1450) [?:?]
	at java.base/java.util.concurrent.ForkJoinPool.runWorker(ForkJoinPool.java:2019) [?:?]
	at java.base/java.util.concurrent.ForkJoinWorkerThread.run(ForkJoinWorkerThread.java:187) [?:?]
[14May2026 16:35:44.754] [Worker-ResourceReload-18/WARN] [net.minecraft.client.renderer.texture.SpriteLoader/]: Texture createmetallurgy:block/palettes/stone_types/cut_slag_block with size 252x252 limits mip level from 4 to 2
[14May2026 16:35:44.755] [Worker-ResourceReload-18/WARN] [net.minecraft.client.renderer.texture.SpriteLoader/]: Texture create_delete_and_repeat:block/spritesheet_3 with size 21x14 limits mip level from 2 to 0
[14May2026 16:35:44.813] [Worker-ResourceReload-0/WARN] [xaero.lib.XaeroLib/]: io exception while checking patreon: Online mod data expired! Date: Wed May 13 15:37:17 EDT 2026
[14May2026 16:35:44.867] [Worker-ResourceReload-0/ERROR] [net.minecraft.client.resources.model.ModelManager/]: Failed to load model mymod:models/custom/scroll_block_stage1.json
com.google.gson.JsonSyntaxException: Missing axis, expected to find a string
	at TRANSFORMER/minecraft@1.21.1/net.minecraft.util.GsonHelper.getAsString(GsonHelper.java:128) ~[client-1.21.1-20240808.144430-srg.jar%23281!/:?]
	at TRANSFORMER/minecraft@1.21.1/net.minecraft.client.renderer.block.model.BlockElement$Deserializer.getAxis(BlockElement.java:122) ~[client-1.21.1-20240808.144430-srg.jar%23281!/:?]
	at TRANSFORMER/minecraft@1.21.1/net.minecraft.client.renderer.block.model.BlockElement$Deserializer.getRotation(BlockElement.java:103) ~[client-1.21.1-20240808.144430-srg.jar%23281!/:?]
	at TRANSFORMER/minecraft@1.21.1/net.minecraft.client.renderer.block.model.BlockElement$Deserializer.deserialize(BlockElement.java:84) ~[client-1.21.1-20240808.144430-srg.jar%23281!/:?]
	at TRANSFORMER/minecraft@1.21.1/net.minecraft.client.renderer.block.model.BlockElement$Deserializer.deserialize(BlockElement.java:76) ~[client-1.21.1-20240808.144430-srg.jar%23281!/:?]
	at MC-BOOTSTRAP/com.google.gson@2.10.1/com.google.gson.internal.bind.TreeTypeAdapter.read(TreeTypeAdapter.java:76) ~[gson-2.10.1.jar%23109!/:?]
	at MC-BOOTSTRAP/com.google.gson@2.10.1/com.google.gson.Gson.fromJson(Gson.java:1227) ~[gson-2.10.1.jar%23109!/:?]
	at MC-BOOTSTRAP/com.google.gson@2.10.1/com.google.gson.Gson.fromJson(Gson.java:1329) ~[gson-2.10.1.jar%23109!/:?]
	at MC-BOOTSTRAP/com.google.gson@2.10.1/com.google.gson.Gson.fromJson(Gson.java:1300) ~[gson-2.10.1.jar%23109!/:?]
	at MC-BOOTSTRAP/com.google.gson@2.10.1/com.google.gson.internal.bind.TreeTypeAdapter$GsonContextImpl.deserialize(TreeTypeAdapter.java:179) ~[gson-2.10.1.jar%23109!/:?]
	at TRANSFORMER/minecraft@1.21.1/net.minecraft.client.renderer.block.model.BlockModel$Deserializer.getElements(BlockModel.java:409) ~[client-1.21.1-20240808.144430-srg.jar%23281!/:?]
	at TRANSFORMER/minecraft@1.21.1/net.minecraft.client.renderer.block.model.BlockModel$Deserializer.deserialize(BlockModel.java:338) ~[client-1.21.1-20240808.144430-srg.jar%23281!/:?]
	at TRANSFORMER/neoforge@21.1.228/net.neoforged.neoforge.client.model.ExtendedBlockModelDeserializer.deserialize(ExtendedBlockModelDeserializer.java:51) ~[neoforge-21.1.228-universal.jar%23282!/:?]
	at TRANSFORMER/neoforge@21.1.228/net.neoforged.neoforge.client.model.ExtendedBlockModelDeserializer.deserialize(ExtendedBlockModelDeserializer.java:37) ~[neoforge-21.1.228-universal.jar%23282!/:?]
	at MC-BOOTSTRAP/com.google.gson@2.10.1/com.google.gson.internal.bind.TreeTypeAdapter.read(TreeTypeAdapter.java:76) ~[gson-2.10.1.jar%23109!/:?]
	at TRANSFORMER/minecraft@1.21.1/net.minecraft.util.GsonHelper.fromNullableJson(GsonHelper.java:525) ~[client-1.21.1-20240808.144430-srg.jar%23281!/:?]
	at TRANSFORMER/minecraft@1.21.1/net.minecraft.util.GsonHelper.fromJson(GsonHelper.java:532) ~[client-1.21.1-20240808.144430-srg.jar%23281!/:?]
	at TRANSFORMER/minecraft@1.21.1/net.minecraft.util.GsonHelper.fromJson(GsonHelper.java:582) ~[client-1.21.1-20240808.144430-srg.jar%23281!/:?]
	at TRANSFORMER/minecraft@1.21.1/net.minecraft.client.renderer.block.model.BlockModel.fromStream(BlockModel.java:83) ~[client-1.21.1-20240808.144430-srg.jar%23281!/:?]
	at TRANSFORMER/minecraft@1.21.1/net.minecraft.client.resources.model.ModelManager.lambda$loadBlockModels$8(ModelManager.java:144) [client-1.21.1-20240808.144430-srg.jar%23281!/:?]
	at java.base/java.util.concurrent.CompletableFuture$AsyncSupply.run(CompletableFuture.java:1789) [?:?]
	at java.base/java.util.concurrent.CompletableFuture$AsyncSupply.exec(CompletableFuture.java:1781) [?:?]
	at java.base/java.util.concurrent.ForkJoinTask.doExec(ForkJoinTask.java:511) [?:?]
	at java.base/java.util.concurrent.ForkJoinPool$WorkQueue.topLevelExec(ForkJoinPool.java:1450) [?:?]
	at java.base/java.util.concurrent.ForkJoinPool.runWorker(ForkJoinPool.java:2019) [?:?]
	at java.base/java.util.concurrent.ForkJoinWorkerThread.run(ForkJoinWorkerThread.java:187) [?:?]
[14May2026 16:35:44.868] [Worker-ResourceReload-14/ERROR] [net.minecraft.client.resources.model.ModelManager/]: Failed to load model mymod:models/custom/scroll.json
com.google.gson.JsonSyntaxException: Missing axis, expected to find a string
	at TRANSFORMER/minecraft@1.21.1/net.minecraft.util.GsonHelper.getAsString(GsonHelper.java:128) ~[client-1.21.1-20240808.144430-srg.jar%23281!/:?]
	at TRANSFORMER/minecraft@1.21.1/net.minecraft.client.renderer.block.model.BlockElement$Deserializer.getAxis(BlockElement.java:122) ~[client-1.21.1-20240808.144430-srg.jar%23281!/:?]
	at TRANSFORMER/minecraft@1.21.1/net.minecraft.client.renderer.block.model.BlockElement$Deserializer.getRotation(BlockElement.java:103) ~[client-1.21.1-20240808.144430-srg.jar%23281!/:?]
	at TRANSFORMER/minecraft@1.21.1/net.minecraft.client.renderer.block.model.BlockElement$Deserializer.deserialize(BlockElement.java:84) ~[client-1.21.1-20240808.144430-srg.jar%23281!/:?]
	at TRANSFORMER/minecraft@1.21.1/net.minecraft.client.renderer.block.model.BlockElement$Deserializer.deserialize(BlockElement.java:76) ~[client-1.21.1-20240808.144430-srg.jar%23281!/:?]
	at MC-BOOTSTRAP/com.google.gson@2.10.1/com.google.gson.internal.bind.TreeTypeAdapter.read(TreeTypeAdapter.java:76) ~[gson-2.10.1.jar%23109!/:?]
	at MC-BOOTSTRAP/com.google.gson@2.10.1/com.google.gson.Gson.fromJson(Gson.java:1227) ~[gson-2.10.1.jar%23109!/:?]
	at MC-BOOTSTRAP/com.google.gson@2.10.1/com.google.gson.Gson.fromJson(Gson.java:1329) ~[gson-2.10.1.jar%23109!/:?]
	at MC-BOOTSTRAP/com.google.gson@2.10.1/com.google.gson.Gson.fromJson(Gson.java:1300) ~[gson-2.10.1.jar%23109!/:?]
	at MC-BOOTSTRAP/com.google.gson@2.10.1/com.google.gson.internal.bind.TreeTypeAdapter$GsonContextImpl.deserialize(TreeTypeAdapter.java:179) ~[gson-2.10.1.jar%23109!/:?]
	at TRANSFORMER/minecraft@1.21.1/net.minecraft.client.renderer.block.model.BlockModel$Deserializer.getElements(BlockModel.java:409) ~[client-1.21.1-20240808.144430-srg.jar%23281!/:?]
	at TRANSFORMER/minecraft@1.21.1/net.minecraft.client.renderer.block.model.BlockModel$Deserializer.deserialize(BlockModel.java:338) ~[client-1.21.1-20240808.144430-srg.jar%23281!/:?]
	at TRANSFORMER/neoforge@21.1.228/net.neoforged.neoforge.client.model.ExtendedBlockModelDeserializer.deserialize(ExtendedBlockModelDeserializer.java:51) ~[neoforge-21.1.228-universal.jar%23282!/:?]
	at TRANSFORMER/neoforge@21.1.228/net.neoforged.neoforge.client.model.ExtendedBlockModelDeserializer.deserialize(ExtendedBlockModelDeserializer.java:37) ~[neoforge-21.1.228-universal.jar%23282!/:?]
	at MC-BOOTSTRAP/com.google.gson@2.10.1/com.google.gson.internal.bind.TreeTypeAdapter.read(TreeTypeAdapter.java:76) ~[gson-2.10.1.jar%23109!/:?]
	at TRANSFORMER/minecraft@1.21.1/net.minecraft.util.GsonHelper.fromNullableJson(GsonHelper.java:525) ~[client-1.21.1-20240808.144430-srg.jar%23281!/:?]
	at TRANSFORMER/minecraft@1.21.1/net.minecraft.util.GsonHelper.fromJson(GsonHelper.java:532) ~[client-1.21.1-20240808.144430-srg.jar%23281!/:?]
	at TRANSFORMER/minecraft@1.21.1/net.minecraft.util.GsonHelper.fromJson(GsonHelper.java:582) ~[client-1.21.1-20240808.144430-srg.jar%23281!/:?]
	at TRANSFORMER/minecraft@1.21.1/net.minecraft.client.renderer.block.model.BlockModel.fromStream(BlockModel.java:83) ~[client-1.21.1-20240808.144430-srg.jar%23281!/:?]
	at TRANSFORMER/minecraft@1.21.1/net.minecraft.client.resources.model.ModelManager.lambda$loadBlockModels$8(ModelManager.java:144) [client-1.21.1-20240808.144430-srg.jar%23281!/:?]
	at java.base/java.util.concurrent.CompletableFuture$AsyncSupply.run(CompletableFuture.java:1789) [?:?]
	at java.base/java.util.concurrent.CompletableFuture$AsyncSupply.exec(CompletableFuture.java:1781) [?:?]
	at java.base/java.util.concurrent.ForkJoinTask.doExec(ForkJoinTask.java:511) [?:?]
	at java.base/java.util.concurrent.ForkJoinPool$WorkQueue.topLevelExec(ForkJoinPool.java:1450) [?:?]
	at java.base/java.util.concurrent.ForkJoinPool.runWorker(ForkJoinPool.java:2019) [?:?]
	at java.base/java.util.concurrent.ForkJoinWorkerThread.run(ForkJoinWorkerThread.java:187) [?:?]
[14May2026 16:35:44.868] [Worker-ResourceReload-4/ERROR] [net.minecraft.client.resources.model.ModelManager/]: Failed to load model mymod:models/custom/scrollii.json
com.google.gson.JsonSyntaxException: Missing axis, expected to find a string
	at TRANSFORMER/minecraft@1.21.1/net.minecraft.util.GsonHelper.getAsString(GsonHelper.java:128) ~[client-1.21.1-20240808.144430-srg.jar%23281!/:?]
	at TRANSFORMER/minecraft@1.21.1/net.minecraft.client.renderer.block.model.BlockElement$Deserializer.getAxis(BlockElement.java:122) ~[client-1.21.1-20240808.144430-srg.jar%23281!/:?]
	at TRANSFORMER/minecraft@1.21.1/net.minecraft.client.renderer.block.model.BlockElement$Deserializer.getRotation(BlockElement.java:103) ~[client-1.21.1-20240808.144430-srg.jar%23281!/:?]
	at TRANSFORMER/minecraft@1.21.1/net.minecraft.client.renderer.block.model.BlockElement$Deserializer.deserialize(BlockElement.java:84) ~[client-1.21.1-20240808.144430-srg.jar%23281!/:?]
	at TRANSFORMER/minecraft@1.21.1/net.minecraft.client.renderer.block.model.BlockElement$Deserializer.deserialize(BlockElement.java:76) ~[client-1.21.1-20240808.144430-srg.jar%23281!/:?]
	at MC-BOOTSTRAP/com.google.gson@2.10.1/com.google.gson.internal.bind.TreeTypeAdapter.read(TreeTypeAdapter.java:76) ~[gson-2.10.1.jar%23109!/:?]
	at MC-BOOTSTRAP/com.google.gson@2.10.1/com.google.gson.Gson.fromJson(Gson.java:1227) ~[gson-2.10.1.jar%23109!/:?]
	at MC-BOOTSTRAP/com.google.gson@2.10.1/com.google.gson.Gson.fromJson(Gson.java:1329) ~[gson-2.10.1.jar%23109!/:?]
	at MC-BOOTSTRAP/com.google.gson@2.10.1/com.google.gson.Gson.fromJson(Gson.java:1300) ~[gson-2.10.1.jar%23109!/:?]
	at MC-BOOTSTRAP/com.google.gson@2.10.1/com.google.gson.internal.bind.TreeTypeAdapter$GsonContextImpl.deserialize(TreeTypeAdapter.java:179) ~[gson-2.10.1.jar%23109!/:?]
	at TRANSFORMER/minecraft@1.21.1/net.minecraft.client.renderer.block.model.BlockModel$Deserializer.getElements(BlockModel.java:409) ~[client-1.21.1-20240808.144430-srg.jar%23281!/:?]
	at TRANSFORMER/minecraft@1.21.1/net.minecraft.client.renderer.block.model.BlockModel$Deserializer.deserialize(BlockModel.java:338) ~[client-1.21.1-20240808.144430-srg.jar%23281!/:?]
	at TRANSFORMER/neoforge@21.1.228/net.neoforged.neoforge.client.model.ExtendedBlockModelDeserializer.deserialize(ExtendedBlockModelDeserializer.java:51) ~[neoforge-21.1.228-universal.jar%23282!/:?]
	at TRANSFORMER/neoforge@21.1.228/net.neoforged.neoforge.client.model.ExtendedBlockModelDeserializer.deserialize(ExtendedBlockModelDeserializer.java:37) ~[neoforge-21.1.228-universal.jar%23282!/:?]
	at MC-BOOTSTRAP/com.google.gson@2.10.1/com.google.gson.internal.bind.TreeTypeAdapter.read(TreeTypeAdapter.java:76) ~[gson-2.10.1.jar%23109!/:?]
	at TRANSFORMER/minecraft@1.21.1/net.minecraft.util.GsonHelper.fromNullableJson(GsonHelper.java:525) ~[client-1.21.1-20240808.144430-srg.jar%23281!/:?]
	at TRANSFORMER/minecraft@1.21.1/net.minecraft.util.GsonHelper.fromJson(GsonHelper.java:532) ~[client-1.21.1-20240808.144430-srg.jar%23281!/:?]
	at TRANSFORMER/minecraft@1.21.1/net.minecraft.util.GsonHelper.fromJson(GsonHelper.java:582) ~[client-1.21.1-20240808.144430-srg.jar%23281!/:?]
	at TRANSFORMER/minecraft@1.21.1/net.minecraft.client.renderer.block.model.BlockModel.fromStream(BlockModel.java:83) ~[client-1.21.1-20240808.144430-srg.jar%23281!/:?]
	at TRANSFORMER/minecraft@1.21.1/net.minecraft.client.resources.model.ModelManager.lambda$loadBlockModels$8(ModelManager.java:144) [client-1.21.1-20240808.144430-srg.jar%23281!/:?]
	at java.base/java.util.concurrent.CompletableFuture$AsyncSupply.run(CompletableFuture.java:1789) [?:?]
	at java.base/java.util.concurrent.CompletableFuture$AsyncSupply.exec(CompletableFuture.java:1781) [?:?]
	at java.base/java.util.concurrent.ForkJoinTask.doExec(ForkJoinTask.java:511) [?:?]
	at java.base/java.util.concurrent.ForkJoinPool$WorkQueue.topLevelExec(ForkJoinPool.java:1450) [?:?]
	at java.base/java.util.concurrent.ForkJoinPool.runWorker(ForkJoinPool.java:2019) [?:?]
	at java.base/java.util.concurrent.ForkJoinWorkerThread.run(ForkJoinWorkerThread.java:187) [?:?]
[14May2026 16:35:44.867] [Worker-ResourceReload-8/ERROR] [net.minecraft.client.resources.model.ModelManager/]: Failed to load model mymod:models/custom/scroll_block_stage3.json
com.google.gson.JsonSyntaxException: Missing axis, expected to find a string
	at TRANSFORMER/minecraft@1.21.1/net.minecraft.util.GsonHelper.getAsString(GsonHelper.java:128) ~[client-1.21.1-20240808.144430-srg.jar%23281!/:?]
	at TRANSFORMER/minecraft@1.21.1/net.minecraft.client.renderer.block.model.BlockElement$Deserializer.getAxis(BlockElement.java:122) ~[client-1.21.1-20240808.144430-srg.jar%23281!/:?]
	at TRANSFORMER/minecraft@1.21.1/net.minecraft.client.renderer.block.model.BlockElement$Deserializer.getRotation(BlockElement.java:103) ~[client-1.21.1-20240808.144430-srg.jar%23281!/:?]
	at TRANSFORMER/minecraft@1.21.1/net.minecraft.client.renderer.block.model.BlockElement$Deserializer.deserialize(BlockElement.java:84) ~[client-1.21.1-20240808.144430-srg.jar%23281!/:?]
	at TRANSFORMER/minecraft@1.21.1/net.minecraft.client.renderer.block.model.BlockElement$Deserializer.deserialize(BlockElement.java:76) ~[client-1.21.1-20240808.144430-srg.jar%23281!/:?]
	at MC-BOOTSTRAP/com.google.gson@2.10.1/com.google.gson.internal.bind.TreeTypeAdapter.read(TreeTypeAdapter.java:76) ~[gson-2.10.1.jar%23109!/:?]
	at MC-BOOTSTRAP/com.google.gson@2.10.1/com.google.gson.Gson.fromJson(Gson.java:1227) ~[gson-2.10.1.jar%23109!/:?]
	at MC-BOOTSTRAP/com.google.gson@2.10.1/com.google.gson.Gson.fromJson(Gson.java:1329) ~[gson-2.10.1.jar%23109!/:?]
	at MC-BOOTSTRAP/com.google.gson@2.10.1/com.google.gson.Gson.fromJson(Gson.java:1300) ~[gson-2.10.1.jar%23109!/:?]
	at MC-BOOTSTRAP/com.google.gson@2.10.1/com.google.gson.internal.bind.TreeTypeAdapter$GsonContextImpl.deserialize(TreeTypeAdapter.java:179) ~[gson-2.10.1.jar%23109!/:?]
	at TRANSFORMER/minecraft@1.21.1/net.minecraft.client.renderer.block.model.BlockModel$Deserializer.getElements(BlockModel.java:409) ~[client-1.21.1-20240808.144430-srg.jar%23281!/:?]
	at TRANSFORMER/minecraft@1.21.1/net.minecraft.client.renderer.block.model.BlockModel$Deserializer.deserialize(BlockModel.java:338) ~[client-1.21.1-20240808.144430-srg.jar%23281!/:?]
	at TRANSFORMER/neoforge@21.1.228/net.neoforged.neoforge.client.model.ExtendedBlockModelDeserializer.deserialize(ExtendedBlockModelDeserializer.java:51) ~[neoforge-21.1.228-universal.jar%23282!/:?]
	at TRANSFORMER/neoforge@21.1.228/net.neoforged.neoforge.client.model.ExtendedBlockModelDeserializer.deserialize(ExtendedBlockModelDeserializer.java:37) ~[neoforge-21.1.228-universal.jar%23282!/:?]
	at MC-BOOTSTRAP/com.google.gson@2.10.1/com.google.gson.internal.bind.TreeTypeAdapter.read(TreeTypeAdapter.java:76) ~[gson-2.10.1.jar%23109!/:?]
	at TRANSFORMER/minecraft@1.21.1/net.minecraft.util.GsonHelper.fromNullableJson(GsonHelper.java:525) ~[client-1.21.1-20240808.144430-srg.jar%23281!/:?]
	at TRANSFORMER/minecraft@1.21.1/net.minecraft.util.GsonHelper.fromJson(GsonHelper.java:532) ~[client-1.21.1-20240808.144430-srg.jar%23281!/:?]
	at TRANSFORMER/minecraft@1.21.1/net.minecraft.util.GsonHelper.fromJson(GsonHelper.java:582) ~[client-1.21.1-20240808.144430-srg.jar%23281!/:?]
	at TRANSFORMER/minecraft@1.21.1/net.minecraft.client.renderer.block.model.BlockModel.fromStream(BlockModel.java:83) ~[client-1.21.1-20240808.144430-srg.jar%23281!/:?]
	at TRANSFORMER/minecraft@1.21.1/net.minecraft.client.resources.model.ModelManager.lambda$loadBlockModels$8(ModelManager.java:144) [client-1.21.1-20240808.144430-srg.jar%23281!/:?]
	at java.base/java.util.concurrent.CompletableFuture$AsyncSupply.run(CompletableFuture.java:1789) [?:?]
	at java.base/java.util.concurrent.CompletableFuture$AsyncSupply.exec(CompletableFuture.java:1781) [?:?]
	at java.base/java.util.concurrent.ForkJoinTask.doExec(ForkJoinTask.java:511) [?:?]
	at java.base/java.util.concurrent.ForkJoinPool$WorkQueue.topLevelExec(ForkJoinPool.java:1450) [?:?]
	at java.base/java.util.concurrent.ForkJoinPool.runWorker(ForkJoinPool.java:2019) [?:?]
	at java.base/java.util.concurrent.ForkJoinWorkerThread.run(ForkJoinWorkerThread.java:187) [?:?]
[14May2026 16:35:44.871] [Worker-ResourceReload-19/ERROR] [net.minecraft.client.resources.model.ModelManager/]: Failed to load model mymod:models/custom/waterclube.json
com.google.gson.JsonSyntaxException: Missing axis, expected to find a string
	at TRANSFORMER/minecraft@1.21.1/net.minecraft.util.GsonHelper.getAsString(GsonHelper.java:128) ~[client-1.21.1-20240808.144430-srg.jar%23281!/:?]
	at TRANSFORMER/minecraft@1.21.1/net.minecraft.client.renderer.block.model.BlockElement$Deserializer.getAxis(BlockElement.java:122) ~[client-1.21.1-20240808.144430-srg.jar%23281!/:?]
	at TRANSFORMER/minecraft@1.21.1/net.minecraft.client.renderer.block.model.BlockElement$Deserializer.getRotation(BlockElement.java:103) ~[client-1.21.1-20240808.144430-srg.jar%23281!/:?]
	at TRANSFORMER/minecraft@1.21.1/net.minecraft.client.renderer.block.model.BlockElement$Deserializer.deserialize(BlockElement.java:84) ~[client-1.21.1-20240808.144430-srg.jar%23281!/:?]
	at TRANSFORMER/minecraft@1.21.1/net.minecraft.client.renderer.block.model.BlockElement$Deserializer.deserialize(BlockElement.java:76) ~[client-1.21.1-20240808.144430-srg.jar%23281!/:?]
	at MC-BOOTSTRAP/com.google.gson@2.10.1/com.google.gson.internal.bind.TreeTypeAdapter.read(TreeTypeAdapter.java:76) ~[gson-2.10.1.jar%23109!/:?]
	at MC-BOOTSTRAP/com.google.gson@2.10.1/com.google.gson.Gson.fromJson(Gson.java:1227) ~[gson-2.10.1.jar%23109!/:?]
	at MC-BOOTSTRAP/com.google.gson@2.10.1/com.google.gson.Gson.fromJson(Gson.java:1329) ~[gson-2.10.1.jar%23109!/:?]
	at MC-BOOTSTRAP/com.google.gson@2.10.1/com.google.gson.Gson.fromJson(Gson.java:1300) ~[gson-2.10.1.jar%23109!/:?]
	at MC-BOOTSTRAP/com.google.gson@2.10.1/com.google.gson.internal.bind.TreeTypeAdapter$GsonContextImpl.deserialize(TreeTypeAdapter.java:179) ~[gson-2.10.1.jar%23109!/:?]
	at TRANSFORMER/minecraft@1.21.1/net.minecraft.client.renderer.block.model.BlockModel$Deserializer.getElements(BlockModel.java:409) ~[client-1.21.1-20240808.144430-srg.jar%23281!/:?]
	at TRANSFORMER/minecraft@1.21.1/net.minecraft.client.renderer.block.model.BlockModel$Deserializer.deserialize(BlockModel.java:338) ~[client-1.21.1-20240808.144430-srg.jar%23281!/:?]
	at TRANSFORMER/neoforge@21.1.228/net.neoforged.neoforge.client.model.ExtendedBlockModelDeserializer.deserialize(ExtendedBlockModelDeserializer.java:51) ~[neoforge-21.1.228-universal.jar%23282!/:?]
	at TRANSFORMER/neoforge@21.1.228/net.neoforged.neoforge.client.model.ExtendedBlockModelDeserializer.deserialize(ExtendedBlockModelDeserializer.java:37) ~[neoforge-21.1.228-universal.jar%23282!/:?]
	at MC-BOOTSTRAP/com.google.gson@2.10.1/com.google.gson.internal.bind.TreeTypeAdapter.read(TreeTypeAdapter.java:76) ~[gson-2.10.1.jar%23109!/:?]
	at TRANSFORMER/minecraft@1.21.1/net.minecraft.util.GsonHelper.fromNullableJson(GsonHelper.java:525) ~[client-1.21.1-20240808.144430-srg.jar%23281!/:?]
	at TRANSFORMER/minecraft@1.21.1/net.minecraft.util.GsonHelper.fromJson(GsonHelper.java:532) ~[client-1.21.1-20240808.144430-srg.jar%23281!/:?]
	at TRANSFORMER/minecraft@1.21.1/net.minecraft.util.GsonHelper.fromJson(GsonHelper.java:582) ~[client-1.21.1-20240808.144430-srg.jar%23281!/:?]
	at TRANSFORMER/minecraft@1.21.1/net.minecraft.client.renderer.block.model.BlockModel.fromStream(BlockModel.java:83) ~[client-1.21.1-20240808.144430-srg.jar%23281!/:?]
	at TRANSFORMER/minecraft@1.21.1/net.minecraft.client.resources.model.ModelManager.lambda$loadBlockModels$8(ModelManager.java:144) [client-1.21.1-20240808.144430-srg.jar%23281!/:?]
	at java.base/java.util.concurrent.CompletableFuture$AsyncSupply.run(CompletableFuture.java:1789) [?:?]
	at java.base/java.util.concurrent.CompletableFuture$AsyncSupply.exec(CompletableFuture.java:1781) [?:?]
	at java.base/java.util.concurrent.ForkJoinTask.doExec(ForkJoinTask.java:511) [?:?]
	at java.base/java.util.concurrent.ForkJoinPool$WorkQueue.topLevelExec(ForkJoinPool.java:1450) [?:?]
	at java.base/java.util.concurrent.ForkJoinPool.runWorker(ForkJoinPool.java:2019) [?:?]
	at java.base/java.util.concurrent.ForkJoinWorkerThread.run(ForkJoinWorkerThread.java:187) [?:?]
[14May2026 16:35:44.871] [Worker-ResourceReload-12/ERROR] [net.minecraft.client.resources.model.ModelManager/]: Failed to load model mymod:models/custom/scroll_block_stage2.json
com.google.gson.JsonSyntaxException: Missing axis, expected to find a string
	at TRANSFORMER/minecraft@1.21.1/net.minecraft.util.GsonHelper.getAsString(GsonHelper.java:128) ~[client-1.21.1-20240808.144430-srg.jar%23281!/:?]
	at TRANSFORMER/minecraft@1.21.1/net.minecraft.client.renderer.block.model.BlockElement$Deserializer.getAxis(BlockElement.java:122) ~[client-1.21.1-20240808.144430-srg.jar%23281!/:?]
	at TRANSFORMER/minecraft@1.21.1/net.minecraft.client.renderer.block.model.BlockElement$Deserializer.getRotation(BlockElement.java:103) ~[client-1.21.1-20240808.144430-srg.jar%23281!/:?]
	at TRANSFORMER/minecraft@1.21.1/net.minecraft.client.renderer.block.model.BlockElement$Deserializer.deserialize(BlockElement.java:84) ~[client-1.21.1-20240808.144430-srg.jar%23281!/:?]
	at TRANSFORMER/minecraft@1.21.1/net.minecraft.client.renderer.block.model.BlockElement$Deserializer.deserialize(BlockElement.java:76) ~[client-1.21.1-20240808.144430-srg.jar%23281!/:?]
	at MC-BOOTSTRAP/com.google.gson@2.10.1/com.google.gson.internal.bind.TreeTypeAdapter.read(TreeTypeAdapter.java:76) ~[gson-2.10.1.jar%23109!/:?]
	at MC-BOOTSTRAP/com.google.gson@2.10.1/com.google.gson.Gson.fromJson(Gson.java:1227) ~[gson-2.10.1.jar%23109!/:?]
	at MC-BOOTSTRAP/com.google.gson@2.10.1/com.google.gson.Gson.fromJson(Gson.java:1329) ~[gson-2.10.1.jar%23109!/:?]
	at MC-BOOTSTRAP/com.google.gson@2.10.1/com.google.gson.Gson.fromJson(Gson.java:1300) ~[gson-2.10.1.jar%23109!/:?]
	at MC-BOOTSTRAP/com.google.gson@2.10.1/com.google.gson.internal.bind.TreeTypeAdapter$GsonContextImpl.deserialize(TreeTypeAdapter.java:179) ~[gson-2.10.1.jar%23109!/:?]
	at TRANSFORMER/minecraft@1.21.1/net.minecraft.client.renderer.block.model.BlockModel$Deserializer.getElements(BlockModel.java:409) ~[client-1.21.1-20240808.144430-srg.jar%23281!/:?]
	at TRANSFORMER/minecraft@1.21.1/net.minecraft.client.renderer.block.model.BlockModel$Deserializer.deserialize(BlockModel.java:338) ~[client-1.21.1-20240808.144430-srg.jar%23281!/:?]
	at TRANSFORMER/neoforge@21.1.228/net.neoforged.neoforge.client.model.ExtendedBlockModelDeserializer.deserialize(ExtendedBlockModelDeserializer.java:51) ~[neoforge-21.1.228-universal.jar%23282!/:?]
	at TRANSFORMER/neoforge@21.1.228/net.neoforged.neoforge.client.model.ExtendedBlockModelDeserializer.deserialize(ExtendedBlockModelDeserializer.java:37) ~[neoforge-21.1.228-universal.jar%23282!/:?]
	at MC-BOOTSTRAP/com.google.gson@2.10.1/com.google.gson.internal.bind.TreeTypeAdapter.read(TreeTypeAdapter.java:76) ~[gson-2.10.1.jar%23109!/:?]
	at TRANSFORMER/minecraft@1.21.1/net.minecraft.util.GsonHelper.fromNullableJson(GsonHelper.java:525) ~[client-1.21.1-20240808.144430-srg.jar%23281!/:?]
	at TRANSFORMER/minecraft@1.21.1/net.minecraft.util.GsonHelper.fromJson(GsonHelper.java:532) ~[client-1.21.1-20240808.144430-srg.jar%23281!/:?]
	at TRANSFORMER/minecraft@1.21.1/net.minecraft.util.GsonHelper.fromJson(GsonHelper.java:582) ~[client-1.21.1-20240808.144430-srg.jar%23281!/:?]
	at TRANSFORMER/minecraft@1.21.1/net.minecraft.client.renderer.block.model.BlockModel.fromStream(BlockModel.java:83) ~[client-1.21.1-20240808.144430-srg.jar%23281!/:?]
	at TRANSFORMER/minecraft@1.21.1/net.minecraft.client.resources.model.ModelManager.lambda$loadBlockModels$8(ModelManager.java:144) [client-1.21.1-20240808.144430-srg.jar%23281!/:?]
	at java.base/java.util.concurrent.CompletableFuture$AsyncSupply.run(CompletableFuture.java:1789) [?:?]
	at java.base/java.util.concurrent.CompletableFuture$AsyncSupply.exec(CompletableFuture.java:1781) [?:?]
	at java.base/java.util.concurrent.ForkJoinTask.doExec(ForkJoinTask.java:511) [?:?]
	at java.base/java.util.concurrent.ForkJoinPool$WorkQueue.topLevelExec(ForkJoinPool.java:1450) [?:?]
	at java.base/java.util.concurrent.ForkJoinPool.runWorker(ForkJoinPool.java:2019) [?:?]
	at java.base/java.util.concurrent.ForkJoinWorkerThread.run(ForkJoinWorkerThread.java:187) [?:?]
[14May2026 16:35:45.009] [Worker-ResourceReload-20/INFO] [voicechat/]: [voicechat] Successfully initialized Opus
[14May2026 16:35:45.010] [Worker-ResourceReload-20/INFO] [voicechat/]: [voicechat] Initializing RNNoise
[14May2026 16:35:45.028] [NeoForge Version Check/INFO] [net.neoforged.fml.VersionChecker/]: [voicechat] Found status: BETA Current: 1.21.1-2.6.17 Target: 1.21.1-2.6.17
[14May2026 16:35:45.029] [NeoForge Version Check/INFO] [net.neoforged.fml.VersionChecker/]: [createoreexcavation] Starting version check at https://raw.githubusercontent.com/tom5454/Create-Ore-Excavation/main/version-check.json
[14May2026 16:35:45.036] [Worker-ResourceReload-20/INFO] [voicechat/]: [voicechat] Successfully initialized RNNoise
[14May2026 16:35:45.042] [NeoForge Version Check/INFO] [net.neoforged.fml.VersionChecker/]: [createoreexcavation] Found status: BETA Current: 1.6.8 Target: 1.6.8
[14May2026 16:35:45.042] [NeoForge Version Check/INFO] [net.neoforged.fml.VersionChecker/]: [create] Starting version check at https://api.modrinth.com/updates/create/forge_updates.json?neoforge=only
[14May2026 16:35:45.042] [Worker-ResourceReload-20/INFO] [voicechat/]: [voicechat] Initializing Speex
[14May2026 16:35:45.065] [Worker-ResourceReload-20/INFO] [voicechat/]: [voicechat] Successfully initialized Speex
[14May2026 16:35:45.069] [Worker-ResourceReload-20/INFO] [voicechat/]: [voicechat] Initializing LAME
[14May2026 16:35:45.078] [Worker-ResourceReload-20/INFO] [voicechat/]: [voicechat] Successfully initialized LAME
[14May2026 16:35:45.082] [Worker-ResourceReload-20/INFO] [voicechat/]: [voicechat] Using Cloth Config GUI
[14May2026 16:35:45.124] [NeoForge Version Check/INFO] [net.neoforged.fml.VersionChecker/]: [create] Found status: OUTDATED Current: 6.0.10 Target: 6.0.10+mc1.21.1
[14May2026 16:35:45.124] [NeoForge Version Check/INFO] [net.neoforged.fml.VersionChecker/]: [betterf3] Starting version check at https://api.modrinth.com/updates/betterf3/forge_updates.json
[14May2026 16:35:45.166] [NeoForge Version Check/INFO] [net.neoforged.fml.VersionChecker/]: [betterf3] Found status: UP_TO_DATE Current: 11.0.3 Target: null
[14May2026 16:35:45.269] [Render thread/INFO] [xercapaint/]: XercaPaint: Registered item properties for canvas and palette
[14May2026 16:35:45.292] [Render thread/INFO] [xaero.map.WorldMap/]: Loading Xaero's World Map - Stage 2/2
[14May2026 16:35:45.297] [Render thread/INFO] [xaero.map.WorldMap/]: New world map region cache hash code: -29333608
[14May2026 16:35:45.501] [Worker-ResourceReload-17/WARN] [net.minecraft.client.resources.model.ModelBakery/]: Unable to load model: 'minecraft:block' referenced from: simulated:block/rope_connector/block_horizontal: java.io.FileNotFoundException: minecraft:models/block.json
[14May2026 16:35:45.716] [Render thread/ERROR] [xaero.map.WorldMap/]: io exception while checking versions: Online mod data expired! Date: Wed May 13 15:37:17 EDT 2026
[14May2026 16:35:45.717] [Render thread/INFO] [xaero.map.WorldMap/]: Registered player tracker system: map_synced
[14May2026 16:35:45.719] [Render thread/INFO] [xaero.map.WorldMap/]: Xaero's WorldMap Mod: Xaero's minimap found!
[14May2026 16:35:45.721] [Render thread/INFO] [xaero.map.WorldMap/]: Registered player tracker system: minimap_synced
[14May2026 16:35:45.721] [Render thread/INFO] [xaero.map.WorldMap/]: No Optifine!
[14May2026 16:35:45.721] [Render thread/INFO] [xaero.map.WorldMap/]: Xaero's World Map: No Vivecraft!
[14May2026 16:35:45.739] [Render thread/INFO] [xaero.lib.XaeroLib/]: Loading XaeroLib common 2/2!
[14May2026 16:35:45.739] [Render thread/INFO] [xaero.lib.XaeroLib/]: Loading XaeroLib client 2/2!
[14May2026 16:35:45.756] [Render thread/INFO] [KubeJS/]: Started the local web server at http://localhost:61423
[14May2026 16:35:45.757] [Render thread/INFO] [xaero.minimap.XaeroMinimap/]: Loading Xaero's Minimap - Stage 2/2
[14May2026 16:35:45.973] [Worker-ResourceReload-17/WARN] [net.minecraft.client.resources.model.ModelBakery/]: Unable to load model: 'minecraft:block_block' referenced from: tfmg:block/electric_diode/block: java.io.FileNotFoundException: minecraft:models/block_block.json
[14May2026 16:35:46.104] [Render thread/WARN] [xaero.hud.minimap.MinimapLogs/]: io exception while checking versions: Online mod data expired! Date: Wed May 13 15:37:17 EDT 2026
[14May2026 16:35:46.107] [Render thread/INFO] [xaero.hud.minimap.MinimapLogs/]: Registered player tracker system: minimap_synced
[14May2026 16:35:46.108] [Render thread/INFO] [xaero.hud.minimap.MinimapLogs/]: Xaero's Minimap: World Map found!
[14May2026 16:35:46.108] [Render thread/INFO] [xaero.hud.minimap.MinimapLogs/]: No Optifine!
[14May2026 16:35:46.108] [Render thread/INFO] [xaero.hud.minimap.MinimapLogs/]: Xaero's Minimap: No Vivecraft!
[14May2026 16:35:46.148] [Render thread/INFO] [net.swzo.createsa_tank_fix.CreateSATankFix/]: [CreateSATankFix] Successfully registered hacked tank capability for: create_sa:small_filling_tank
[14May2026 16:35:46.149] [Render thread/INFO] [net.swzo.createsa_tank_fix.CreateSATankFix/]: [CreateSATankFix] Successfully registered hacked tank capability for: create_sa:medium_filling_tank
[14May2026 16:35:46.149] [Render thread/INFO] [net.swzo.createsa_tank_fix.CreateSATankFix/]: [CreateSATankFix] Successfully registered hacked tank capability for: create_sa:large_filling_tank
[14May2026 16:35:46.149] [Render thread/INFO] [net.swzo.createsa_tank_fix.CreateSATankFix/]: [CreateSATankFix] Successfully registered hacked tank capability for: create_sa:small_fueling_tank
[14May2026 16:35:46.149] [Render thread/INFO] [net.swzo.createsa_tank_fix.CreateSATankFix/]: [CreateSATankFix] Successfully registered hacked tank capability for: create_sa:medium_fueling_tank
[14May2026 16:35:46.149] [Render thread/INFO] [net.swzo.createsa_tank_fix.CreateSATankFix/]: [CreateSATankFix] Successfully registered hacked tank capability for: create_sa:large_fueling_tank
[14May2026 16:35:46.360] [Worker-ResourceReload-17/WARN] [net.minecraft.client.resources.model.BlockStateModelLoader/]: Exception loading blockstate definition: 'dndecor:blockstates/lead_cross_bolt.json' missing model for variant: 'dndecor:lead_cross_bolt#facing=up,rotation=270'
[14May2026 16:35:46.360] [Worker-ResourceReload-17/WARN] [net.minecraft.client.resources.model.BlockStateModelLoader/]: Exception loading blockstate definition: 'dndecor:blockstates/lead_cross_bolt.json' missing model for variant: 'dndecor:lead_cross_bolt#facing=south,rotation=225'
[14May2026 16:35:46.360] [Worker-ResourceReload-17/WARN] [net.minecraft.client.resources.model.BlockStateModelLoader/]: Exception loading blockstate definition: 'dndecor:blockstates/lead_cross_bolt.json' missing model for variant: 'dndecor:lead_cross_bolt#facing=east,rotation=225'
[14May2026 16:35:46.360] [Worker-ResourceReload-17/WARN] [net.minecraft.client.resources.model.BlockStateModelLoader/]: Exception loading blockstate definition: 'dndecor:blockstates/lead_cross_bolt.json' missing model for variant: 'dndecor:lead_cross_bolt#facing=north,rotation=315'
[14May2026 16:35:46.360] [Worker-ResourceReload-17/WARN] [net.minecraft.client.resources.model.BlockStateModelLoader/]: Exception loading blockstate definition: 'dndecor:blockstates/lead_cross_bolt.json' missing model for variant: 'dndecor:lead_cross_bolt#facing=west,rotation=135'
[14May2026 16:35:46.360] [Worker-ResourceReload-17/WARN] [net.minecraft.client.resources.model.BlockStateModelLoader/]: Exception loading blockstate definition: 'dndecor:blockstates/lead_cross_bolt.json' missing model for variant: 'dndecor:lead_cross_bolt#facing=south,rotation=45'
[14May2026 16:35:46.360] [Worker-ResourceReload-17/WARN] [net.minecraft.client.resources.model.BlockStateModelLoader/]: Exception loading blockstate definition: 'dndecor:blockstates/lead_cross_bolt.json' missing model for variant: 'dndecor:lead_cross_bolt#facing=north,rotation=135'
[14May2026 16:35:46.360] [Worker-ResourceReload-17/WARN] [net.minecraft.client.resources.model.BlockStateModelLoader/]: Exception loading blockstate definition: 'dndecor:blockstates/lead_cross_bolt.json' missing model for variant: 'dndecor:lead_cross_bolt#facing=west,rotation=315'
[14May2026 16:35:46.360] [Worker-ResourceReload-17/WARN] [net.minecraft.client.resources.model.BlockStateModelLoader/]: Exception loading blockstate definition: 'dndecor:blockstates/lead_cross_bolt.json' missing model for variant: 'dndecor:lead_cross_bolt#facing=south,rotation=180'
[14May2026 16:35:46.360] [Worker-ResourceReload-17/WARN] [net.minecraft.client.resources.model.BlockStateModelLoader/]: Exception loading blockstate definition: 'dndecor:blockstates/lead_cross_bolt.json' missing model for variant: 'dndecor:lead_cross_bolt#facing=down,rotation=90'
[14May2026 16:35:46.360] [Worker-ResourceReload-17/WARN] [net.minecraft.client.resources.model.BlockStateModelLoader/]: Exception loading blockstate definition: 'dndecor:blockstates/lead_cross_bolt.json' missing model for variant: 'dndecor:lead_cross_bolt#facing=down,rotation=225'
[14May2026 16:35:46.360] [Worker-ResourceReload-17/WARN] [net.minecraft.client.resources.model.BlockStateModelLoader/]: Exception loading blockstate definition: 'dndecor:blockstates/lead_cross_bolt.json' missing model for variant: 'dndecor:lead_cross_bolt#facing=south,rotation=90'
[14May2026 16:35:46.360] [Worker-ResourceReload-17/WARN] [net.minecraft.client.resources.model.BlockStateModelLoader/]: Exception loading blockstate definition: 'dndecor:blockstates/lead_cross_bolt.json' missing model for variant: 'dndecor:lead_cross_bolt#facing=west,rotation=270'
[14May2026 16:35:46.360] [Worker-ResourceReload-17/WARN] [net.minecraft.client.resources.model.BlockStateModelLoader/]: Exception loading blockstate definition: 'dndecor:blockstates/lead_cross_bolt.json' missing model for variant: 'dndecor:lead_cross_bolt#facing=down,rotation=135'
[14May2026 16:35:46.360] [Worker-ResourceReload-17/WARN] [net.minecraft.client.resources.model.BlockStateModelLoader/]: Exception loading blockstate definition: 'dndecor:blockstates/lead_cross_bolt.json' missing model for variant: 'dndecor:lead_cross_bolt#facing=east,rotation=45'
[14May2026 16:35:46.360] [Worker-ResourceReload-17/WARN] [net.minecraft.client.resources.model.BlockStateModelLoader/]: Exception loading blockstate definition: 'dndecor:blockstates/lead_cross_bolt.json' missing model for variant: 'dndecor:lead_cross_bolt#facing=up,rotation=45'
[14May2026 16:35:46.360] [Worker-ResourceReload-17/WARN] [net.minecraft.client.resources.model.BlockStateModelLoader/]: Exception loading blockstate definition: 'dndecor:blockstates/lead_cross_bolt.json' missing model for variant: 'dndecor:lead_cross_bolt#facing=north,rotation=180'
[14May2026 16:35:46.360] [Worker-ResourceReload-17/WARN] [net.minecraft.client.resources.model.BlockStateModelLoader/]: Exception loading blockstate definition: 'dndecor:blockstates/lead_cross_bolt.json' missing model for variant: 'dndecor:lead_cross_bolt#facing=up,rotation=225'
[14May2026 16:35:46.360] [Worker-ResourceReload-17/WARN] [net.minecraft.client.resources.model.BlockStateModelLoader/]: Exception loading blockstate definition: 'dndecor:blockstates/lead_cross_bolt.json' missing model for variant: 'dndecor:lead_cross_bolt#facing=west,rotation=90'
[14May2026 16:35:46.360] [Worker-ResourceReload-17/WARN] [net.minecraft.client.resources.model.BlockStateModelLoader/]: Exception loading blockstate definition: 'dndecor:blockstates/lead_cross_bolt.json' missing model for variant: 'dndecor:lead_cross_bolt#facing=down,rotation=270'
[14May2026 16:35:46.360] [Worker-ResourceReload-17/WARN] [net.minecraft.client.resources.model.BlockStateModelLoader/]: Exception loading blockstate definition: 'dndecor:blockstates/lead_cross_bolt.json' missing model for variant: 'dndecor:lead_cross_bolt#facing=east,rotation=270'
[14May2026 16:35:46.360] [Worker-ResourceReload-17/WARN] [net.minecraft.client.resources.model.BlockStateModelLoader/]: Exception loading blockstate definition: 'dndecor:blockstates/lead_cross_bolt.json' missing model for variant: 'dndecor:lead_cross_bolt#facing=north,rotation=45'
[14May2026 16:35:46.360] [Worker-ResourceReload-17/WARN] [net.minecraft.client.resources.model.BlockStateModelLoader/]: Exception loading blockstate definition: 'dndecor:blockstates/lead_cross_bolt.json' missing model for variant: 'dndecor:lead_cross_bolt#facing=down,rotation=0'
[14May2026 16:35:46.360] [Worker-ResourceReload-17/WARN] [net.minecraft.client.resources.model.BlockStateModelLoader/]: Exception loading blockstate definition: 'dndecor:blockstates/lead_cross_bolt.json' missing model for variant: 'dndecor:lead_cross_bolt#facing=south,rotation=315'
[14May2026 16:35:46.360] [Worker-ResourceReload-17/WARN] [net.minecraft.client.resources.model.BlockStateModelLoader/]: Exception loading blockstate definition: 'dndecor:blockstates/lead_cross_bolt.json' missing model for variant: 'dndecor:lead_cross_bolt#facing=down,rotation=45'
[14May2026 16:35:46.360] [Worker-ResourceReload-17/WARN] [net.minecraft.client.resources.model.BlockStateModelLoader/]: Exception loading blockstate definition: 'dndecor:blockstates/lead_cross_bolt.json' missing model for variant: 'dndecor:lead_cross_bolt#facing=north,rotation=0'
[14May2026 16:35:46.360] [Worker-ResourceReload-17/WARN] [net.minecraft.client.resources.model.BlockStateModelLoader/]: Exception loading blockstate definition: 'dndecor:blockstates/lead_cross_bolt.json' missing model for variant: 'dndecor:lead_cross_bolt#facing=up,rotation=180'
[14May2026 16:35:46.360] [Worker-ResourceReload-17/WARN] [net.minecraft.client.resources.model.BlockStateModelLoader/]: Exception loading blockstate definition: 'dndecor:blockstates/lead_cross_bolt.json' missing model for variant: 'dndecor:lead_cross_bolt#facing=east,rotation=90'
[14May2026 16:35:46.360] [Worker-ResourceReload-17/WARN] [net.minecraft.client.resources.model.BlockStateModelLoader/]: Exception loading blockstate definition: 'dndecor:blockstates/lead_cross_bolt.json' missing model for variant: 'dndecor:lead_cross_bolt#facing=south,rotation=135'
[14May2026 16:35:46.360] [Worker-ResourceReload-17/WARN] [net.minecraft.client.resources.model.BlockStateModelLoader/]: Exception loading blockstate definition: 'dndecor:blockstates/lead_cross_bolt.json' missing model for variant: 'dndecor:lead_cross_bolt#facing=east,rotation=135'
[14May2026 16:35:46.360] [Worker-ResourceReload-17/WARN] [net.minecraft.client.resources.model.BlockStateModelLoader/]: Exception loading blockstate definition: 'dndecor:blockstates/lead_cross_bolt.json' missing model for variant: 'dndecor:lead_cross_bolt#facing=south,rotation=0'
[14May2026 16:35:46.360] [Worker-ResourceReload-17/WARN] [net.minecraft.client.resources.model.BlockStateModelLoader/]: Exception loading blockstate definition: 'dndecor:blockstates/lead_cross_bolt.json' missing model for variant: 'dndecor:lead_cross_bolt#facing=up,rotation=90'
[14May2026 16:35:46.361] [Worker-ResourceReload-17/WARN] [net.minecraft.client.resources.model.BlockStateModelLoader/]: Exception loading blockstate definition: 'dndecor:blockstates/lead_cross_bolt.json' missing model for variant: 'dndecor:lead_cross_bolt#facing=east,rotation=315'
[14May2026 16:35:46.361] [Worker-ResourceReload-17/WARN] [net.minecraft.client.resources.model.BlockStateModelLoader/]: Exception loading blockstate definition: 'dndecor:blockstates/lead_cross_bolt.json' missing model for variant: 'dndecor:lead_cross_bolt#facing=north,rotation=225'
[14May2026 16:35:46.361] [Worker-ResourceReload-17/WARN] [net.minecraft.client.resources.model.BlockStateModelLoader/]: Exception loading blockstate definition: 'dndecor:blockstates/lead_cross_bolt.json' missing model for variant: 'dndecor:lead_cross_bolt#facing=south,rotation=270'
[14May2026 16:35:46.361] [Worker-ResourceReload-17/WARN] [net.minecraft.client.resources.model.BlockStateModelLoader/]: Exception loading blockstate definition: 'dndecor:blockstates/lead_cross_bolt.json' missing model for variant: 'dndecor:lead_cross_bolt#facing=down,rotation=315'
[14May2026 16:35:46.361] [Worker-ResourceReload-17/WARN] [net.minecraft.client.resources.model.BlockStateModelLoader/]: Exception loading blockstate definition: 'dndecor:blockstates/lead_cross_bolt.json' missing model for variant: 'dndecor:lead_cross_bolt#facing=west,rotation=0'
[14May2026 16:35:46.361] [Worker-ResourceReload-17/WARN] [net.minecraft.client.resources.model.BlockStateModelLoader/]: Exception loading blockstate definition: 'dndecor:blockstates/lead_cross_bolt.json' missing model for variant: 'dndecor:lead_cross_bolt#facing=west,rotation=225'
[14May2026 16:35:46.361] [Worker-ResourceReload-17/WARN] [net.minecraft.client.resources.model.BlockStateModelLoader/]: Exception loading blockstate definition: 'dndecor:blockstates/lead_cross_bolt.json' missing model for variant: 'dndecor:lead_cross_bolt#facing=up,rotation=0'
[14May2026 16:35:46.361] [Worker-ResourceReload-17/WARN] [net.minecraft.client.resources.model.BlockStateModelLoader/]: Exception loading blockstate definition: 'dndecor:blockstates/lead_cross_bolt.json' missing model for variant: 'dndecor:lead_cross_bolt#facing=west,rotation=45'
[14May2026 16:35:46.361] [Worker-ResourceReload-17/WARN] [net.minecraft.client.resources.model.BlockStateModelLoader/]: Exception loading blockstate definition: 'dndecor:blockstates/lead_cross_bolt.json' missing model for variant: 'dndecor:lead_cross_bolt#facing=west,rotation=180'
[14May2026 16:35:46.361] [Worker-ResourceReload-17/WARN] [net.minecraft.client.resources.model.BlockStateModelLoader/]: Exception loading blockstate definition: 'dndecor:blockstates/lead_cross_bolt.json' missing model for variant: 'dndecor:lead_cross_bolt#facing=north,rotation=90'
[14May2026 16:35:46.361] [Worker-ResourceReload-17/WARN] [net.minecraft.client.resources.model.BlockStateModelLoader/]: Exception loading blockstate definition: 'dndecor:blockstates/lead_cross_bolt.json' missing model for variant: 'dndecor:lead_cross_bolt#facing=north,rotation=270'
[14May2026 16:35:46.361] [Worker-ResourceReload-17/WARN] [net.minecraft.client.resources.model.BlockStateModelLoader/]: Exception loading blockstate definition: 'dndecor:blockstates/lead_cross_bolt.json' missing model for variant: 'dndecor:lead_cross_bolt#facing=up,rotation=315'
[14May2026 16:35:46.361] [Worker-ResourceReload-17/WARN] [net.minecraft.client.resources.model.BlockStateModelLoader/]: Exception loading blockstate definition: 'dndecor:blockstates/lead_cross_bolt.json' missing model for variant: 'dndecor:lead_cross_bolt#facing=east,rotation=180'
[14May2026 16:35:46.361] [Worker-ResourceReload-17/WARN] [net.minecraft.client.resources.model.BlockStateModelLoader/]: Exception loading blockstate definition: 'dndecor:blockstates/lead_cross_bolt.json' missing model for variant: 'dndecor:lead_cross_bolt#facing=up,rotation=135'
[14May2026 16:35:46.361] [Worker-ResourceReload-17/WARN] [net.minecraft.client.resources.model.BlockStateModelLoader/]: Exception loading blockstate definition: 'dndecor:blockstates/lead_cross_bolt.json' missing model for variant: 'dndecor:lead_cross_bolt#facing=east,rotation=0'
[14May2026 16:35:46.361] [Worker-ResourceReload-17/WARN] [net.minecraft.client.resources.model.BlockStateModelLoader/]: Exception loading blockstate definition: 'dndecor:blockstates/lead_cross_bolt.json' missing model for variant: 'dndecor:lead_cross_bolt#facing=down,rotation=180'
[14May2026 16:35:46.361] [Worker-ResourceReload-17/WARN] [net.minecraft.client.resources.model.BlockStateModelLoader/]: Exception loading blockstate definition: 'dndecor:blockstates/lead_dash_bolt.json' missing model for variant: 'dndecor:lead_dash_bolt#facing=north,rotation=90'
[14May2026 16:35:46.361] [Worker-ResourceReload-17/WARN] [net.minecraft.client.resources.model.BlockStateModelLoader/]: Exception loading blockstate definition: 'dndecor:blockstates/lead_dash_bolt.json' missing model for variant: 'dndecor:lead_dash_bolt#facing=north,rotation=270'
[14May2026 16:35:46.361] [Worker-ResourceReload-17/WARN] [net.minecraft.client.resources.model.BlockStateModelLoader/]: Exception loading blockstate definition: 'dndecor:blockstates/lead_dash_bolt.json' missing model for variant: 'dndecor:lead_dash_bolt#facing=up,rotation=225'
[14May2026 16:35:46.361] [Worker-ResourceReload-17/WARN] [net.minecraft.client.resources.model.BlockStateModelLoader/]: Exception loading blockstate definition: 'dndecor:blockstates/lead_dash_bolt.json' missing model for variant: 'dndecor:lead_dash_bolt#facing=up,rotation=90'
[14May2026 16:35:46.361] [Worker-ResourceReload-17/WARN] [net.minecraft.client.resources.model.BlockStateModelLoader/]: Exception loading blockstate definition: 'dndecor:blockstates/lead_dash_bolt.json' missing model for variant: 'dndecor:lead_dash_bolt#facing=west,rotation=0'
[14May2026 16:35:46.361] [Worker-ResourceReload-17/WARN] [net.minecraft.client.resources.model.BlockStateModelLoader/]: Exception loading blockstate definition: 'dndecor:blockstates/lead_dash_bolt.json' missing model for variant: 'dndecor:lead_dash_bolt#facing=west,rotation=90'
[14May2026 16:35:46.361] [Worker-ResourceReload-17/WARN] [net.minecraft.client.resources.model.BlockStateModelLoader/]: Exception loading blockstate definition: 'dndecor:blockstates/lead_dash_bolt.json' missing model for variant: 'dndecor:lead_dash_bolt#facing=east,rotation=315'
[14May2026 16:35:46.361] [Worker-ResourceReload-17/WARN] [net.minecraft.client.resources.model.BlockStateModelLoader/]: Exception loading blockstate definition: 'dndecor:blockstates/lead_dash_bolt.json' missing model for variant: 'dndecor:lead_dash_bolt#facing=north,rotation=135'
[14May2026 16:35:46.361] [Worker-ResourceReload-17/WARN] [net.minecraft.client.resources.model.BlockStateModelLoader/]: Exception loading blockstate definition: 'dndecor:blockstates/lead_dash_bolt.json' missing model for variant: 'dndecor:lead_dash_bolt#facing=down,rotation=225'
[14May2026 16:35:46.361] [Worker-ResourceReload-17/WARN] [net.minecraft.client.resources.model.BlockStateModelLoader/]: Exception loading blockstate definition: 'dndecor:blockstates/lead_dash_bolt.json' missing model for variant: 'dndecor:lead_dash_bolt#facing=south,rotation=180'
[14May2026 16:35:46.361] [Worker-ResourceReload-17/WARN] [net.minecraft.client.resources.model.BlockStateModelLoader/]: Exception loading blockstate definition: 'dndecor:blockstates/lead_dash_bolt.json' missing model for variant: 'dndecor:lead_dash_bolt#facing=east,rotation=90'
[14May2026 16:35:46.361] [Worker-ResourceReload-17/WARN] [net.minecraft.client.resources.model.BlockStateModelLoader/]: Exception loading blockstate definition: 'dndecor:blockstates/lead_dash_bolt.json' missing model for variant: 'dndecor:lead_dash_bolt#facing=down,rotation=90'
[14May2026 16:35:46.361] [Worker-ResourceReload-17/WARN] [net.minecraft.client.resources.model.BlockStateModelLoader/]: Exception loading blockstate definition: 'dndecor:blockstates/lead_dash_bolt.json' missing model for variant: 'dndecor:lead_dash_bolt#facing=north,rotation=315'
[14May2026 16:35:46.361] [Worker-ResourceReload-17/WARN] [net.minecraft.client.resources.model.BlockStateModelLoader/]: Exception loading blockstate definition: 'dndecor:blockstates/lead_dash_bolt.json' missing model for variant: 'dndecor:lead_dash_bolt#facing=west,rotation=225'
[14May2026 16:35:46.361] [Worker-ResourceReload-17/WARN] [net.minecraft.client.resources.model.BlockStateModelLoader/]: Exception loading blockstate definition: 'dndecor:blockstates/lead_dash_bolt.json' missing model for variant: 'dndecor:lead_dash_bolt#facing=up,rotation=270'
[14May2026 16:35:46.361] [Worker-ResourceReload-17/WARN] [net.minecraft.client.resources.model.BlockStateModelLoader/]: Exception loading blockstate definition: 'dndecor:blockstates/lead_dash_bolt.json' missing model for variant: 'dndecor:lead_dash_bolt#facing=south,rotation=225'
[14May2026 16:35:46.361] [Worker-ResourceReload-17/WARN] [net.minecraft.client.resources.model.BlockStateModelLoader/]: Exception loading blockstate definition: 'dndecor:blockstates/lead_dash_bolt.json' missing model for variant: 'dndecor:lead_dash_bolt#facing=south,rotation=45'
[14May2026 16:35:46.361] [Worker-ResourceReload-17/WARN] [net.minecraft.client.resources.model.BlockStateModelLoader/]: Exception loading blockstate definition: 'dndecor:blockstates/lead_dash_bolt.json' missing model for variant: 'dndecor:lead_dash_bolt#facing=east,rotation=180'
[14May2026 16:35:46.361] [Worker-ResourceReload-17/WARN] [net.minecraft.client.resources.model.BlockStateModelLoader/]: Exception loading blockstate definition: 'dndecor:blockstates/lead_dash_bolt.json' missing model for variant: 'dndecor:lead_dash_bolt#facing=east,rotation=225'
[14May2026 16:35:46.361] [Worker-ResourceReload-17/WARN] [net.minecraft.client.resources.model.BlockStateModelLoader/]: Exception loading blockstate definition: 'dndecor:blockstates/lead_dash_bolt.json' missing model for variant: 'dndecor:lead_dash_bolt#facing=south,rotation=0'
[14May2026 16:35:46.361] [Worker-ResourceReload-17/WARN] [net.minecraft.client.resources.model.BlockStateModelLoader/]: Exception loading blockstate definition: 'dndecor:blockstates/lead_dash_bolt.json' missing model for variant: 'dndecor:lead_dash_bolt#facing=up,rotation=135'
[14May2026 16:35:46.361] [Worker-ResourceReload-17/WARN] [net.minecraft.client.resources.model.BlockStateModelLoader/]: Exception loading blockstate definition: 'dndecor:blockstates/lead_dash_bolt.json' missing model for variant: 'dndecor:lead_dash_bolt#facing=down,rotation=180'
[14May2026 16:35:46.361] [Worker-ResourceReload-17/WARN] [net.minecraft.client.resources.model.BlockStateModelLoader/]: Exception loading blockstate definition: 'dndecor:blockstates/lead_dash_bolt.json' missing model for variant: 'dndecor:lead_dash_bolt#facing=west,rotation=45'
[14May2026 16:35:46.361] [Worker-ResourceReload-17/WARN] [net.minecraft.client.resources.model.BlockStateModelLoader/]: Exception loading blockstate definition: 'dndecor:blockstates/lead_dash_bolt.json' missing model for variant: 'dndecor:lead_dash_bolt#facing=west,rotation=180'
[14May2026 16:35:46.361] [Worker-ResourceReload-17/WARN] [net.minecraft.client.resources.model.BlockStateModelLoader/]: Exception loading blockstate definition: 'dndecor:blockstates/lead_dash_bolt.json' missing model for variant: 'dndecor:lead_dash_bolt#facing=up,rotation=315'
[14May2026 16:35:46.361] [Worker-ResourceReload-17/WARN] [net.minecraft.client.resources.model.BlockStateModelLoader/]: Exception loading blockstate definition: 'dndecor:blockstates/lead_dash_bolt.json' missing model for variant: 'dndecor:lead_dash_bolt#facing=north,rotation=180'
[14May2026 16:35:46.361] [Worker-ResourceReload-17/WARN] [net.minecraft.client.resources.model.BlockStateModelLoader/]: Exception loading blockstate definition: 'dndecor:blockstates/lead_dash_bolt.json' missing model for variant: 'dndecor:lead_dash_bolt#facing=east,rotation=0'
[14May2026 16:35:46.361] [Worker-ResourceReload-17/WARN] [net.minecraft.client.resources.model.BlockStateModelLoader/]: Exception loading blockstate definition: 'dndecor:blockstates/lead_dash_bolt.json' missing model for variant: 'dndecor:lead_dash_bolt#facing=down,rotation=135'
[14May2026 16:35:46.361] [Worker-ResourceReload-17/WARN] [net.minecraft.client.resources.model.BlockStateModelLoader/]: Exception loading blockstate definition: 'dndecor:blockstates/lead_dash_bolt.json' missing model for variant: 'dndecor:lead_dash_bolt#facing=up,rotation=45'
[14May2026 16:35:46.361] [Worker-ResourceReload-17/WARN] [net.minecraft.client.resources.model.BlockStateModelLoader/]: Exception loading blockstate definition: 'dndecor:blockstates/lead_dash_bolt.json' missing model for variant: 'dndecor:lead_dash_bolt#facing=down,rotation=315'
[14May2026 16:35:46.361] [Worker-ResourceReload-17/WARN] [net.minecraft.client.resources.model.BlockStateModelLoader/]: Exception loading blockstate definition: 'dndecor:blockstates/lead_dash_bolt.json' missing model for variant: 'dndecor:lead_dash_bolt#facing=south,rotation=270'
[14May2026 16:35:46.361] [Worker-ResourceReload-17/WARN] [net.minecraft.client.resources.model.BlockStateModelLoader/]: Exception loading blockstate definition: 'dndecor:blockstates/lead_dash_bolt.json' missing model for variant: 'dndecor:lead_dash_bolt#facing=north,rotation=225'
[14May2026 16:35:46.361] [Worker-ResourceReload-17/WARN] [net.minecraft.client.resources.model.BlockStateModelLoader/]: Exception loading blockstate definition: 'dndecor:blockstates/lead_dash_bolt.json' missing model for variant: 'dndecor:lead_dash_bolt#facing=up,rotation=0'
[14May2026 16:35:46.361] [Worker-ResourceReload-17/WARN] [net.minecraft.client.resources.model.BlockStateModelLoader/]: Exception loading blockstate definition: 'dndecor:blockstates/lead_dash_bolt.json' missing model for variant: 'dndecor:lead_dash_bolt#facing=west,rotation=315'
[14May2026 16:35:46.361] [Worker-ResourceReload-17/WARN] [net.minecraft.client.resources.model.BlockStateModelLoader/]: Exception loading blockstate definition: 'dndecor:blockstates/lead_dash_bolt.json' missing model for variant: 'dndecor:lead_dash_bolt#facing=east,rotation=270'
[14May2026 16:35:46.361] [Worker-ResourceReload-17/WARN] [net.minecraft.client.resources.model.BlockStateModelLoader/]: Exception loading blockstate definition: 'dndecor:blockstates/lead_dash_bolt.json' missing model for variant: 'dndecor:lead_dash_bolt#facing=down,rotation=0'
[14May2026 16:35:46.361] [Worker-ResourceReload-17/WARN] [net.minecraft.client.resources.model.BlockStateModelLoader/]: Exception loading blockstate definition: 'dndecor:blockstates/lead_dash_bolt.json' missing model for variant: 'dndecor:lead_dash_bolt#facing=south,rotation=135'
[14May2026 16:35:46.361] [Worker-ResourceReload-17/WARN] [net.minecraft.client.resources.model.BlockStateModelLoader/]: Exception loading blockstate definition: 'dndecor:blockstates/lead_dash_bolt.json' missing model for variant: 'dndecor:lead_dash_bolt#facing=west,rotation=135'
[14May2026 16:35:46.361] [Worker-ResourceReload-17/WARN] [net.minecraft.client.resources.model.BlockStateModelLoader/]: Exception loading blockstate definition: 'dndecor:blockstates/lead_dash_bolt.json' missing model for variant: 'dndecor:lead_dash_bolt#facing=down,rotation=45'
[14May2026 16:35:46.361] [Worker-ResourceReload-17/WARN] [net.minecraft.client.resources.model.BlockStateModelLoader/]: Exception loading blockstate definition: 'dndecor:blockstates/lead_dash_bolt.json' missing model for variant: 'dndecor:lead_dash_bolt#facing=north,rotation=0'
[14May2026 16:35:46.361] [Worker-ResourceReload-17/WARN] [net.minecraft.client.resources.model.BlockStateModelLoader/]: Exception loading blockstate definition: 'dndecor:blockstates/lead_dash_bolt.json' missing model for variant: 'dndecor:lead_dash_bolt#facing=up,rotation=180'
[14May2026 16:35:46.361] [Worker-ResourceReload-17/WARN] [net.minecraft.client.resources.model.BlockStateModelLoader/]: Exception loading blockstate definition: 'dndecor:blockstates/lead_dash_bolt.json' missing model for variant: 'dndecor:lead_dash_bolt#facing=south,rotation=315'
[14May2026 16:35:46.361] [Worker-ResourceReload-17/WARN] [net.minecraft.client.resources.model.BlockStateModelLoader/]: Exception loading blockstate definition: 'dndecor:blockstates/lead_dash_bolt.json' missing model for variant: 'dndecor:lead_dash_bolt#facing=east,rotation=135'
[14May2026 16:35:46.361] [Worker-ResourceReload-17/WARN] [net.minecraft.client.resources.model.BlockStateModelLoader/]: Exception loading blockstate definition: 'dndecor:blockstates/lead_dash_bolt.json' missing model for variant: 'dndecor:lead_dash_bolt#facing=north,rotation=45'
[14May2026 16:35:46.361] [Worker-ResourceReload-17/WARN] [net.minecraft.client.resources.model.BlockStateModelLoader/]: Exception loading blockstate definition: 'dndecor:blockstates/lead_dash_bolt.json' missing model for variant: 'dndecor:lead_dash_bolt#facing=south,rotation=90'
[14May2026 16:35:46.361] [Worker-ResourceReload-17/WARN] [net.minecraft.client.resources.model.BlockStateModelLoader/]: Exception loading blockstate definition: 'dndecor:blockstates/lead_dash_bolt.json' missing model for variant: 'dndecor:lead_dash_bolt#facing=west,rotation=270'
[14May2026 16:35:46.361] [Worker-ResourceReload-17/WARN] [net.minecraft.client.resources.model.BlockStateModelLoader/]: Exception loading blockstate definition: 'dndecor:blockstates/lead_dash_bolt.json' missing model for variant: 'dndecor:lead_dash_bolt#facing=east,rotation=45'
[14May2026 16:35:46.361] [Worker-ResourceReload-17/WARN] [net.minecraft.client.resources.model.BlockStateModelLoader/]: Exception loading blockstate definition: 'dndecor:blockstates/lead_dash_bolt.json' missing model for variant: 'dndecor:lead_dash_bolt#facing=down,rotation=270'
[14May2026 16:35:46.361] [Worker-ResourceReload-17/WARN] [net.minecraft.client.resources.model.BlockStateModelLoader/]: Exception loading blockstate definition: 'dndecor:blockstates/lead_dot_bolt.json' missing model for variant: 'dndecor:lead_dot_bolt#facing=west,rotation=270'
[14May2026 16:35:46.361] [Worker-ResourceReload-17/WARN] [net.minecraft.client.resources.model.BlockStateModelLoader/]: Exception loading blockstate definition: 'dndecor:blockstates/lead_dot_bolt.json' missing model for variant: 'dndecor:lead_dot_bolt#facing=north,rotation=90'
[14May2026 16:35:46.361] [Worker-ResourceReload-17/WARN] [net.minecraft.client.resources.model.BlockStateModelLoader/]: Exception loading blockstate definition: 'dndecor:blockstates/lead_dot_bolt.json' missing model for variant: 'dndecor:lead_dot_bolt#facing=up,rotation=225'
[14May2026 16:35:46.361] [Worker-ResourceReload-17/WARN] [net.minecraft.client.resources.model.BlockStateModelLoader/]: Exception loading blockstate definition: 'dndecor:blockstates/lead_dot_bolt.json' missing model for variant: 'dndecor:lead_dot_bolt#facing=north,rotation=270'
[14May2026 16:35:46.361] [Worker-ResourceReload-17/WARN] [net.minecraft.client.resources.model.BlockStateModelLoader/]: Exception loading blockstate definition: 'dndecor:blockstates/lead_dot_bolt.json' missing model for variant: 'dndecor:lead_dot_bolt#facing=south,rotation=0'
[14May2026 16:35:46.361] [Worker-ResourceReload-17/WARN] [net.minecraft.client.resources.model.BlockStateModelLoader/]: Exception loading blockstate definition: 'dndecor:blockstates/lead_dot_bolt.json' missing model for variant: 'dndecor:lead_dot_bolt#facing=west,rotation=90'
[14May2026 16:35:46.361] [Worker-ResourceReload-17/WARN] [net.minecraft.client.resources.model.BlockStateModelLoader/]: Exception loading blockstate definition: 'dndecor:blockstates/lead_dot_bolt.json' missing model for variant: 'dndecor:lead_dot_bolt#facing=east,rotation=90'
[14May2026 16:35:46.361] [Worker-ResourceReload-17/WARN] [net.minecraft.client.resources.model.BlockStateModelLoader/]: Exception loading blockstate definition: 'dndecor:blockstates/lead_dot_bolt.json' missing model for variant: 'dndecor:lead_dot_bolt#facing=east,rotation=315'
[14May2026 16:35:46.361] [Worker-ResourceReload-17/WARN] [net.minecraft.client.resources.model.BlockStateModelLoader/]: Exception loading blockstate definition: 'dndecor:blockstates/lead_dot_bolt.json' missing model for variant: 'dndecor:lead_dot_bolt#facing=down,rotation=225'
[14May2026 16:35:46.361] [Worker-ResourceReload-17/WARN] [net.minecraft.client.resources.model.BlockStateModelLoader/]: Exception loading blockstate definition: 'dndecor:blockstates/lead_dot_bolt.json' missing model for variant: 'dndecor:lead_dot_bolt#facing=north,rotation=315'
[14May2026 16:35:46.361] [Worker-ResourceReload-17/WARN] [net.minecraft.client.resources.model.BlockStateModelLoader/]: Exception loading blockstate definition: 'dndecor:blockstates/lead_dot_bolt.json' missing model for variant: 'dndecor:lead_dot_bolt#facing=west,rotation=135'
[14May2026 16:35:46.361] [Worker-ResourceReload-17/WARN] [net.minecraft.client.resources.model.BlockStateModelLoader/]: Exception loading blockstate definition: 'dndecor:blockstates/lead_dot_bolt.json' missing model for variant: 'dndecor:lead_dot_bolt#facing=south,rotation=180'
[14May2026 16:35:46.361] [Worker-ResourceReload-17/WARN] [net.minecraft.client.resources.model.BlockStateModelLoader/]: Exception loading blockstate definition: 'dndecor:blockstates/lead_dot_bolt.json' missing model for variant: 'dndecor:lead_dot_bolt#facing=north,rotation=135'
[14May2026 16:35:46.361] [Worker-ResourceReload-17/WARN] [net.minecraft.client.resources.model.BlockStateModelLoader/]: Exception loading blockstate definition: 'dndecor:blockstates/lead_dot_bolt.json' missing model for variant: 'dndecor:lead_dot_bolt#facing=west,rotation=0'
[14May2026 16:35:46.361] [Worker-ResourceReload-17/WARN] [net.minecraft.client.resources.model.BlockStateModelLoader/]: Exception loading blockstate definition: 'dndecor:blockstates/lead_dot_bolt.json' missing model for variant: 'dndecor:lead_dot_bolt#facing=west,rotation=315'
[14May2026 16:35:46.361] [Worker-ResourceReload-17/WARN] [net.minecraft.client.resources.model.BlockStateModelLoader/]: Exception loading blockstate definition: 'dndecor:blockstates/lead_dot_bolt.json' missing model for variant: 'dndecor:lead_dot_bolt#facing=down,rotation=90'
[14May2026 16:35:46.361] [Worker-ResourceReload-17/WARN] [net.minecraft.client.resources.model.BlockStateModelLoader/]: Exception loading blockstate definition: 'dndecor:blockstates/lead_dot_bolt.json' missing model for variant: 'dndecor:lead_dot_bolt#facing=up,rotation=90'
[14May2026 16:35:46.361] [Worker-ResourceReload-17/WARN] [net.minecraft.client.resources.model.BlockStateModelLoader/]: Exception loading blockstate definition: 'dndecor:blockstates/lead_dot_bolt.json' missing model for variant: 'dndecor:lead_dot_bolt#facing=up,rotation=180'
[14May2026 16:35:46.361] [Worker-ResourceReload-17/WARN] [net.minecraft.client.resources.model.BlockStateModelLoader/]: Exception loading blockstate definition: 'dndecor:blockstates/lead_dot_bolt.json' missing model for variant: 'dndecor:lead_dot_bolt#facing=south,rotation=315'
[14May2026 16:35:46.361] [Worker-ResourceReload-17/WARN] [net.minecraft.client.resources.model.BlockStateModelLoader/]: Exception loading blockstate definition: 'dndecor:blockstates/lead_dot_bolt.json' missing model for variant: 'dndecor:lead_dot_bolt#facing=down,rotation=45'
[14May2026 16:35:46.361] [Worker-ResourceReload-17/WARN] [net.minecraft.client.resources.model.BlockStateModelLoader/]: Exception loading blockstate definition: 'dndecor:blockstates/lead_dot_bolt.json' missing model for variant: 'dndecor:lead_dot_bolt#facing=east,rotation=135'
[14May2026 16:35:46.361] [Worker-ResourceReload-17/WARN] [net.minecraft.client.resources.model.BlockStateModelLoader/]: Exception loading blockstate definition: 'dndecor:blockstates/lead_dot_bolt.json' missing model for variant: 'dndecor:lead_dot_bolt#facing=south,rotation=135'
[14May2026 16:35:46.361] [Worker-ResourceReload-17/WARN] [net.minecraft.client.resources.model.BlockStateModelLoader/]: Exception loading blockstate definition: 'dndecor:blockstates/lead_dot_bolt.json' missing model for variant: 'dndecor:lead_dot_bolt#facing=north,rotation=45'
[14May2026 16:35:46.361] [Worker-ResourceReload-17/WARN] [net.minecraft.client.resources.model.BlockStateModelLoader/]: Exception loading blockstate definition: 'dndecor:blockstates/lead_dot_bolt.json' missing model for variant: 'dndecor:lead_dot_bolt#facing=north,rotation=0'
[14May2026 16:35:46.361] [Worker-ResourceReload-17/WARN] [net.minecraft.client.resources.model.BlockStateModelLoader/]: Exception loading blockstate definition: 'dndecor:blockstates/lead_dot_bolt.json' missing model for variant: 'dndecor:lead_dot_bolt#facing=down,rotation=0'
[14May2026 16:35:46.361] [Worker-ResourceReload-17/WARN] [net.minecraft.client.resources.model.BlockStateModelLoader/]: Exception loading blockstate definition: 'dndecor:blockstates/lead_dot_bolt.json' missing model for variant: 'dndecor:lead_dot_bolt#facing=east,rotation=270'
[14May2026 16:35:46.361] [Worker-ResourceReload-17/WARN] [net.minecraft.client.resources.model.BlockStateModelLoader/]: Exception loading blockstate definition: 'dndecor:blockstates/lead_dot_bolt.json' missing model for variant: 'dndecor:lead_dot_bolt#facing=east,rotation=45'
[14May2026 16:35:46.361] [Worker-ResourceReload-17/WARN] [net.minecraft.client.resources.model.BlockStateModelLoader/]: Exception loading blockstate definition: 'dndecor:blockstates/lead_dot_bolt.json' missing model for variant: 'dndecor:lead_dot_bolt#facing=south,rotation=90'
[14May2026 16:35:46.361] [Worker-ResourceReload-17/WARN] [net.minecraft.client.resources.model.BlockStateModelLoader/]: Exception loading blockstate definition: 'dndecor:blockstates/lead_dot_bolt.json' missing model for variant: 'dndecor:lead_dot_bolt#facing=west,rotation=180'
[14May2026 16:35:46.361] [Worker-ResourceReload-17/WARN] [net.minecraft.client.resources.model.BlockStateModelLoader/]: Exception loading blockstate definition: 'dndecor:blockstates/lead_dot_bolt.json' missing model for variant: 'dndecor:lead_dot_bolt#facing=down,rotation=270'
[14May2026 16:35:46.362] [Worker-ResourceReload-17/WARN] [net.minecraft.client.resources.model.BlockStateModelLoader/]: Exception loading blockstate definition: 'dndecor:blockstates/lead_dot_bolt.json' missing model for variant: 'dndecor:lead_dot_bolt#facing=north,rotation=180'
[14May2026 16:35:46.362] [Worker-ResourceReload-17/WARN] [net.minecraft.client.resources.model.BlockStateModelLoader/]: Exception loading blockstate definition: 'dndecor:blockstates/lead_dot_bolt.json' missing model for variant: 'dndecor:lead_dot_bolt#facing=up,rotation=45'
[14May2026 16:35:46.362] [Worker-ResourceReload-17/WARN] [net.minecraft.client.resources.model.BlockStateModelLoader/]: Exception loading blockstate definition: 'dndecor:blockstates/lead_dot_bolt.json' missing model for variant: 'dndecor:lead_dot_bolt#facing=up,rotation=315'
[14May2026 16:35:46.362] [Worker-ResourceReload-17/WARN] [net.minecraft.client.resources.model.BlockStateModelLoader/]: Exception loading blockstate definition: 'dndecor:blockstates/lead_dot_bolt.json' missing model for variant: 'dndecor:lead_dot_bolt#facing=north,rotation=225'
[14May2026 16:35:46.362] [Worker-ResourceReload-17/WARN] [net.minecraft.client.resources.model.BlockStateModelLoader/]: Exception loading blockstate definition: 'dndecor:blockstates/lead_dot_bolt.json' missing model for variant: 'dndecor:lead_dot_bolt#facing=up,rotation=0'
[14May2026 16:35:46.362] [Worker-ResourceReload-17/WARN] [net.minecraft.client.resources.model.BlockStateModelLoader/]: Exception loading blockstate definition: 'dndecor:blockstates/lead_dot_bolt.json' missing model for variant: 'dndecor:lead_dot_bolt#facing=down,rotation=135'
[14May2026 16:35:46.362] [Worker-ResourceReload-17/WARN] [net.minecraft.client.resources.model.BlockStateModelLoader/]: Exception loading blockstate definition: 'dndecor:blockstates/lead_dot_bolt.json' missing model for variant: 'dndecor:lead_dot_bolt#facing=west,rotation=225'
[14May2026 16:35:46.362] [Worker-ResourceReload-17/WARN] [net.minecraft.client.resources.model.BlockStateModelLoader/]: Exception loading blockstate definition: 'dndecor:blockstates/lead_dot_bolt.json' missing model for variant: 'dndecor:lead_dot_bolt#facing=south,rotation=270'
[14May2026 16:35:46.362] [Worker-ResourceReload-17/WARN] [net.minecraft.client.resources.model.BlockStateModelLoader/]: Exception loading blockstate definition: 'dndecor:blockstates/lead_dot_bolt.json' missing model for variant: 'dndecor:lead_dot_bolt#facing=down,rotation=315'
[14May2026 16:35:46.362] [Worker-ResourceReload-17/WARN] [net.minecraft.client.resources.model.BlockStateModelLoader/]: Exception loading blockstate definition: 'dndecor:blockstates/lead_dot_bolt.json' missing model for variant: 'dndecor:lead_dot_bolt#facing=south,rotation=225'
[14May2026 16:35:46.362] [Worker-ResourceReload-17/WARN] [net.minecraft.client.resources.model.BlockStateModelLoader/]: Exception loading blockstate definition: 'dndecor:blockstates/lead_dot_bolt.json' missing model for variant: 'dndecor:lead_dot_bolt#facing=up,rotation=270'
[14May2026 16:35:46.362] [Worker-ResourceReload-17/WARN] [net.minecraft.client.resources.model.BlockStateModelLoader/]: Exception loading blockstate definition: 'dndecor:blockstates/lead_dot_bolt.json' missing model for variant: 'dndecor:lead_dot_bolt#facing=south,rotation=45'
[14May2026 16:35:46.362] [Worker-ResourceReload-17/WARN] [net.minecraft.client.resources.model.BlockStateModelLoader/]: Exception loading blockstate definition: 'dndecor:blockstates/lead_dot_bolt.json' missing model for variant: 'dndecor:lead_dot_bolt#facing=east,rotation=225'
[14May2026 16:35:46.362] [Worker-ResourceReload-17/WARN] [net.minecraft.client.resources.model.BlockStateModelLoader/]: Exception loading blockstate definition: 'dndecor:blockstates/lead_dot_bolt.json' missing model for variant: 'dndecor:lead_dot_bolt#facing=east,rotation=0'
[14May2026 16:35:46.362] [Worker-ResourceReload-17/WARN] [net.minecraft.client.resources.model.BlockStateModelLoader/]: Exception loading blockstate definition: 'dndecor:blockstates/lead_dot_bolt.json' missing model for variant: 'dndecor:lead_dot_bolt#facing=east,rotation=180'
[14May2026 16:35:46.362] [Worker-ResourceReload-17/WARN] [net.minecraft.client.resources.model.BlockStateModelLoader/]: Exception loading blockstate definition: 'dndecor:blockstates/lead_dot_bolt.json' missing model for variant: 'dndecor:lead_dot_bolt#facing=up,rotation=135'
[14May2026 16:35:46.362] [Worker-ResourceReload-17/WARN] [net.minecraft.client.resources.model.BlockStateModelLoader/]: Exception loading blockstate definition: 'dndecor:blockstates/lead_dot_bolt.json' missing model for variant: 'dndecor:lead_dot_bolt#facing=west,rotation=45'
[14May2026 16:35:46.362] [Worker-ResourceReload-17/WARN] [net.minecraft.client.resources.model.BlockStateModelLoader/]: Exception loading blockstate definition: 'dndecor:blockstates/lead_dot_bolt.json' missing model for variant: 'dndecor:lead_dot_bolt#facing=down,rotation=180'
[14May2026 16:35:46.362] [Worker-ResourceReload-17/WARN] [net.minecraft.client.resources.model.BlockStateModelLoader/]: Exception loading blockstate definition: 'dndecor:blockstates/lead_flat_bolt.json' missing model for variant: 'dndecor:lead_flat_bolt#facing=south,rotation=225'
[14May2026 16:35:46.362] [Worker-ResourceReload-17/WARN] [net.minecraft.client.resources.model.BlockStateModelLoader/]: Exception loading blockstate definition: 'dndecor:blockstates/lead_flat_bolt.json' missing model for variant: 'dndecor:lead_flat_bolt#facing=south,rotation=45'
[14May2026 16:35:46.362] [Worker-ResourceReload-17/WARN] [net.minecraft.client.resources.model.BlockStateModelLoader/]: Exception loading blockstate definition: 'dndecor:blockstates/lead_flat_bolt.json' missing model for variant: 'dndecor:lead_flat_bolt#facing=east,rotation=180'
[14May2026 16:35:46.362] [Worker-ResourceReload-17/WARN] [net.minecraft.client.resources.model.BlockStateModelLoader/]: Exception loading blockstate definition: 'dndecor:blockstates/lead_flat_bolt.json' missing model for variant: 'dndecor:lead_flat_bolt#facing=up,rotation=270'
[14May2026 16:35:46.362] [Worker-ResourceReload-17/WARN] [net.minecraft.client.resources.model.BlockStateModelLoader/]: Exception loading blockstate definition: 'dndecor:blockstates/lead_flat_bolt.json' missing model for variant: 'dndecor:lead_flat_bolt#facing=north,rotation=315'
[14May2026 16:35:46.362] [Worker-ResourceReload-17/WARN] [net.minecraft.client.resources.model.BlockStateModelLoader/]: Exception loading blockstate definition: 'dndecor:blockstates/lead_flat_bolt.json' missing model for variant: 'dndecor:lead_flat_bolt#facing=west,rotation=135'
[14May2026 16:35:46.362] [Worker-ResourceReload-17/WARN] [net.minecraft.client.resources.model.BlockStateModelLoader/]: Exception loading blockstate definition: 'dndecor:blockstates/lead_flat_bolt.json' missing model for variant: 'dndecor:lead_flat_bolt#facing=down,rotation=225'
[14May2026 16:35:46.362] [Worker-ResourceReload-17/WARN] [net.minecraft.client.resources.model.BlockStateModelLoader/]: Exception loading blockstate definition: 'dndecor:blockstates/lead_flat_bolt.json' missing model for variant: 'dndecor:lead_flat_bolt#facing=down,rotation=90'
[14May2026 16:35:46.362] [Worker-ResourceReload-17/WARN] [net.minecraft.client.resources.model.BlockStateModelLoader/]: Exception loading blockstate definition: 'dndecor:blockstates/lead_flat_bolt.json' missing model for variant: 'dndecor:lead_flat_bolt#facing=north,rotation=135'
[14May2026 16:35:46.362] [Worker-ResourceReload-17/WARN] [net.minecraft.client.resources.model.BlockStateModelLoader/]: Exception loading blockstate definition: 'dndecor:blockstates/lead_flat_bolt.json' missing model for variant: 'dndecor:lead_flat_bolt#facing=west,rotation=315'
[14May2026 16:35:46.362] [Worker-ResourceReload-17/WARN] [net.minecraft.client.resources.model.BlockStateModelLoader/]: Exception loading blockstate definition: 'dndecor:blockstates/lead_flat_bolt.json' missing model for variant: 'dndecor:lead_flat_bolt#facing=east,rotation=45'
[14May2026 16:35:46.362] [Worker-ResourceReload-17/WARN] [net.minecraft.client.resources.model.BlockStateModelLoader/]: Exception loading blockstate definition: 'dndecor:blockstates/lead_flat_bolt.json' missing model for variant: 'dndecor:lead_flat_bolt#facing=west,rotation=270'
[14May2026 16:35:46.362] [Worker-ResourceReload-17/WARN] [net.minecraft.client.resources.model.BlockStateModelLoader/]: Exception loading blockstate definition: 'dndecor:blockstates/lead_flat_bolt.json' missing model for variant: 'dndecor:lead_flat_bolt#facing=south,rotation=90'
[14May2026 16:35:46.362] [Worker-ResourceReload-17/WARN] [net.minecraft.client.resources.model.BlockStateModelLoader/]: Exception loading blockstate definition: 'dndecor:blockstates/lead_flat_bolt.json' missing model for variant: 'dndecor:lead_flat_bolt#facing=west,rotation=0'
[14May2026 16:35:46.362] [Worker-ResourceReload-17/WARN] [net.minecraft.client.resources.model.BlockStateModelLoader/]: Exception loading blockstate definition: 'dndecor:blockstates/lead_flat_bolt.json' missing model for variant: 'dndecor:lead_flat_bolt#facing=south,rotation=180'
[14May2026 16:35:46.362] [Worker-ResourceReload-17/WARN] [net.minecraft.client.resources.model.BlockStateModelLoader/]: Exception loading blockstate definition: 'dndecor:blockstates/lead_flat_bolt.json' missing model for variant: 'dndecor:lead_flat_bolt#facing=up,rotation=45'
[14May2026 16:35:46.362] [Worker-ResourceReload-17/WARN] [net.minecraft.client.resources.model.BlockStateModelLoader/]: Exception loading blockstate definition: 'dndecor:blockstates/lead_flat_bolt.json' missing model for variant: 'dndecor:lead_flat_bolt#facing=down,rotation=135'
[14May2026 16:35:46.362] [Worker-ResourceReload-17/WARN] [net.minecraft.client.resources.model.BlockStateModelLoader/]: Exception loading blockstate definition: 'dndecor:blockstates/lead_flat_bolt.json' missing model for variant: 'dndecor:lead_flat_bolt#facing=north,rotation=45'
[14May2026 16:35:46.362] [Worker-ResourceReload-17/WARN] [net.minecraft.client.resources.model.BlockStateModelLoader/]: Exception loading blockstate definition: 'dndecor:blockstates/lead_flat_bolt.json' missing model for variant: 'dndecor:lead_flat_bolt#facing=east,rotation=315'
[14May2026 16:35:46.362] [Worker-ResourceReload-17/WARN] [net.minecraft.client.resources.model.BlockStateModelLoader/]: Exception loading blockstate definition: 'dndecor:blockstates/lead_flat_bolt.json' missing model for variant: 'dndecor:lead_flat_bolt#facing=north,rotation=180'
[14May2026 16:35:46.362] [Worker-ResourceReload-17/WARN] [net.minecraft.client.resources.model.BlockStateModelLoader/]: Exception loading blockstate definition: 'dndecor:blockstates/lead_flat_bolt.json' missing model for variant: 'dndecor:lead_flat_bolt#facing=down,rotation=0'
[14May2026 16:35:46.362] [Worker-ResourceReload-17/WARN] [net.minecraft.client.resources.model.BlockStateModelLoader/]: Exception loading blockstate definition: 'dndecor:blockstates/lead_flat_bolt.json' missing model for variant: 'dndecor:lead_flat_bolt#facing=east,rotation=135'
[14May2026 16:35:46.362] [Worker-ResourceReload-17/WARN] [net.minecraft.client.resources.model.BlockStateModelLoader/]: Exception loading blockstate definition: 'dndecor:blockstates/lead_flat_bolt.json' missing model for variant: 'dndecor:lead_flat_bolt#facing=up,rotation=225'
[14May2026 16:35:46.362] [Worker-ResourceReload-17/WARN] [net.minecraft.client.resources.model.BlockStateModelLoader/]: Exception loading blockstate definition: 'dndecor:blockstates/lead_flat_bolt.json' missing model for variant: 'dndecor:lead_flat_bolt#facing=down,rotation=270'
[14May2026 16:35:46.362] [Worker-ResourceReload-17/WARN] [net.minecraft.client.resources.model.BlockStateModelLoader/]: Exception loading blockstate definition: 'dndecor:blockstates/lead_flat_bolt.json' missing model for variant: 'dndecor:lead_flat_bolt#facing=up,rotation=180'
[14May2026 16:35:46.362] [Worker-ResourceReload-17/WARN] [net.minecraft.client.resources.model.BlockStateModelLoader/]: Exception loading blockstate definition: 'dndecor:blockstates/lead_flat_bolt.json' missing model for variant: 'dndecor:lead_flat_bolt#facing=south,rotation=135'
[14May2026 16:35:46.362] [Worker-ResourceReload-17/WARN] [net.minecraft.client.resources.model.BlockStateModelLoader/]: Exception loading blockstate definition: 'dndecor:blockstates/lead_flat_bolt.json' missing model for variant: 'dndecor:lead_flat_bolt#facing=east,rotation=270'
[14May2026 16:35:46.362] [Worker-ResourceReload-17/WARN] [net.minecraft.client.resources.model.BlockStateModelLoader/]: Exception loading blockstate definition: 'dndecor:blockstates/lead_flat_bolt.json' missing model for variant: 'dndecor:lead_flat_bolt#facing=north,rotation=0'
[14May2026 16:35:46.362] [Worker-ResourceReload-17/WARN] [net.minecraft.client.resources.model.BlockStateModelLoader/]: Exception loading blockstate definition: 'dndecor:blockstates/lead_flat_bolt.json' missing model for variant: 'dndecor:lead_flat_bolt#facing=down,rotation=45'
[14May2026 16:35:46.362] [Worker-ResourceReload-17/WARN] [net.minecraft.client.resources.model.BlockStateModelLoader/]: Exception loading blockstate definition: 'dndecor:blockstates/lead_flat_bolt.json' missing model for variant: 'dndecor:lead_flat_bolt#facing=south,rotation=315'
[14May2026 16:35:46.362] [Worker-ResourceReload-17/WARN] [net.minecraft.client.resources.model.BlockStateModelLoader/]: Exception loading blockstate definition: 'dndecor:blockstates/lead_flat_bolt.json' missing model for variant: 'dndecor:lead_flat_bolt#facing=down,rotation=315'
[14May2026 16:35:46.362] [Worker-ResourceReload-17/WARN] [net.minecraft.client.resources.model.BlockStateModelLoader/]: Exception loading blockstate definition: 'dndecor:blockstates/lead_flat_bolt.json' missing model for variant: 'dndecor:lead_flat_bolt#facing=south,rotation=270'
[14May2026 16:35:46.362] [Worker-ResourceReload-17/WARN] [net.minecraft.client.resources.model.BlockStateModelLoader/]: Exception loading blockstate definition: 'dndecor:blockstates/lead_flat_bolt.json' missing model for variant: 'dndecor:lead_flat_bolt#facing=west,rotation=90'
[14May2026 16:35:46.362] [Worker-ResourceReload-17/WARN] [net.minecraft.client.resources.model.BlockStateModelLoader/]: Exception loading blockstate definition: 'dndecor:blockstates/lead_flat_bolt.json' missing model for variant: 'dndecor:lead_flat_bolt#facing=up,rotation=90'
[14May2026 16:35:46.362] [Worker-ResourceReload-17/WARN] [net.minecraft.client.resources.model.BlockStateModelLoader/]: Exception loading blockstate definition: 'dndecor:blockstates/lead_flat_bolt.json' missing model for variant: 'dndecor:lead_flat_bolt#facing=east,rotation=90'
[14May2026 16:35:46.362] [Worker-ResourceReload-17/WARN] [net.minecraft.client.resources.model.BlockStateModelLoader/]: Exception loading blockstate definition: 'dndecor:blockstates/lead_flat_bolt.json' missing model for variant: 'dndecor:lead_flat_bolt#facing=west,rotation=225'
[14May2026 16:35:46.362] [Worker-ResourceReload-17/WARN] [net.minecraft.client.resources.model.BlockStateModelLoader/]: Exception loading blockstate definition: 'dndecor:blockstates/lead_flat_bolt.json' missing model for variant: 'dndecor:lead_flat_bolt#facing=north,rotation=90'
[14May2026 16:35:46.362] [Worker-ResourceReload-17/WARN] [net.minecraft.client.resources.model.BlockStateModelLoader/]: Exception loading blockstate definition: 'dndecor:blockstates/lead_flat_bolt.json' missing model for variant: 'dndecor:lead_flat_bolt#facing=north,rotation=225'
[14May2026 16:35:46.362] [Worker-ResourceReload-17/WARN] [net.minecraft.client.resources.model.BlockStateModelLoader/]: Exception loading blockstate definition: 'dndecor:blockstates/lead_flat_bolt.json' missing model for variant: 'dndecor:lead_flat_bolt#facing=up,rotation=0'
[14May2026 16:35:46.362] [Worker-ResourceReload-17/WARN] [net.minecraft.client.resources.model.BlockStateModelLoader/]: Exception loading blockstate definition: 'dndecor:blockstates/lead_flat_bolt.json' missing model for variant: 'dndecor:lead_flat_bolt#facing=up,rotation=315'
[14May2026 16:35:46.362] [Worker-ResourceReload-17/WARN] [net.minecraft.client.resources.model.BlockStateModelLoader/]: Exception loading blockstate definition: 'dndecor:blockstates/lead_flat_bolt.json' missing model for variant: 'dndecor:lead_flat_bolt#facing=north,rotation=270'
[14May2026 16:35:46.362] [Worker-ResourceReload-17/WARN] [net.minecraft.client.resources.model.BlockStateModelLoader/]: Exception loading blockstate definition: 'dndecor:blockstates/lead_flat_bolt.json' missing model for variant: 'dndecor:lead_flat_bolt#facing=east,rotation=0'
[14May2026 16:35:46.362] [Worker-ResourceReload-17/WARN] [net.minecraft.client.resources.model.BlockStateModelLoader/]: Exception loading blockstate definition: 'dndecor:blockstates/lead_flat_bolt.json' missing model for variant: 'dndecor:lead_flat_bolt#facing=east,rotation=225'
[14May2026 16:35:46.362] [Worker-ResourceReload-17/WARN] [net.minecraft.client.resources.model.BlockStateModelLoader/]: Exception loading blockstate definition: 'dndecor:blockstates/lead_flat_bolt.json' missing model for variant: 'dndecor:lead_flat_bolt#facing=south,rotation=0'
[14May2026 16:35:46.362] [Worker-ResourceReload-17/WARN] [net.minecraft.client.resources.model.BlockStateModelLoader/]: Exception loading blockstate definition: 'dndecor:blockstates/lead_flat_bolt.json' missing model for variant: 'dndecor:lead_flat_bolt#facing=west,rotation=45'
[14May2026 16:35:46.362] [Worker-ResourceReload-17/WARN] [net.minecraft.client.resources.model.BlockStateModelLoader/]: Exception loading blockstate definition: 'dndecor:blockstates/lead_flat_bolt.json' missing model for variant: 'dndecor:lead_flat_bolt#facing=up,rotation=135'
[14May2026 16:35:46.362] [Worker-ResourceReload-17/WARN] [net.minecraft.client.resources.model.BlockStateModelLoader/]: Exception loading blockstate definition: 'dndecor:blockstates/lead_flat_bolt.json' missing model for variant: 'dndecor:lead_flat_bolt#facing=down,rotation=180'
[14May2026 16:35:46.362] [Worker-ResourceReload-17/WARN] [net.minecraft.client.resources.model.BlockStateModelLoader/]: Exception loading blockstate definition: 'dndecor:blockstates/lead_flat_bolt.json' missing model for variant: 'dndecor:lead_flat_bolt#facing=west,rotation=180'
[14May2026 16:35:46.362] [Worker-ResourceReload-17/WARN] [net.minecraft.client.resources.model.BlockStateModelLoader/]: Exception loading blockstate definition: 'dndecor:blockstates/aluminum_cross_bolt.json' missing model for variant: 'dndecor:aluminum_cross_bolt#facing=up,rotation=270'
[14May2026 16:35:46.362] [Worker-ResourceReload-17/WARN] [net.minecraft.client.resources.model.BlockStateModelLoader/]: Exception loading blockstate definition: 'dndecor:blockstates/aluminum_cross_bolt.json' missing model for variant: 'dndecor:aluminum_cross_bolt#facing=south,rotation=225'
[14May2026 16:35:46.362] [Worker-ResourceReload-17/WARN] [net.minecraft.client.resources.model.BlockStateModelLoader/]: Exception loading blockstate definition: 'dndecor:blockstates/aluminum_cross_bolt.json' missing model for variant: 'dndecor:aluminum_cross_bolt#facing=west,rotation=315'
[14May2026 16:35:46.362] [Worker-ResourceReload-17/WARN] [net.minecraft.client.resources.model.BlockStateModelLoader/]: Exception loading blockstate definition: 'dndecor:blockstates/aluminum_cross_bolt.json' missing model for variant: 'dndecor:aluminum_cross_bolt#facing=up,rotation=135'
[14May2026 16:35:46.362] [Worker-ResourceReload-17/WARN] [net.minecraft.client.resources.model.BlockStateModelLoader/]: Exception loading blockstate definition: 'dndecor:blockstates/aluminum_cross_bolt.json' missing model for variant: 'dndecor:aluminum_cross_bolt#facing=west,rotation=135'
[14May2026 16:35:46.362] [Worker-ResourceReload-17/WARN] [net.minecraft.client.resources.model.BlockStateModelLoader/]: Exception loading blockstate definition: 'dndecor:blockstates/aluminum_cross_bolt.json' missing model for variant: 'dndecor:aluminum_cross_bolt#facing=south,rotation=45'
[14May2026 16:35:46.362] [Worker-ResourceReload-17/WARN] [net.minecraft.client.resources.model.BlockStateModelLoader/]: Exception loading blockstate definition: 'dndecor:blockstates/aluminum_cross_bolt.json' missing model for variant: 'dndecor:aluminum_cross_bolt#facing=down,rotation=270'
[14May2026 16:35:46.362] [Worker-ResourceReload-17/WARN] [net.minecraft.client.resources.model.BlockStateModelLoader/]: Exception loading blockstate definition: 'dndecor:blockstates/aluminum_cross_bolt.json' missing model for variant: 'dndecor:aluminum_cross_bolt#facing=east,rotation=225'
[14May2026 16:35:46.362] [Worker-ResourceReload-17/WARN] [net.minecraft.client.resources.model.BlockStateModelLoader/]: Exception loading blockstate definition: 'dndecor:blockstates/aluminum_cross_bolt.json' missing model for variant: 'dndecor:aluminum_cross_bolt#facing=up,rotation=315'
[14May2026 16:35:46.362] [Worker-ResourceReload-17/WARN] [net.minecraft.client.resources.model.BlockStateModelLoader/]: Exception loading blockstate definition: 'dndecor:blockstates/aluminum_cross_bolt.json' missing model for variant: 'dndecor:aluminum_cross_bolt#facing=north,rotation=180'
[14May2026 16:35:46.362] [Worker-ResourceReload-17/WARN] [net.minecraft.client.resources.model.BlockStateModelLoader/]: Exception loading blockstate definition: 'dndecor:blockstates/aluminum_cross_bolt.json' missing model for variant: 'dndecor:aluminum_cross_bolt#facing=south,rotation=90'
[14May2026 16:35:46.362] [Worker-ResourceReload-17/WARN] [net.minecraft.client.resources.model.BlockStateModelLoader/]: Exception loading blockstate definition: 'dndecor:blockstates/aluminum_cross_bolt.json' missing model for variant: 'dndecor:aluminum_cross_bolt#facing=east,rotation=45'
[14May2026 16:35:46.362] [Worker-ResourceReload-17/WARN] [net.minecraft.client.resources.model.BlockStateModelLoader/]: Exception loading blockstate definition: 'dndecor:blockstates/aluminum_cross_bolt.json' missing model for variant: 'dndecor:aluminum_cross_bolt#facing=west,rotation=270'
[14May2026 16:35:46.362] [Worker-ResourceReload-17/WARN] [net.minecraft.client.resources.model.BlockStateModelLoader/]: Exception loading blockstate definition: 'dndecor:blockstates/aluminum_cross_bolt.json' missing model for variant: 'dndecor:aluminum_cross_bolt#facing=up,rotation=45'
[14May2026 16:35:46.362] [Worker-ResourceReload-17/WARN] [net.minecraft.client.resources.model.BlockStateModelLoader/]: Exception loading blockstate definition: 'dndecor:blockstates/aluminum_cross_bolt.json' missing model for variant: 'dndecor:aluminum_cross_bolt#facing=south,rotation=270'
[14May2026 16:35:46.362] [Worker-ResourceReload-17/WARN] [net.minecraft.client.resources.model.BlockStateModelLoader/]: Exception loading blockstate definition: 'dndecor:blockstates/aluminum_cross_bolt.json' missing model for variant: 'dndecor:aluminum_cross_bolt#facing=down,rotation=225'
[14May2026 16:35:46.362] [Worker-ResourceReload-17/WARN] [net.minecraft.client.resources.model.BlockStateModelLoader/]: Exception loading blockstate definition: 'dndecor:blockstates/aluminum_cross_bolt.json' missing model for variant: 'dndecor:aluminum_cross_bolt#facing=north,rotation=135'
[14May2026 16:35:46.362] [Worker-ResourceReload-17/WARN] [net.minecraft.client.resources.model.BlockStateModelLoader/]: Exception loading blockstate definition: 'dndecor:blockstates/aluminum_cross_bolt.json' missing model for variant: 'dndecor:aluminum_cross_bolt#facing=north,rotation=45'
[14May2026 16:35:46.362] [Worker-ResourceReload-17/WARN] [net.minecraft.client.resources.model.BlockStateModelLoader/]: Exception loading blockstate definition: 'dndecor:blockstates/aluminum_cross_bolt.json' missing model for variant: 'dndecor:aluminum_cross_bolt#facing=west,rotation=90'
[14May2026 16:35:46.362] [Worker-ResourceReload-17/WARN] [net.minecraft.client.resources.model.BlockStateModelLoader/]: Exception loading blockstate definition: 'dndecor:blockstates/aluminum_cross_bolt.json' missing model for variant: 'dndecor:aluminum_cross_bolt#facing=north,rotation=315'
[14May2026 16:35:46.362] [Worker-ResourceReload-17/WARN] [net.minecraft.client.resources.model.BlockStateModelLoader/]: Exception loading blockstate definition: 'dndecor:blockstates/aluminum_cross_bolt.json' missing model for variant: 'dndecor:aluminum_cross_bolt#facing=south,rotation=135'
[14May2026 16:35:46.362] [Worker-ResourceReload-17/WARN] [net.minecraft.client.resources.model.BlockStateModelLoader/]: Exception loading blockstate definition: 'dndecor:blockstates/aluminum_cross_bolt.json' missing model for variant: 'dndecor:aluminum_cross_bolt#facing=south,rotation=315'
[14May2026 16:35:46.362] [Worker-ResourceReload-17/WARN] [net.minecraft.client.resources.model.BlockStateModelLoader/]: Exception loading blockstate definition: 'dndecor:blockstates/aluminum_cross_bolt.json' missing model for variant: 'dndecor:aluminum_cross_bolt#facing=north,rotation=0'
[14May2026 16:35:46.362] [Worker-ResourceReload-17/WARN] [net.minecraft.client.resources.model.BlockStateModelLoader/]: Exception loading blockstate definition: 'dndecor:blockstates/aluminum_cross_bolt.json' missing model for variant: 'dndecor:aluminum_cross_bolt#facing=down,rotation=45'
[14May2026 16:35:46.362] [Worker-ResourceReload-17/WARN] [net.minecraft.client.resources.model.BlockStateModelLoader/]: Exception loading blockstate definition: 'dndecor:blockstates/aluminum_cross_bolt.json' missing model for variant: 'dndecor:aluminum_cross_bolt#facing=up,rotation=180'
[14May2026 16:35:46.362] [Worker-ResourceReload-17/WARN] [net.minecraft.client.resources.model.BlockStateModelLoader/]: Exception loading blockstate definition: 'dndecor:blockstates/aluminum_cross_bolt.json' missing model for variant: 'dndecor:aluminum_cross_bolt#facing=east,rotation=270'
[14May2026 16:35:46.362] [Worker-ResourceReload-17/WARN] [net.minecraft.client.resources.model.BlockStateModelLoader/]: Exception loading blockstate definition: 'dndecor:blockstates/aluminum_cross_bolt.json' missing model for variant: 'dndecor:aluminum_cross_bolt#facing=west,rotation=225'
[14May2026 16:35:46.362] [Worker-ResourceReload-17/WARN] [net.minecraft.client.resources.model.BlockStateModelLoader/]: Exception loading blockstate definition: 'dndecor:blockstates/aluminum_cross_bolt.json' missing model for variant: 'dndecor:aluminum_cross_bolt#facing=down,rotation=0'
[14May2026 16:35:46.362] [Worker-ResourceReload-17/WARN] [net.minecraft.client.resources.model.BlockStateModelLoader/]: Exception loading blockstate definition: 'dndecor:blockstates/aluminum_cross_bolt.json' missing model for variant: 'dndecor:aluminum_cross_bolt#facing=down,rotation=180'
[14May2026 16:35:46.362] [Worker-ResourceReload-17/WARN] [net.minecraft.client.resources.model.BlockStateModelLoader/]: Exception loading blockstate definition: 'dndecor:blockstates/aluminum_cross_bolt.json' missing model for variant: 'dndecor:aluminum_cross_bolt#facing=east,rotation=315'
[14May2026 16:35:46.362] [Worker-ResourceReload-17/WARN] [net.minecraft.client.resources.model.BlockStateModelLoader/]: Exception loading blockstate definition: 'dndecor:blockstates/aluminum_cross_bolt.json' missing model for variant: 'dndecor:aluminum_cross_bolt#facing=north,rotation=270'
[14May2026 16:35:46.362] [Worker-ResourceReload-17/WARN] [net.minecraft.client.resources.model.BlockStateModelLoader/]: Exception loading blockstate definition: 'dndecor:blockstates/aluminum_cross_bolt.json' missing model for variant: 'dndecor:aluminum_cross_bolt#facing=east,rotation=135'
[14May2026 16:35:46.362] [Worker-ResourceReload-17/WARN] [net.minecraft.client.resources.model.BlockStateModelLoader/]: Exception loading blockstate definition: 'dndecor:blockstates/aluminum_cross_bolt.json' missing model for variant: 'dndecor:aluminum_cross_bolt#facing=south,rotation=0'
[14May2026 16:35:46.362] [Worker-ResourceReload-17/WARN] [net.minecraft.client.resources.model.BlockStateModelLoader/]: Exception loading blockstate definition: 'dndecor:blockstates/aluminum_cross_bolt.json' missing model for variant: 'dndecor:aluminum_cross_bolt#facing=up,rotation=225'
[14May2026 16:35:46.362] [Worker-ResourceReload-17/WARN] [net.minecraft.client.resources.model.BlockStateModelLoader/]: Exception loading blockstate definition: 'dndecor:blockstates/aluminum_cross_bolt.json' missing model for variant: 'dndecor:aluminum_cross_bolt#facing=west,rotation=45'
[14May2026 16:35:46.362] [Worker-ResourceReload-17/WARN] [net.minecraft.client.resources.model.BlockStateModelLoader/]: Exception loading blockstate definition: 'dndecor:blockstates/aluminum_cross_bolt.json' missing model for variant: 'dndecor:aluminum_cross_bolt#facing=down,rotation=135'
[14May2026 16:35:46.362] [Worker-ResourceReload-17/WARN] [net.minecraft.client.resources.model.BlockStateModelLoader/]: Exception loading blockstate definition: 'dndecor:blockstates/aluminum_cross_bolt.json' missing model for variant: 'dndecor:aluminum_cross_bolt#facing=west,rotation=180'
[14May2026 16:35:46.362] [Worker-ResourceReload-17/WARN] [net.minecraft.client.resources.model.BlockStateModelLoader/]: Exception loading blockstate definition: 'dndecor:blockstates/aluminum_cross_bolt.json' missing model for variant: 'dndecor:aluminum_cross_bolt#facing=up,rotation=0'
[14May2026 16:35:46.362] [Worker-ResourceReload-17/WARN] [net.minecraft.client.resources.model.BlockStateModelLoader/]: Exception loading blockstate definition: 'dndecor:blockstates/aluminum_cross_bolt.json' missing model for variant: 'dndecor:aluminum_cross_bolt#facing=south,rotation=180'
[14May2026 16:35:46.362] [Worker-ResourceReload-17/WARN] [net.minecraft.client.resources.model.BlockStateModelLoader/]: Exception loading blockstate definition: 'dndecor:blockstates/aluminum_cross_bolt.json' missing model for variant: 'dndecor:aluminum_cross_bolt#facing=down,rotation=315'
[14May2026 16:35:46.362] [Worker-ResourceReload-17/WARN] [net.minecraft.client.resources.model.BlockStateModelLoader/]: Exception loading blockstate definition: 'dndecor:blockstates/aluminum_cross_bolt.json' missing model for variant: 'dndecor:aluminum_cross_bolt#facing=west,rotation=0'
[14May2026 16:35:46.362] [Worker-ResourceReload-17/WARN] [net.minecraft.client.resources.model.BlockStateModelLoader/]: Exception loading blockstate definition: 'dndecor:blockstates/aluminum_cross_bolt.json' missing model for variant: 'dndecor:aluminum_cross_bolt#facing=down,rotation=90'
[14May2026 16:35:46.362] [Worker-ResourceReload-17/WARN] [net.minecraft.client.resources.model.BlockStateModelLoader/]: Exception loading blockstate definition: 'dndecor:blockstates/aluminum_cross_bolt.json' missing model for variant: 'dndecor:aluminum_cross_bolt#facing=east,rotation=180'
[14May2026 16:35:46.362] [Worker-ResourceReload-17/WARN] [net.minecraft.client.resources.model.BlockStateModelLoader/]: Exception loading blockstate definition: 'dndecor:blockstates/aluminum_cross_bolt.json' missing model for variant: 'dndecor:aluminum_cross_bolt#facing=up,rotation=90'
[14May2026 16:35:46.362] [Worker-ResourceReload-17/WARN] [net.minecraft.client.resources.model.BlockStateModelLoader/]: Exception loading blockstate definition: 'dndecor:blockstates/aluminum_cross_bolt.json' missing model for variant: 'dndecor:aluminum_cross_bolt#facing=east,rotation=0'
[14May2026 16:35:46.362] [Worker-ResourceReload-17/WARN] [net.minecraft.client.resources.model.BlockStateModelLoader/]: Exception loading blockstate definition: 'dndecor:blockstates/aluminum_cross_bolt.json' missing model for variant: 'dndecor:aluminum_cross_bolt#facing=north,rotation=225'
[14May2026 16:35:46.362] [Worker-ResourceReload-17/WARN] [net.minecraft.client.resources.model.BlockStateModelLoader/]: Exception loading blockstate definition: 'dndecor:blockstates/aluminum_cross_bolt.json' missing model for variant: 'dndecor:aluminum_cross_bolt#facing=north,rotation=90'
[14May2026 16:35:46.362] [Worker-ResourceReload-17/WARN] [net.minecraft.client.resources.model.BlockStateModelLoader/]: Exception loading blockstate definition: 'dndecor:blockstates/aluminum_cross_bolt.json' missing model for variant: 'dndecor:aluminum_cross_bolt#facing=east,rotation=90'
[14May2026 16:35:46.362] [Worker-ResourceReload-17/WARN] [net.minecraft.client.resources.model.BlockStateModelLoader/]: Exception loading blockstate definition: 'dndecor:blockstates/aluminum_dash_bolt.json' missing model for variant: 'dndecor:aluminum_dash_bolt#facing=south,rotation=135'
[14May2026 16:35:46.362] [Worker-ResourceReload-17/WARN] [net.minecraft.client.resources.model.BlockStateModelLoader/]: Exception loading blockstate definition: 'dndecor:blockstates/aluminum_dash_bolt.json' missing model for variant: 'dndecor:aluminum_dash_bolt#facing=east,rotation=270'
[14May2026 16:35:46.362] [Worker-ResourceReload-17/WARN] [net.minecraft.client.resources.model.BlockStateModelLoader/]: Exception loading blockstate definition: 'dndecor:blockstates/aluminum_dash_bolt.json' missing model for variant: 'dndecor:aluminum_dash_bolt#facing=west,rotation=225'
[14May2026 16:35:46.362] [Worker-ResourceReload-17/WARN] [net.minecraft.client.resources.model.BlockStateModelLoader/]: Exception loading blockstate definition: 'dndecor:blockstates/aluminum_dash_bolt.json' missing model for variant: 'dndecor:aluminum_dash_bolt#facing=down,rotation=0'
[14May2026 16:35:46.362] [Worker-ResourceReload-17/WARN] [net.minecraft.client.resources.model.BlockStateModelLoader/]: Exception loading blockstate definition: 'dndecor:blockstates/aluminum_dash_bolt.json' missing model for variant: 'dndecor:aluminum_dash_bolt#facing=south,rotation=0'
[14May2026 16:35:46.362] [Worker-ResourceReload-17/WARN] [net.minecraft.client.resources.model.BlockStateModelLoader/]: Exception loading blockstate definition: 'dndecor:blockstates/aluminum_dash_bolt.json' missing model for variant: 'dndecor:aluminum_dash_bolt#facing=south,rotation=270'
[14May2026 16:35:46.362] [Worker-ResourceReload-17/WARN] [net.minecraft.client.resources.model.BlockStateModelLoader/]: Exception loading blockstate definition: 'dndecor:blockstates/aluminum_dash_bolt.json' missing model for variant: 'dndecor:aluminum_dash_bolt#facing=down,rotation=315'
[14May2026 16:35:46.362] [Worker-ResourceReload-17/WARN] [net.minecraft.client.resources.model.BlockStateModelLoader/]: Exception loading blockstate definition: 'dndecor:blockstates/aluminum_dash_bolt.json' missing model for variant: 'dndecor:aluminum_dash_bolt#facing=east,rotation=135'
[14May2026 16:35:46.362] [Worker-ResourceReload-17/WARN] [net.minecraft.client.resources.model.BlockStateModelLoader/]: Exception loading blockstate definition: 'dndecor:blockstates/aluminum_dash_bolt.json' missing model for variant: 'dndecor:aluminum_dash_bolt#facing=down,rotation=135'
[14May2026 16:35:46.362] [Worker-ResourceReload-17/WARN] [net.minecraft.client.resources.model.BlockStateModelLoader/]: Exception loading blockstate definition: 'dndecor:blockstates/aluminum_dash_bolt.json' missing model for variant: 'dndecor:aluminum_dash_bolt#facing=north,rotation=270'
[14May2026 16:35:46.362] [Worker-ResourceReload-17/WARN] [net.minecraft.client.resources.model.BlockStateModelLoader/]: Exception loading blockstate definition: 'dndecor:blockstates/aluminum_dash_bolt.json' missing model for variant: 'dndecor:aluminum_dash_bolt#facing=east,rotation=315'
[14May2026 16:35:46.362] [Worker-ResourceReload-17/WARN] [net.minecraft.client.resources.model.BlockStateModelLoader/]: Exception loading blockstate definition: 'dndecor:blockstates/aluminum_dash_bolt.json' missing model for variant: 'dndecor:aluminum_dash_bolt#facing=west,rotation=270'
[14May2026 16:35:46.362] [Worker-ResourceReload-17/WARN] [net.minecraft.client.resources.model.BlockStateModelLoader/]: Exception loading blockstate definition: 'dndecor:blockstates/aluminum_dash_bolt.json' missing model for variant: 'dndecor:aluminum_dash_bolt#facing=up,rotation=225'
[14May2026 16:35:46.362] [Worker-ResourceReload-17/WARN] [net.minecraft.client.resources.model.BlockStateModelLoader/]: Exception loading blockstate definition: 'dndecor:blockstates/aluminum_dash_bolt.json' missing model for variant: 'dndecor:aluminum_dash_bolt#facing=south,rotation=90'
[14May2026 16:35:46.362] [Worker-ResourceReload-17/WARN] [net.minecraft.client.resources.model.BlockStateModelLoader/]: Exception loading blockstate definition: 'dndecor:blockstates/aluminum_dash_bolt.json' missing model for variant: 'dndecor:aluminum_dash_bolt#facing=down,rotation=270'
[14May2026 16:35:46.363] [Worker-ResourceReload-17/WARN] [net.minecraft.client.resources.model.BlockStateModelLoader/]: Exception loading blockstate definition: 'dndecor:blockstates/aluminum_dash_bolt.json' missing model for variant: 'dndecor:aluminum_dash_bolt#facing=north,rotation=135'
[14May2026 16:35:46.363] [Worker-ResourceReload-17/WARN] [net.minecraft.client.resources.model.BlockStateModelLoader/]: Exception loading blockstate definition: 'dndecor:blockstates/aluminum_dash_bolt.json' missing model for variant: 'dndecor:aluminum_dash_bolt#facing=east,rotation=45'
[14May2026 16:35:46.363] [Worker-ResourceReload-17/WARN] [net.minecraft.client.resources.model.BlockStateModelLoader/]: Exception loading blockstate definition: 'dndecor:blockstates/aluminum_dash_bolt.json' missing model for variant: 'dndecor:aluminum_dash_bolt#facing=north,rotation=45'
[14May2026 16:35:46.363] [Worker-ResourceReload-17/WARN] [net.minecraft.client.resources.model.BlockStateModelLoader/]: Exception loading blockstate definition: 'dndecor:blockstates/aluminum_dash_bolt.json' missing model for variant: 'dndecor:aluminum_dash_bolt#facing=north,rotation=315'
[14May2026 16:35:46.363] [Worker-ResourceReload-17/WARN] [net.minecraft.client.resources.model.BlockStateModelLoader/]: Exception loading blockstate definition: 'dndecor:blockstates/aluminum_dash_bolt.json' missing model for variant: 'dndecor:aluminum_dash_bolt#facing=north,rotation=0'
[14May2026 16:35:46.363] [Worker-ResourceReload-17/WARN] [net.minecraft.client.resources.model.BlockStateModelLoader/]: Exception loading blockstate definition: 'dndecor:blockstates/aluminum_dash_bolt.json' missing model for variant: 'dndecor:aluminum_dash_bolt#facing=down,rotation=45'
[14May2026 16:35:46.363] [Worker-ResourceReload-17/WARN] [net.minecraft.client.resources.model.BlockStateModelLoader/]: Exception loading blockstate definition: 'dndecor:blockstates/aluminum_dash_bolt.json' missing model for variant: 'dndecor:aluminum_dash_bolt#facing=south,rotation=315'
[14May2026 16:35:46.363] [Worker-ResourceReload-17/WARN] [net.minecraft.client.resources.model.BlockStateModelLoader/]: Exception loading blockstate definition: 'dndecor:blockstates/aluminum_dash_bolt.json' missing model for variant: 'dndecor:aluminum_dash_bolt#facing=west,rotation=90'
[14May2026 16:35:46.363] [Worker-ResourceReload-17/WARN] [net.minecraft.client.resources.model.BlockStateModelLoader/]: Exception loading blockstate definition: 'dndecor:blockstates/aluminum_dash_bolt.json' missing model for variant: 'dndecor:aluminum_dash_bolt#facing=up,rotation=45'
[14May2026 16:35:46.363] [Worker-ResourceReload-17/WARN] [net.minecraft.client.resources.model.BlockStateModelLoader/]: Exception loading blockstate definition: 'dndecor:blockstates/aluminum_dash_bolt.json' missing model for variant: 'dndecor:aluminum_dash_bolt#facing=up,rotation=180'
[14May2026 16:35:46.363] [Worker-ResourceReload-17/WARN] [net.minecraft.client.resources.model.BlockStateModelLoader/]: Exception loading blockstate definition: 'dndecor:blockstates/aluminum_dash_bolt.json' missing model for variant: 'dndecor:aluminum_dash_bolt#facing=west,rotation=315'
[14May2026 16:35:46.363] [Worker-ResourceReload-17/WARN] [net.minecraft.client.resources.model.BlockStateModelLoader/]: Exception loading blockstate definition: 'dndecor:blockstates/aluminum_dash_bolt.json' missing model for variant: 'dndecor:aluminum_dash_bolt#facing=east,rotation=225'
[14May2026 16:35:46.363] [Worker-ResourceReload-17/WARN] [net.minecraft.client.resources.model.BlockStateModelLoader/]: Exception loading blockstate definition: 'dndecor:blockstates/aluminum_dash_bolt.json' missing model for variant: 'dndecor:aluminum_dash_bolt#facing=west,rotation=135'
[14May2026 16:35:46.363] [Worker-ResourceReload-17/WARN] [net.minecraft.client.resources.model.BlockStateModelLoader/]: Exception loading blockstate definition: 'dndecor:blockstates/aluminum_dash_bolt.json' missing model for variant: 'dndecor:aluminum_dash_bolt#facing=down,rotation=90'
[14May2026 16:35:46.363] [Worker-ResourceReload-17/WARN] [net.minecraft.client.resources.model.BlockStateModelLoader/]: Exception loading blockstate definition: 'dndecor:blockstates/aluminum_dash_bolt.json' missing model for variant: 'dndecor:aluminum_dash_bolt#facing=south,rotation=180'
[14May2026 16:35:46.363] [Worker-ResourceReload-17/WARN] [net.minecraft.client.resources.model.BlockStateModelLoader/]: Exception loading blockstate definition: 'dndecor:blockstates/aluminum_dash_bolt.json' missing model for variant: 'dndecor:aluminum_dash_bolt#facing=down,rotation=225'
[14May2026 16:35:46.363] [Worker-ResourceReload-17/WARN] [net.minecraft.client.resources.model.BlockStateModelLoader/]: Exception loading blockstate definition: 'dndecor:blockstates/aluminum_dash_bolt.json' missing model for variant: 'dndecor:aluminum_dash_bolt#facing=north,rotation=180'
[14May2026 16:35:46.363] [Worker-ResourceReload-17/WARN] [net.minecraft.client.resources.model.BlockStateModelLoader/]: Exception loading blockstate definition: 'dndecor:blockstates/aluminum_dash_bolt.json' missing model for variant: 'dndecor:aluminum_dash_bolt#facing=south,rotation=45'
[14May2026 16:35:46.363] [Worker-ResourceReload-17/WARN] [net.minecraft.client.resources.model.BlockStateModelLoader/]: Exception loading blockstate definition: 'dndecor:blockstates/aluminum_dash_bolt.json' missing model for variant: 'dndecor:aluminum_dash_bolt#facing=west,rotation=180'
[14May2026 16:35:46.363] [Worker-ResourceReload-17/WARN] [net.minecraft.client.resources.model.BlockStateModelLoader/]: Exception loading blockstate definition: 'dndecor:blockstates/aluminum_dash_bolt.json' missing model for variant: 'dndecor:aluminum_dash_bolt#facing=up,rotation=315'
[14May2026 16:35:46.363] [Worker-ResourceReload-17/WARN] [net.minecraft.client.resources.model.BlockStateModelLoader/]: Exception loading blockstate definition: 'dndecor:blockstates/aluminum_dash_bolt.json' missing model for variant: 'dndecor:aluminum_dash_bolt#facing=north,rotation=90'
[14May2026 16:35:46.363] [Worker-ResourceReload-17/WARN] [net.minecraft.client.resources.model.BlockStateModelLoader/]: Exception loading blockstate definition: 'dndecor:blockstates/aluminum_dash_bolt.json' missing model for variant: 'dndecor:aluminum_dash_bolt#facing=west,rotation=0'
[14May2026 16:35:46.363] [Worker-ResourceReload-17/WARN] [net.minecraft.client.resources.model.BlockStateModelLoader/]: Exception loading blockstate definition: 'dndecor:blockstates/aluminum_dash_bolt.json' missing model for variant: 'dndecor:aluminum_dash_bolt#facing=west,rotation=45'
[14May2026 16:35:46.363] [Worker-ResourceReload-17/WARN] [net.minecraft.client.resources.model.BlockStateModelLoader/]: Exception loading blockstate definition: 'dndecor:blockstates/aluminum_dash_bolt.json' missing model for variant: 'dndecor:aluminum_dash_bolt#facing=up,rotation=0'
[14May2026 16:35:46.363] [Worker-ResourceReload-17/WARN] [net.minecraft.client.resources.model.BlockStateModelLoader/]: Exception loading blockstate definition: 'dndecor:blockstates/aluminum_dash_bolt.json' missing model for variant: 'dndecor:aluminum_dash_bolt#facing=up,rotation=90'
[14May2026 16:35:46.363] [Worker-ResourceReload-17/WARN] [net.minecraft.client.resources.model.BlockStateModelLoader/]: Exception loading blockstate definition: 'dndecor:blockstates/aluminum_dash_bolt.json' missing model for variant: 'dndecor:aluminum_dash_bolt#facing=up,rotation=135'
[14May2026 16:35:46.363] [Worker-ResourceReload-17/WARN] [net.minecraft.client.resources.model.BlockStateModelLoader/]: Exception loading blockstate definition: 'dndecor:blockstates/aluminum_dash_bolt.json' missing model for variant: 'dndecor:aluminum_dash_bolt#facing=down,rotation=180'
[14May2026 16:35:46.363] [Worker-ResourceReload-17/WARN] [net.minecraft.client.resources.model.BlockStateModelLoader/]: Exception loading blockstate definition: 'dndecor:blockstates/aluminum_dash_bolt.json' missing model for variant: 'dndecor:aluminum_dash_bolt#facing=north,rotation=225'
[14May2026 16:35:46.363] [Worker-ResourceReload-17/WARN] [net.minecraft.client.resources.model.BlockStateModelLoader/]: Exception loading blockstate definition: 'dndecor:blockstates/aluminum_dash_bolt.json' missing model for variant: 'dndecor:aluminum_dash_bolt#facing=east,rotation=90'
[14May2026 16:35:46.363] [Worker-ResourceReload-17/WARN] [net.minecraft.client.resources.model.BlockStateModelLoader/]: Exception loading blockstate definition: 'dndecor:blockstates/aluminum_dash_bolt.json' missing model for variant: 'dndecor:aluminum_dash_bolt#facing=east,rotation=0'
[14May2026 16:35:46.363] [Worker-ResourceReload-17/WARN] [net.minecraft.client.resources.model.BlockStateModelLoader/]: Exception loading blockstate definition: 'dndecor:blockstates/aluminum_dash_bolt.json' missing model for variant: 'dndecor:aluminum_dash_bolt#facing=east,rotation=180'
[14May2026 16:35:46.363] [Worker-ResourceReload-17/WARN] [net.minecraft.client.resources.model.BlockStateModelLoader/]: Exception loading blockstate definition: 'dndecor:blockstates/aluminum_dash_bolt.json' missing model for variant: 'dndecor:aluminum_dash_bolt#facing=up,rotation=270'
[14May2026 16:35:46.363] [Worker-ResourceReload-17/WARN] [net.minecraft.client.resources.model.BlockStateModelLoader/]: Exception loading blockstate definition: 'dndecor:blockstates/aluminum_dash_bolt.json' missing model for variant: 'dndecor:aluminum_dash_bolt#facing=south,rotation=225'
[14May2026 16:35:46.363] [Worker-ResourceReload-17/WARN] [net.minecraft.client.resources.model.BlockStateModelLoader/]: Exception loading blockstate definition: 'dndecor:blockstates/aluminum_dot_bolt.json' missing model for variant: 'dndecor:aluminum_dot_bolt#facing=south,rotation=225'
[14May2026 16:35:46.363] [Worker-ResourceReload-17/WARN] [net.minecraft.client.resources.model.BlockStateModelLoader/]: Exception loading blockstate definition: 'dndecor:blockstates/aluminum_dot_bolt.json' missing model for variant: 'dndecor:aluminum_dot_bolt#facing=up,rotation=270'
[14May2026 16:35:46.363] [Worker-ResourceReload-17/WARN] [net.minecraft.client.resources.model.BlockStateModelLoader/]: Exception loading blockstate definition: 'dndecor:blockstates/aluminum_dot_bolt.json' missing model for variant: 'dndecor:aluminum_dot_bolt#facing=west,rotation=315'
[14May2026 16:35:46.363] [Worker-ResourceReload-17/WARN] [net.minecraft.client.resources.model.BlockStateModelLoader/]: Exception loading blockstate definition: 'dndecor:blockstates/aluminum_dot_bolt.json' missing model for variant: 'dndecor:aluminum_dot_bolt#facing=down,rotation=90'
[14May2026 16:35:46.363] [Worker-ResourceReload-17/WARN] [net.minecraft.client.resources.model.BlockStateModelLoader/]: Exception loading blockstate definition: 'dndecor:blockstates/aluminum_dot_bolt.json' missing model for variant: 'dndecor:aluminum_dot_bolt#facing=north,rotation=315'
[14May2026 16:35:46.363] [Worker-ResourceReload-17/WARN] [net.minecraft.client.resources.model.BlockStateModelLoader/]: Exception loading blockstate definition: 'dndecor:blockstates/aluminum_dot_bolt.json' missing model for variant: 'dndecor:aluminum_dot_bolt#facing=east,rotation=0'
[14May2026 16:35:46.363] [Worker-ResourceReload-17/WARN] [net.minecraft.client.resources.model.BlockStateModelLoader/]: Exception loading blockstate definition: 'dndecor:blockstates/aluminum_dot_bolt.json' missing model for variant: 'dndecor:aluminum_dot_bolt#facing=east,rotation=180'
[14May2026 16:35:46.363] [Worker-ResourceReload-17/WARN] [net.minecraft.client.resources.model.BlockStateModelLoader/]: Exception loading blockstate definition: 'dndecor:blockstates/aluminum_dot_bolt.json' missing model for variant: 'dndecor:aluminum_dot_bolt#facing=west,rotation=180'
[14May2026 16:35:46.363] [Worker-ResourceReload-17/WARN] [net.minecraft.client.resources.model.BlockStateModelLoader/]: Exception loading blockstate definition: 'dndecor:blockstates/aluminum_dot_bolt.json' missing model for variant: 'dndecor:aluminum_dot_bolt#facing=west,rotation=45'
[14May2026 16:35:46.363] [Worker-ResourceReload-17/WARN] [net.minecraft.client.resources.model.BlockStateModelLoader/]: Exception loading blockstate definition: 'dndecor:blockstates/aluminum_dot_bolt.json' missing model for variant: 'dndecor:aluminum_dot_bolt#facing=down,rotation=180'
[14May2026 16:35:46.363] [Worker-ResourceReload-17/WARN] [net.minecraft.client.resources.model.BlockStateModelLoader/]: Exception loading blockstate definition: 'dndecor:blockstates/aluminum_dot_bolt.json' missing model for variant: 'dndecor:aluminum_dot_bolt#facing=north,rotation=135'
[14May2026 16:35:46.363] [Worker-ResourceReload-17/WARN] [net.minecraft.client.resources.model.BlockStateModelLoader/]: Exception loading blockstate definition: 'dndecor:blockstates/aluminum_dot_bolt.json' missing model for variant: 'dndecor:aluminum_dot_bolt#facing=south,rotation=270'
[14May2026 16:35:46.363] [Worker-ResourceReload-17/WARN] [net.minecraft.client.resources.model.BlockStateModelLoader/]: Exception loading blockstate definition: 'dndecor:blockstates/aluminum_dot_bolt.json' missing model for variant: 'dndecor:aluminum_dot_bolt#facing=down,rotation=225'
[14May2026 16:35:46.363] [Worker-ResourceReload-17/WARN] [net.minecraft.client.resources.model.BlockStateModelLoader/]: Exception loading blockstate definition: 'dndecor:blockstates/aluminum_dot_bolt.json' missing model for variant: 'dndecor:aluminum_dot_bolt#facing=up,rotation=135'
[14May2026 16:35:46.363] [Worker-ResourceReload-17/WARN] [net.minecraft.client.resources.model.BlockStateModelLoader/]: Exception loading blockstate definition: 'dndecor:blockstates/aluminum_dot_bolt.json' missing model for variant: 'dndecor:aluminum_dot_bolt#facing=south,rotation=45'
[14May2026 16:35:46.363] [Worker-ResourceReload-17/WARN] [net.minecraft.client.resources.model.BlockStateModelLoader/]: Exception loading blockstate definition: 'dndecor:blockstates/aluminum_dot_bolt.json' missing model for variant: 'dndecor:aluminum_dot_bolt#facing=north,rotation=270'
[14May2026 16:35:46.363] [Worker-ResourceReload-17/WARN] [net.minecraft.client.resources.model.BlockStateModelLoader/]: Exception loading blockstate definition: 'dndecor:blockstates/aluminum_dot_bolt.json' missing model for variant: 'dndecor:aluminum_dot_bolt#facing=east,rotation=225'
[14May2026 16:35:46.363] [Worker-ResourceReload-17/WARN] [net.minecraft.client.resources.model.BlockStateModelLoader/]: Exception loading blockstate definition: 'dndecor:blockstates/aluminum_dot_bolt.json' missing model for variant: 'dndecor:aluminum_dot_bolt#facing=south,rotation=0'
[14May2026 16:35:46.363] [Worker-ResourceReload-17/WARN] [net.minecraft.client.resources.model.BlockStateModelLoader/]: Exception loading blockstate definition: 'dndecor:blockstates/aluminum_dot_bolt.json' missing model for variant: 'dndecor:aluminum_dot_bolt#facing=up,rotation=315'
[14May2026 16:35:46.363] [Worker-ResourceReload-17/WARN] [net.minecraft.client.resources.model.BlockStateModelLoader/]: Exception loading blockstate definition: 'dndecor:blockstates/aluminum_dot_bolt.json' missing model for variant: 'dndecor:aluminum_dot_bolt#facing=up,rotation=180'
[14May2026 16:35:46.363] [Worker-ResourceReload-17/WARN] [net.minecraft.client.resources.model.BlockStateModelLoader/]: Exception loading blockstate definition: 'dndecor:blockstates/aluminum_dot_bolt.json' missing model for variant: 'dndecor:aluminum_dot_bolt#facing=south,rotation=315'
[14May2026 16:35:46.363] [Worker-ResourceReload-17/WARN] [net.minecraft.client.resources.model.BlockStateModelLoader/]: Exception loading blockstate definition: 'dndecor:blockstates/aluminum_dot_bolt.json' missing model for variant: 'dndecor:aluminum_dot_bolt#facing=north,rotation=0'
[14May2026 16:35:46.363] [Worker-ResourceReload-17/WARN] [net.minecraft.client.resources.model.BlockStateModelLoader/]: Exception loading blockstate definition: 'dndecor:blockstates/aluminum_dot_bolt.json' missing model for variant: 'dndecor:aluminum_dot_bolt#facing=west,rotation=225'
[14May2026 16:35:46.363] [Worker-ResourceReload-17/WARN] [net.minecraft.client.resources.model.BlockStateModelLoader/]: Exception loading blockstate definition: 'dndecor:blockstates/aluminum_dot_bolt.json' missing model for variant: 'dndecor:aluminum_dot_bolt#facing=down,rotation=0'
[14May2026 16:35:46.363] [Worker-ResourceReload-17/WARN] [net.minecraft.client.resources.model.BlockStateModelLoader/]: Exception loading blockstate definition: 'dndecor:blockstates/aluminum_dot_bolt.json' missing model for variant: 'dndecor:aluminum_dot_bolt#facing=east,rotation=270'
[14May2026 16:35:46.363] [Worker-ResourceReload-17/WARN] [net.minecraft.client.resources.model.BlockStateModelLoader/]: Exception loading blockstate definition: 'dndecor:blockstates/aluminum_dot_bolt.json' missing model for variant: 'dndecor:aluminum_dot_bolt#facing=down,rotation=315'
[14May2026 16:35:46.363] [Worker-ResourceReload-17/WARN] [net.minecraft.client.resources.model.BlockStateModelLoader/]: Exception loading blockstate definition: 'dndecor:blockstates/aluminum_dot_bolt.json' missing model for variant: 'dndecor:aluminum_dot_bolt#facing=north,rotation=45'
[14May2026 16:35:46.363] [Worker-ResourceReload-17/WARN] [net.minecraft.client.resources.model.BlockStateModelLoader/]: Exception loading blockstate definition: 'dndecor:blockstates/aluminum_dot_bolt.json' missing model for variant: 'dndecor:aluminum_dot_bolt#facing=north,rotation=225'
[14May2026 16:35:46.363] [Worker-ResourceReload-17/WARN] [net.minecraft.client.resources.model.BlockStateModelLoader/]: Exception loading blockstate definition: 'dndecor:blockstates/aluminum_dot_bolt.json' missing model for variant: 'dndecor:aluminum_dot_bolt#facing=east,rotation=90'
[14May2026 16:35:46.363] [Worker-ResourceReload-17/WARN] [net.minecraft.client.resources.model.BlockStateModelLoader/]: Exception loading blockstate definition: 'dndecor:blockstates/aluminum_dot_bolt.json' missing model for variant: 'dndecor:aluminum_dot_bolt#facing=up,rotation=0'
[14May2026 16:35:46.363] [Worker-ResourceReload-17/WARN] [net.minecraft.client.resources.model.BlockStateModelLoader/]: Exception loading blockstate definition: 'dndecor:blockstates/aluminum_dot_bolt.json' missing model for variant: 'dndecor:aluminum_dot_bolt#facing=down,rotation=45'
[14May2026 16:35:46.363] [Worker-ResourceReload-17/WARN] [net.minecraft.client.resources.model.BlockStateModelLoader/]: Exception loading blockstate definition: 'dndecor:blockstates/aluminum_dot_bolt.json' missing model for variant: 'dndecor:aluminum_dot_bolt#facing=up,rotation=45'
[14May2026 16:35:46.363] [Worker-ResourceReload-17/WARN] [net.minecraft.client.resources.model.BlockStateModelLoader/]: Exception loading blockstate definition: 'dndecor:blockstates/aluminum_dot_bolt.json' missing model for variant: 'dndecor:aluminum_dot_bolt#facing=west,rotation=90'
[14May2026 16:35:46.363] [Worker-ResourceReload-17/WARN] [net.minecraft.client.resources.model.BlockStateModelLoader/]: Exception loading blockstate definition: 'dndecor:blockstates/aluminum_dot_bolt.json' missing model for variant: 'dndecor:aluminum_dot_bolt#facing=south,rotation=135'
[14May2026 16:35:46.363] [Worker-ResourceReload-17/WARN] [net.minecraft.client.resources.model.BlockStateModelLoader/]: Exception loading blockstate definition: 'dndecor:blockstates/aluminum_dot_bolt.json' missing model for variant: 'dndecor:aluminum_dot_bolt#facing=north,rotation=90'
[14May2026 16:35:46.363] [Worker-ResourceReload-17/WARN] [net.minecraft.client.resources.model.BlockStateModelLoader/]: Exception loading blockstate definition: 'dndecor:blockstates/aluminum_dot_bolt.json' missing model for variant: 'dndecor:aluminum_dot_bolt#facing=west,rotation=270'
[14May2026 16:35:46.363] [Worker-ResourceReload-17/WARN] [net.minecraft.client.resources.model.BlockStateModelLoader/]: Exception loading blockstate definition: 'dndecor:blockstates/aluminum_dot_bolt.json' missing model for variant: 'dndecor:aluminum_dot_bolt#facing=down,rotation=270'
[14May2026 16:35:46.363] [Worker-ResourceReload-17/WARN] [net.minecraft.client.resources.model.BlockStateModelLoader/]: Exception loading blockstate definition: 'dndecor:blockstates/aluminum_dot_bolt.json' missing model for variant: 'dndecor:aluminum_dot_bolt#facing=south,rotation=180'
[14May2026 16:35:46.363] [Worker-ResourceReload-17/WARN] [net.minecraft.client.resources.model.BlockStateModelLoader/]: Exception loading blockstate definition: 'dndecor:blockstates/aluminum_dot_bolt.json' missing model for variant: 'dndecor:aluminum_dot_bolt#facing=east,rotation=45'
[14May2026 16:35:46.363] [Worker-ResourceReload-17/WARN] [net.minecraft.client.resources.model.BlockStateModelLoader/]: Exception loading blockstate definition: 'dndecor:blockstates/aluminum_dot_bolt.json' missing model for variant: 'dndecor:aluminum_dot_bolt#facing=west,rotation=0'
[14May2026 16:35:46.363] [Worker-ResourceReload-17/WARN] [net.minecraft.client.resources.model.BlockStateModelLoader/]: Exception loading blockstate definition: 'dndecor:blockstates/aluminum_dot_bolt.json' missing model for variant: 'dndecor:aluminum_dot_bolt#facing=south,rotation=90'
[14May2026 16:35:46.363] [Worker-ResourceReload-17/WARN] [net.minecraft.client.resources.model.BlockStateModelLoader/]: Exception loading blockstate definition: 'dndecor:blockstates/aluminum_dot_bolt.json' missing model for variant: 'dndecor:aluminum_dot_bolt#facing=up,rotation=90'
[14May2026 16:35:46.363] [Worker-ResourceReload-17/WARN] [net.minecraft.client.resources.model.BlockStateModelLoader/]: Exception loading blockstate definition: 'dndecor:blockstates/aluminum_dot_bolt.json' missing model for variant: 'dndecor:aluminum_dot_bolt#facing=east,rotation=315'
[14May2026 16:35:46.363] [Worker-ResourceReload-17/WARN] [net.minecraft.client.resources.model.BlockStateModelLoader/]: Exception loading blockstate definition: 'dndecor:blockstates/aluminum_dot_bolt.json' missing model for variant: 'dndecor:aluminum_dot_bolt#facing=west,rotation=135'
[14May2026 16:35:46.363] [Worker-ResourceReload-17/WARN] [net.minecraft.client.resources.model.BlockStateModelLoader/]: Exception loading blockstate definition: 'dndecor:blockstates/aluminum_dot_bolt.json' missing model for variant: 'dndecor:aluminum_dot_bolt#facing=down,rotation=135'
[14May2026 16:35:46.363] [Worker-ResourceReload-17/WARN] [net.minecraft.client.resources.model.BlockStateModelLoader/]: Exception loading blockstate definition: 'dndecor:blockstates/aluminum_dot_bolt.json' missing model for variant: 'dndecor:aluminum_dot_bolt#facing=north,rotation=180'
[14May2026 16:35:46.363] [Worker-ResourceReload-17/WARN] [net.minecraft.client.resources.model.BlockStateModelLoader/]: Exception loading blockstate definition: 'dndecor:blockstates/aluminum_dot_bolt.json' missing model for variant: 'dndecor:aluminum_dot_bolt#facing=east,rotation=135'
[14May2026 16:35:46.363] [Worker-ResourceReload-17/WARN] [net.minecraft.client.resources.model.BlockStateModelLoader/]: Exception loading blockstate definition: 'dndecor:blockstates/aluminum_dot_bolt.json' missing model for variant: 'dndecor:aluminum_dot_bolt#facing=up,rotation=225'
[14May2026 16:35:46.363] [Worker-ResourceReload-17/WARN] [net.minecraft.client.resources.model.BlockStateModelLoader/]: Exception loading blockstate definition: 'dndecor:blockstates/aluminum_flat_bolt.json' missing model for variant: 'dndecor:aluminum_flat_bolt#facing=west,rotation=0'
[14May2026 16:35:46.363] [Worker-ResourceReload-17/WARN] [net.minecraft.client.resources.model.BlockStateModelLoader/]: Exception loading blockstate definition: 'dndecor:blockstates/aluminum_flat_bolt.json' missing model for variant: 'dndecor:aluminum_flat_bolt#facing=west,rotation=270'
[14May2026 16:35:46.363] [Worker-ResourceReload-17/WARN] [net.minecraft.client.resources.model.BlockStateModelLoader/]: Exception loading blockstate definition: 'dndecor:blockstates/aluminum_flat_bolt.json' missing model for variant: 'dndecor:aluminum_flat_bolt#facing=south,rotation=180'
[14May2026 16:35:46.363] [Worker-ResourceReload-17/WARN] [net.minecraft.client.resources.model.BlockStateModelLoader/]: Exception loading blockstate definition: 'dndecor:blockstates/aluminum_flat_bolt.json' missing model for variant: 'dndecor:aluminum_flat_bolt#facing=north,rotation=90'
[14May2026 16:35:46.363] [Worker-ResourceReload-17/WARN] [net.minecraft.client.resources.model.BlockStateModelLoader/]: Exception loading blockstate definition: 'dndecor:blockstates/aluminum_flat_bolt.json' missing model for variant: 'dndecor:aluminum_flat_bolt#facing=north,rotation=135'
[14May2026 16:35:46.363] [Worker-ResourceReload-17/WARN] [net.minecraft.client.resources.model.BlockStateModelLoader/]: Exception loading blockstate definition: 'dndecor:blockstates/aluminum_flat_bolt.json' missing model for variant: 'dndecor:aluminum_flat_bolt#facing=down,rotation=180'
[14May2026 16:35:46.363] [Worker-ResourceReload-17/WARN] [net.minecraft.client.resources.model.BlockStateModelLoader/]: Exception loading blockstate definition: 'dndecor:blockstates/aluminum_flat_bolt.json' missing model for variant: 'dndecor:aluminum_flat_bolt#facing=west,rotation=135'
[14May2026 16:35:46.363] [Worker-ResourceReload-17/WARN] [net.minecraft.client.resources.model.BlockStateModelLoader/]: Exception loading blockstate definition: 'dndecor:blockstates/aluminum_flat_bolt.json' missing model for variant: 'dndecor:aluminum_flat_bolt#facing=down,rotation=90'
[14May2026 16:35:46.363] [Worker-ResourceReload-17/WARN] [net.minecraft.client.resources.model.BlockStateModelLoader/]: Exception loading blockstate definition: 'dndecor:blockstates/aluminum_flat_bolt.json' missing model for variant: 'dndecor:aluminum_flat_bolt#facing=south,rotation=0'
[14May2026 16:35:46.363] [Worker-ResourceReload-17/WARN] [net.minecraft.client.resources.model.BlockStateModelLoader/]: Exception loading blockstate definition: 'dndecor:blockstates/aluminum_flat_bolt.json' missing model for variant: 'dndecor:aluminum_flat_bolt#facing=up,rotation=90'
[14May2026 16:35:46.363] [Worker-ResourceReload-17/WARN] [net.minecraft.client.resources.model.BlockStateModelLoader/]: Exception loading blockstate definition: 'dndecor:blockstates/aluminum_flat_bolt.json' missing model for variant: 'dndecor:aluminum_flat_bolt#facing=up,rotation=225'
[14May2026 16:35:46.363] [Worker-ResourceReload-17/WARN] [net.minecraft.client.resources.model.BlockStateModelLoader/]: Exception loading blockstate definition: 'dndecor:blockstates/aluminum_flat_bolt.json' missing model for variant: 'dndecor:aluminum_flat_bolt#facing=down,rotation=225'
[14May2026 16:35:46.363] [Worker-ResourceReload-17/WARN] [net.minecraft.client.resources.model.BlockStateModelLoader/]: Exception loading blockstate definition: 'dndecor:blockstates/aluminum_flat_bolt.json' missing model for variant: 'dndecor:aluminum_flat_bolt#facing=north,rotation=270'
[14May2026 16:35:46.363] [Worker-ResourceReload-17/WARN] [net.minecraft.client.resources.model.BlockStateModelLoader/]: Exception loading blockstate definition: 'dndecor:blockstates/aluminum_flat_bolt.json' missing model for variant: 'dndecor:aluminum_flat_bolt#facing=east,rotation=315'
[14May2026 16:35:46.363] [Worker-ResourceReload-17/WARN] [net.minecraft.client.resources.model.BlockStateModelLoader/]: Exception loading blockstate definition: 'dndecor:blockstates/aluminum_flat_bolt.json' missing model for variant: 'dndecor:aluminum_flat_bolt#facing=south,rotation=45'
[14May2026 16:35:46.363] [Worker-ResourceReload-17/WARN] [net.minecraft.client.resources.model.BlockStateModelLoader/]: Exception loading blockstate definition: 'dndecor:blockstates/aluminum_flat_bolt.json' missing model for variant: 'dndecor:aluminum_flat_bolt#facing=up,rotation=270'
[14May2026 16:35:46.363] [Worker-ResourceReload-17/WARN] [net.minecraft.client.resources.model.BlockStateModelLoader/]: Exception loading blockstate definition: 'dndecor:blockstates/aluminum_flat_bolt.json' missing model for variant: 'dndecor:aluminum_flat_bolt#facing=west,rotation=315'
[14May2026 16:35:46.363] [Worker-ResourceReload-17/WARN] [net.minecraft.client.resources.model.BlockStateModelLoader/]: Exception loading blockstate definition: 'dndecor:blockstates/aluminum_flat_bolt.json' missing model for variant: 'dndecor:aluminum_flat_bolt#facing=east,rotation=0'
[14May2026 16:35:46.363] [Worker-ResourceReload-17/WARN] [net.minecraft.client.resources.model.BlockStateModelLoader/]: Exception loading blockstate definition: 'dndecor:blockstates/aluminum_flat_bolt.json' missing model for variant: 'dndecor:aluminum_flat_bolt#facing=east,rotation=180'
[14May2026 16:35:46.363] [Worker-ResourceReload-17/WARN] [net.minecraft.client.resources.model.BlockStateModelLoader/]: Exception loading blockstate definition: 'dndecor:blockstates/aluminum_flat_bolt.json' missing model for variant: 'dndecor:aluminum_flat_bolt#facing=east,rotation=90'
[14May2026 16:35:46.363] [Worker-ResourceReload-17/WARN] [net.minecraft.client.resources.model.BlockStateModelLoader/]: Exception loading blockstate definition: 'dndecor:blockstates/aluminum_flat_bolt.json' missing model for variant: 'dndecor:aluminum_flat_bolt#facing=south,rotation=225'
[14May2026 16:35:46.363] [Worker-ResourceReload-17/WARN] [net.minecraft.client.resources.model.BlockStateModelLoader/]: Exception loading blockstate definition: 'dndecor:blockstates/aluminum_flat_bolt.json' missing model for variant: 'dndecor:aluminum_flat_bolt#facing=south,rotation=90'
[14May2026 16:35:46.363] [Worker-ResourceReload-17/WARN] [net.minecraft.client.resources.model.BlockStateModelLoader/]: Exception loading blockstate definition: 'dndecor:blockstates/aluminum_flat_bolt.json' missing model for variant: 'dndecor:aluminum_flat_bolt#facing=south,rotation=270'
[14May2026 16:35:46.363] [Worker-ResourceReload-17/WARN] [net.minecraft.client.resources.model.BlockStateModelLoader/]: Exception loading blockstate definition: 'dndecor:blockstates/aluminum_flat_bolt.json' missing model for variant: 'dndecor:aluminum_flat_bolt#facing=up,rotation=0'
[14May2026 16:35:46.363] [Worker-ResourceReload-17/WARN] [net.minecraft.client.resources.model.BlockStateModelLoader/]: Exception loading blockstate definition: 'dndecor:blockstates/aluminum_flat_bolt.json' missing model for variant: 'dndecor:aluminum_flat_bolt#facing=down,rotation=270'
[14May2026 16:35:46.363] [Worker-ResourceReload-17/WARN] [net.minecraft.client.resources.model.BlockStateModelLoader/]: Exception loading blockstate definition: 'dndecor:blockstates/aluminum_flat_bolt.json' missing model for variant: 'dndecor:aluminum_flat_bolt#facing=north,rotation=225'
[14May2026 16:35:46.363] [Worker-ResourceReload-17/WARN] [net.minecraft.client.resources.model.BlockStateModelLoader/]: Exception loading blockstate definition: 'dndecor:blockstates/aluminum_flat_bolt.json' missing model for variant: 'dndecor:aluminum_flat_bolt#facing=west,rotation=45'
[14May2026 16:35:46.363] [Worker-ResourceReload-17/WARN] [net.minecraft.client.resources.model.BlockStateModelLoader/]: Exception loading blockstate definition: 'dndecor:blockstates/aluminum_flat_bolt.json' missing model for variant: 'dndecor:aluminum_flat_bolt#facing=west,rotation=180'
[14May2026 16:35:46.363] [Worker-ResourceReload-17/WARN] [net.minecraft.client.resources.model.BlockStateModelLoader/]: Exception loading blockstate definition: 'dndecor:blockstates/aluminum_flat_bolt.json' missing model for variant: 'dndecor:aluminum_flat_bolt#facing=east,rotation=45'
[14May2026 16:35:46.363] [Worker-ResourceReload-17/WARN] [net.minecraft.client.resources.model.BlockStateModelLoader/]: Exception loading blockstate definition: 'dndecor:blockstates/aluminum_flat_bolt.json' missing model for variant: 'dndecor:aluminum_flat_bolt#facing=up,rotation=135'
[14May2026 16:35:46.363] [Worker-ResourceReload-17/WARN] [net.minecraft.client.resources.model.BlockStateModelLoader/]: Exception loading blockstate definition: 'dndecor:blockstates/aluminum_flat_bolt.json' missing model for variant: 'dndecor:aluminum_flat_bolt#facing=down,rotation=315'
[14May2026 16:35:46.363] [Worker-ResourceReload-17/WARN] [net.minecraft.client.resources.model.BlockStateModelLoader/]: Exception loading blockstate definition: 'dndecor:blockstates/aluminum_flat_bolt.json' missing model for variant: 'dndecor:aluminum_flat_bolt#facing=north,rotation=180'
[14May2026 16:35:46.363] [Worker-ResourceReload-17/WARN] [net.minecraft.client.resources.model.BlockStateModelLoader/]: Exception loading blockstate definition: 'dndecor:blockstates/aluminum_flat_bolt.json' missing model for variant: 'dndecor:aluminum_flat_bolt#facing=west,rotation=225'
[14May2026 16:35:46.363] [Worker-ResourceReload-17/WARN] [net.minecraft.client.resources.model.BlockStateModelLoader/]: Exception loading blockstate definition: 'dndecor:blockstates/aluminum_flat_bolt.json' missing model for variant: 'dndecor:aluminum_flat_bolt#facing=up,rotation=315'
[14May2026 16:35:46.363] [Worker-ResourceReload-17/WARN] [net.minecraft.client.resources.model.BlockStateModelLoader/]: Exception loading blockstate definition: 'dndecor:blockstates/aluminum_flat_bolt.json' missing model for variant: 'dndecor:aluminum_flat_bolt#facing=east,rotation=225'
[14May2026 16:35:46.363] [Worker-ResourceReload-17/WARN] [net.minecraft.client.resources.model.BlockStateModelLoader/]: Exception loading blockstate definition: 'dndecor:blockstates/aluminum_flat_bolt.json' missing model for variant: 'dndecor:aluminum_flat_bolt#facing=down,rotation=135'
[14May2026 16:35:46.363] [Worker-ResourceReload-17/WARN] [net.minecraft.client.resources.model.BlockStateModelLoader/]: Exception loading blockstate definition: 'dndecor:blockstates/aluminum_flat_bolt.json' missing model for variant: 'dndecor:aluminum_flat_bolt#facing=south,rotation=315'
[14May2026 16:35:46.363] [Worker-ResourceReload-17/WARN] [net.minecraft.client.resources.model.BlockStateModelLoader/]: Exception loading blockstate definition: 'dndecor:blockstates/aluminum_flat_bolt.json' missing model for variant: 'dndecor:aluminum_flat_bolt#facing=north,rotation=0'
[14May2026 16:35:46.363] [Worker-ResourceReload-17/WARN] [net.minecraft.client.resources.model.BlockStateModelLoader/]: Exception loading blockstate definition: 'dndecor:blockstates/aluminum_flat_bolt.json' missing model for variant: 'dndecor:aluminum_flat_bolt#facing=east,rotation=135'
[14May2026 16:35:46.363] [Worker-ResourceReload-17/WARN] [net.minecraft.client.resources.model.BlockStateModelLoader/]: Exception loading blockstate definition: 'dndecor:blockstates/aluminum_flat_bolt.json' missing model for variant: 'dndecor:aluminum_flat_bolt#facing=north,rotation=315'
[14May2026 16:35:46.363] [Worker-ResourceReload-17/WARN] [net.minecraft.client.resources.model.BlockStateModelLoader/]: Exception loading blockstate definition: 'dndecor:blockstates/aluminum_flat_bolt.json' missing model for variant: 'dndecor:aluminum_flat_bolt#facing=west,rotation=90'
[14May2026 16:35:46.363] [Worker-ResourceReload-17/WARN] [net.minecraft.client.resources.model.BlockStateModelLoader/]: Exception loading blockstate definition: 'dndecor:blockstates/aluminum_flat_bolt.json' missing model for variant: 'dndecor:aluminum_flat_bolt#facing=north,rotation=45'
[14May2026 16:35:46.363] [Worker-ResourceReload-17/WARN] [net.minecraft.client.resources.model.BlockStateModelLoader/]: Exception loading blockstate definition: 'dndecor:blockstates/aluminum_flat_bolt.json' missing model for variant: 'dndecor:aluminum_flat_bolt#facing=down,rotation=0'
[14May2026 16:35:46.363] [Worker-ResourceReload-17/WARN] [net.minecraft.client.resources.model.BlockStateModelLoader/]: Exception loading blockstate definition: 'dndecor:blockstates/aluminum_flat_bolt.json' missing model for variant: 'dndecor:aluminum_flat_bolt#facing=east,rotation=270'
[14May2026 16:35:46.363] [Worker-ResourceReload-17/WARN] [net.minecraft.client.resources.model.BlockStateModelLoader/]: Exception loading blockstate definition: 'dndecor:blockstates/aluminum_flat_bolt.json' missing model for variant: 'dndecor:aluminum_flat_bolt#facing=south,rotation=135'
[14May2026 16:35:46.363] [Worker-ResourceReload-17/WARN] [net.minecraft.client.resources.model.BlockStateModelLoader/]: Exception loading blockstate definition: 'dndecor:blockstates/aluminum_flat_bolt.json' missing model for variant: 'dndecor:aluminum_flat_bolt#facing=up,rotation=180'
[14May2026 16:35:46.363] [Worker-ResourceReload-17/WARN] [net.minecraft.client.resources.model.BlockStateModelLoader/]: Exception loading blockstate definition: 'dndecor:blockstates/aluminum_flat_bolt.json' missing model for variant: 'dndecor:aluminum_flat_bolt#facing=down,rotation=45'
[14May2026 16:35:46.363] [Worker-ResourceReload-17/WARN] [net.minecraft.client.resources.model.BlockStateModelLoader/]: Exception loading blockstate definition: 'dndecor:blockstates/aluminum_flat_bolt.json' missing model for variant: 'dndecor:aluminum_flat_bolt#facing=up,rotation=45'
[14May2026 16:35:46.363] [Worker-ResourceReload-17/WARN] [net.minecraft.client.resources.model.BlockStateModelLoader/]: Exception loading blockstate definition: 'dndecor:blockstates/nickel_cross_bolt.json' missing model for variant: 'dndecor:nickel_cross_bolt#facing=up,rotation=270'
[14May2026 16:35:46.363] [Worker-ResourceReload-17/WARN] [net.minecraft.client.resources.model.BlockStateModelLoader/]: Exception loading blockstate definition: 'dndecor:blockstates/nickel_cross_bolt.json' missing model for variant: 'dndecor:nickel_cross_bolt#facing=east,rotation=0'
[14May2026 16:35:46.363] [Worker-ResourceReload-17/WARN] [net.minecraft.client.resources.model.BlockStateModelLoader/]: Exception loading blockstate definition: 'dndecor:blockstates/nickel_cross_bolt.json' missing model for variant: 'dndecor:nickel_cross_bolt#facing=east,rotation=225'
[14May2026 16:35:46.363] [Worker-ResourceReload-17/WARN] [net.minecraft.client.resources.model.BlockStateModelLoader/]: Exception loading blockstate definition: 'dndecor:blockstates/nickel_cross_bolt.json' missing model for variant: 'dndecor:nickel_cross_bolt#facing=south,rotation=45'
[14May2026 16:35:46.363] [Worker-ResourceReload-17/WARN] [net.minecraft.client.resources.model.BlockStateModelLoader/]: Exception loading blockstate definition: 'dndecor:blockstates/nickel_cross_bolt.json' missing model for variant: 'dndecor:nickel_cross_bolt#facing=south,rotation=225'
[14May2026 16:35:46.363] [Worker-ResourceReload-17/WARN] [net.minecraft.client.resources.model.BlockStateModelLoader/]: Exception loading blockstate definition: 'dndecor:blockstates/nickel_cross_bolt.json' missing model for variant: 'dndecor:nickel_cross_bolt#facing=north,rotation=315'
[14May2026 16:35:46.363] [Worker-ResourceReload-17/WARN] [net.minecraft.client.resources.model.BlockStateModelLoader/]: Exception loading blockstate definition: 'dndecor:blockstates/nickel_cross_bolt.json' missing model for variant: 'dndecor:nickel_cross_bolt#facing=west,rotation=135'
[14May2026 16:35:46.364] [Worker-ResourceReload-17/WARN] [net.minecraft.client.resources.model.BlockStateModelLoader/]: Exception loading blockstate definition: 'dndecor:blockstates/nickel_cross_bolt.json' missing model for variant: 'dndecor:nickel_cross_bolt#facing=down,rotation=90'
[14May2026 16:35:46.364] [Worker-ResourceReload-17/WARN] [net.minecraft.client.resources.model.BlockStateModelLoader/]: Exception loading blockstate definition: 'dndecor:blockstates/nickel_cross_bolt.json' missing model for variant: 'dndecor:nickel_cross_bolt#facing=north,rotation=135'
[14May2026 16:35:46.364] [Worker-ResourceReload-17/WARN] [net.minecraft.client.resources.model.BlockStateModelLoader/]: Exception loading blockstate definition: 'dndecor:blockstates/nickel_cross_bolt.json' missing model for variant: 'dndecor:nickel_cross_bolt#facing=west,rotation=315'
[14May2026 16:35:46.364] [Worker-ResourceReload-17/WARN] [net.minecraft.client.resources.model.BlockStateModelLoader/]: Exception loading blockstate definition: 'dndecor:blockstates/nickel_cross_bolt.json' missing model for variant: 'dndecor:nickel_cross_bolt#facing=down,rotation=225'
[14May2026 16:35:46.364] [Worker-ResourceReload-17/WARN] [net.minecraft.client.resources.model.BlockStateModelLoader/]: Exception loading blockstate definition: 'dndecor:blockstates/nickel_cross_bolt.json' missing model for variant: 'dndecor:nickel_cross_bolt#facing=up,rotation=315'
[14May2026 16:35:46.364] [Worker-ResourceReload-17/WARN] [net.minecraft.client.resources.model.BlockStateModelLoader/]: Exception loading blockstate definition: 'dndecor:blockstates/nickel_cross_bolt.json' missing model for variant: 'dndecor:nickel_cross_bolt#facing=north,rotation=270'
[14May2026 16:35:46.364] [Worker-ResourceReload-17/WARN] [net.minecraft.client.resources.model.BlockStateModelLoader/]: Exception loading blockstate definition: 'dndecor:blockstates/nickel_cross_bolt.json' missing model for variant: 'dndecor:nickel_cross_bolt#facing=east,rotation=180'
[14May2026 16:35:46.364] [Worker-ResourceReload-17/WARN] [net.minecraft.client.resources.model.BlockStateModelLoader/]: Exception loading blockstate definition: 'dndecor:blockstates/nickel_cross_bolt.json' missing model for variant: 'dndecor:nickel_cross_bolt#facing=up,rotation=135'
[14May2026 16:35:46.364] [Worker-ResourceReload-17/WARN] [net.minecraft.client.resources.model.BlockStateModelLoader/]: Exception loading blockstate definition: 'dndecor:blockstates/nickel_cross_bolt.json' missing model for variant: 'dndecor:nickel_cross_bolt#facing=south,rotation=0'
[14May2026 16:35:46.364] [Worker-ResourceReload-17/WARN] [net.minecraft.client.resources.model.BlockStateModelLoader/]: Exception loading blockstate definition: 'dndecor:blockstates/nickel_cross_bolt.json' missing model for variant: 'dndecor:nickel_cross_bolt#facing=west,rotation=180'
[14May2026 16:35:46.364] [Worker-ResourceReload-17/WARN] [net.minecraft.client.resources.model.BlockStateModelLoader/]: Exception loading blockstate definition: 'dndecor:blockstates/nickel_cross_bolt.json' missing model for variant: 'dndecor:nickel_cross_bolt#facing=west,rotation=45'
[14May2026 16:35:46.364] [Worker-ResourceReload-17/WARN] [net.minecraft.client.resources.model.BlockStateModelLoader/]: Exception loading blockstate definition: 'dndecor:blockstates/nickel_cross_bolt.json' missing model for variant: 'dndecor:nickel_cross_bolt#facing=down,rotation=180'
[14May2026 16:35:46.364] [Worker-ResourceReload-17/WARN] [net.minecraft.client.resources.model.BlockStateModelLoader/]: Exception loading blockstate definition: 'dndecor:blockstates/nickel_cross_bolt.json' missing model for variant: 'dndecor:nickel_cross_bolt#facing=north,rotation=0'
[14May2026 16:35:46.364] [Worker-ResourceReload-17/WARN] [net.minecraft.client.resources.model.BlockStateModelLoader/]: Exception loading blockstate definition: 'dndecor:blockstates/nickel_cross_bolt.json' missing model for variant: 'dndecor:nickel_cross_bolt#facing=down,rotation=45'
[14May2026 16:35:46.364] [Worker-ResourceReload-17/WARN] [net.minecraft.client.resources.model.BlockStateModelLoader/]: Exception loading blockstate definition: 'dndecor:blockstates/nickel_cross_bolt.json' missing model for variant: 'dndecor:nickel_cross_bolt#facing=south,rotation=315'
[14May2026 16:35:46.364] [Worker-ResourceReload-17/WARN] [net.minecraft.client.resources.model.BlockStateModelLoader/]: Exception loading blockstate definition: 'dndecor:blockstates/nickel_cross_bolt.json' missing model for variant: 'dndecor:nickel_cross_bolt#facing=east,rotation=135'
[14May2026 16:35:46.364] [Worker-ResourceReload-17/WARN] [net.minecraft.client.resources.model.BlockStateModelLoader/]: Exception loading blockstate definition: 'dndecor:blockstates/nickel_cross_bolt.json' missing model for variant: 'dndecor:nickel_cross_bolt#facing=east,rotation=90'
[14May2026 16:35:46.364] [Worker-ResourceReload-17/WARN] [net.minecraft.client.resources.model.BlockStateModelLoader/]: Exception loading blockstate definition: 'dndecor:blockstates/nickel_cross_bolt.json' missing model for variant: 'dndecor:nickel_cross_bolt#facing=south,rotation=135'
[14May2026 16:35:46.364] [Worker-ResourceReload-17/WARN] [net.minecraft.client.resources.model.BlockStateModelLoader/]: Exception loading blockstate definition: 'dndecor:blockstates/nickel_cross_bolt.json' missing model for variant: 'dndecor:nickel_cross_bolt#facing=east,rotation=315'
[14May2026 16:35:46.364] [Worker-ResourceReload-17/WARN] [net.minecraft.client.resources.model.BlockStateModelLoader/]: Exception loading blockstate definition: 'dndecor:blockstates/nickel_cross_bolt.json' missing model for variant: 'dndecor:nickel_cross_bolt#facing=up,rotation=180'
[14May2026 16:35:46.364] [Worker-ResourceReload-17/WARN] [net.minecraft.client.resources.model.BlockStateModelLoader/]: Exception loading blockstate definition: 'dndecor:blockstates/nickel_cross_bolt.json' missing model for variant: 'dndecor:nickel_cross_bolt#facing=west,rotation=225'
[14May2026 16:35:46.364] [Worker-ResourceReload-17/WARN] [net.minecraft.client.resources.model.BlockStateModelLoader/]: Exception loading blockstate definition: 'dndecor:blockstates/nickel_cross_bolt.json' missing model for variant: 'dndecor:nickel_cross_bolt#facing=west,rotation=90'
[14May2026 16:35:46.364] [Worker-ResourceReload-17/WARN] [net.minecraft.client.resources.model.BlockStateModelLoader/]: Exception loading blockstate definition: 'dndecor:blockstates/nickel_cross_bolt.json' missing model for variant: 'dndecor:nickel_cross_bolt#facing=up,rotation=90'
[14May2026 16:35:46.364] [Worker-ResourceReload-17/WARN] [net.minecraft.client.resources.model.BlockStateModelLoader/]: Exception loading blockstate definition: 'dndecor:blockstates/nickel_cross_bolt.json' missing model for variant: 'dndecor:nickel_cross_bolt#facing=north,rotation=225'
[14May2026 16:35:46.364] [Worker-ResourceReload-17/WARN] [net.minecraft.client.resources.model.BlockStateModelLoader/]: Exception loading blockstate definition: 'dndecor:blockstates/nickel_cross_bolt.json' missing model for variant: 'dndecor:nickel_cross_bolt#facing=north,rotation=90'
[14May2026 16:35:46.364] [Worker-ResourceReload-17/WARN] [net.minecraft.client.resources.model.BlockStateModelLoader/]: Exception loading blockstate definition: 'dndecor:blockstates/nickel_cross_bolt.json' missing model for variant: 'dndecor:nickel_cross_bolt#facing=south,rotation=270'
[14May2026 16:35:46.364] [Worker-ResourceReload-17/WARN] [net.minecraft.client.resources.model.BlockStateModelLoader/]: Exception loading blockstate definition: 'dndecor:blockstates/nickel_cross_bolt.json' missing model for variant: 'dndecor:nickel_cross_bolt#facing=down,rotation=315'
[14May2026 16:35:46.364] [Worker-ResourceReload-17/WARN] [net.minecraft.client.resources.model.BlockStateModelLoader/]: Exception loading blockstate definition: 'dndecor:blockstates/nickel_cross_bolt.json' missing model for variant: 'dndecor:nickel_cross_bolt#facing=up,rotation=0'
[14May2026 16:35:46.364] [Worker-ResourceReload-17/WARN] [net.minecraft.client.resources.model.BlockStateModelLoader/]: Exception loading blockstate definition: 'dndecor:blockstates/nickel_cross_bolt.json' missing model for variant: 'dndecor:nickel_cross_bolt#facing=south,rotation=90'
[14May2026 16:35:46.364] [Worker-ResourceReload-17/WARN] [net.minecraft.client.resources.model.BlockStateModelLoader/]: Exception loading blockstate definition: 'dndecor:blockstates/nickel_cross_bolt.json' missing model for variant: 'dndecor:nickel_cross_bolt#facing=down,rotation=135'
[14May2026 16:35:46.364] [Worker-ResourceReload-17/WARN] [net.minecraft.client.resources.model.BlockStateModelLoader/]: Exception loading blockstate definition: 'dndecor:blockstates/nickel_cross_bolt.json' missing model for variant: 'dndecor:nickel_cross_bolt#facing=west,rotation=270'
[14May2026 16:35:46.364] [Worker-ResourceReload-17/WARN] [net.minecraft.client.resources.model.BlockStateModelLoader/]: Exception loading blockstate definition: 'dndecor:blockstates/nickel_cross_bolt.json' missing model for variant: 'dndecor:nickel_cross_bolt#facing=south,rotation=180'
[14May2026 16:35:46.364] [Worker-ResourceReload-17/WARN] [net.minecraft.client.resources.model.BlockStateModelLoader/]: Exception loading blockstate definition: 'dndecor:blockstates/nickel_cross_bolt.json' missing model for variant: 'dndecor:nickel_cross_bolt#facing=west,rotation=0'
[14May2026 16:35:46.364] [Worker-ResourceReload-17/WARN] [net.minecraft.client.resources.model.BlockStateModelLoader/]: Exception loading blockstate definition: 'dndecor:blockstates/nickel_cross_bolt.json' missing model for variant: 'dndecor:nickel_cross_bolt#facing=up,rotation=45'
[14May2026 16:35:46.364] [Worker-ResourceReload-17/WARN] [net.minecraft.client.resources.model.BlockStateModelLoader/]: Exception loading blockstate definition: 'dndecor:blockstates/nickel_cross_bolt.json' missing model for variant: 'dndecor:nickel_cross_bolt#facing=north,rotation=180'
[14May2026 16:35:46.364] [Worker-ResourceReload-17/WARN] [net.minecraft.client.resources.model.BlockStateModelLoader/]: Exception loading blockstate definition: 'dndecor:blockstates/nickel_cross_bolt.json' missing model for variant: 'dndecor:nickel_cross_bolt#facing=down,rotation=0'
[14May2026 16:35:46.364] [Worker-ResourceReload-17/WARN] [net.minecraft.client.resources.model.BlockStateModelLoader/]: Exception loading blockstate definition: 'dndecor:blockstates/nickel_cross_bolt.json' missing model for variant: 'dndecor:nickel_cross_bolt#facing=down,rotation=270'
[14May2026 16:35:46.364] [Worker-ResourceReload-17/WARN] [net.minecraft.client.resources.model.BlockStateModelLoader/]: Exception loading blockstate definition: 'dndecor:blockstates/nickel_cross_bolt.json' missing model for variant: 'dndecor:nickel_cross_bolt#facing=north,rotation=45'
[14May2026 16:35:46.364] [Worker-ResourceReload-17/WARN] [net.minecraft.client.resources.model.BlockStateModelLoader/]: Exception loading blockstate definition: 'dndecor:blockstates/nickel_cross_bolt.json' missing model for variant: 'dndecor:nickel_cross_bolt#facing=east,rotation=270'
[14May2026 16:35:46.364] [Worker-ResourceReload-17/WARN] [net.minecraft.client.resources.model.BlockStateModelLoader/]: Exception loading blockstate definition: 'dndecor:blockstates/nickel_cross_bolt.json' missing model for variant: 'dndecor:nickel_cross_bolt#facing=up,rotation=225'
[14May2026 16:35:46.364] [Worker-ResourceReload-17/WARN] [net.minecraft.client.resources.model.BlockStateModelLoader/]: Exception loading blockstate definition: 'dndecor:blockstates/nickel_cross_bolt.json' missing model for variant: 'dndecor:nickel_cross_bolt#facing=east,rotation=45'
[14May2026 16:35:46.364] [Worker-ResourceReload-17/WARN] [net.minecraft.client.resources.model.BlockStateModelLoader/]: Exception loading blockstate definition: 'dndecor:blockstates/nickel_dash_bolt.json' missing model for variant: 'dndecor:nickel_dash_bolt#facing=up,rotation=270'
[14May2026 16:35:46.364] [Worker-ResourceReload-17/WARN] [net.minecraft.client.resources.model.BlockStateModelLoader/]: Exception loading blockstate definition: 'dndecor:blockstates/nickel_dash_bolt.json' missing model for variant: 'dndecor:nickel_dash_bolt#facing=west,rotation=315'
[14May2026 16:35:46.364] [Worker-ResourceReload-17/WARN] [net.minecraft.client.resources.model.BlockStateModelLoader/]: Exception loading blockstate definition: 'dndecor:blockstates/nickel_dash_bolt.json' missing model for variant: 'dndecor:nickel_dash_bolt#facing=east,rotation=180'
[14May2026 16:35:46.364] [Worker-ResourceReload-17/WARN] [net.minecraft.client.resources.model.BlockStateModelLoader/]: Exception loading blockstate definition: 'dndecor:blockstates/nickel_dash_bolt.json' missing model for variant: 'dndecor:nickel_dash_bolt#facing=north,rotation=315'
[14May2026 16:35:46.364] [Worker-ResourceReload-17/WARN] [net.minecraft.client.resources.model.BlockStateModelLoader/]: Exception loading blockstate definition: 'dndecor:blockstates/nickel_dash_bolt.json' missing model for variant: 'dndecor:nickel_dash_bolt#facing=east,rotation=0'
[14May2026 16:35:46.364] [Worker-ResourceReload-17/WARN] [net.minecraft.client.resources.model.BlockStateModelLoader/]: Exception loading blockstate definition: 'dndecor:blockstates/nickel_dash_bolt.json' missing model for variant: 'dndecor:nickel_dash_bolt#facing=south,rotation=225'
[14May2026 16:35:46.364] [Worker-ResourceReload-17/WARN] [net.minecraft.client.resources.model.BlockStateModelLoader/]: Exception loading blockstate definition: 'dndecor:blockstates/nickel_dash_bolt.json' missing model for variant: 'dndecor:nickel_dash_bolt#facing=south,rotation=270'
[14May2026 16:35:46.364] [Worker-ResourceReload-17/WARN] [net.minecraft.client.resources.model.BlockStateModelLoader/]: Exception loading blockstate definition: 'dndecor:blockstates/nickel_dash_bolt.json' missing model for variant: 'dndecor:nickel_dash_bolt#facing=north,rotation=135'
[14May2026 16:35:46.364] [Worker-ResourceReload-17/WARN] [net.minecraft.client.resources.model.BlockStateModelLoader/]: Exception loading blockstate definition: 'dndecor:blockstates/nickel_dash_bolt.json' missing model for variant: 'dndecor:nickel_dash_bolt#facing=west,rotation=45'
[14May2026 16:35:46.364] [Worker-ResourceReload-17/WARN] [net.minecraft.client.resources.model.BlockStateModelLoader/]: Exception loading blockstate definition: 'dndecor:blockstates/nickel_dash_bolt.json' missing model for variant: 'dndecor:nickel_dash_bolt#facing=west,rotation=180'
[14May2026 16:35:46.364] [Worker-ResourceReload-17/WARN] [net.minecraft.client.resources.model.BlockStateModelLoader/]: Exception loading blockstate definition: 'dndecor:blockstates/nickel_dash_bolt.json' missing model for variant: 'dndecor:nickel_dash_bolt#facing=up,rotation=135'
[14May2026 16:35:46.364] [Worker-ResourceReload-17/WARN] [net.minecraft.client.resources.model.BlockStateModelLoader/]: Exception loading blockstate definition: 'dndecor:blockstates/nickel_dash_bolt.json' missing model for variant: 'dndecor:nickel_dash_bolt#facing=south,rotation=0'
[14May2026 16:35:46.364] [Worker-ResourceReload-17/WARN] [net.minecraft.client.resources.model.BlockStateModelLoader/]: Exception loading blockstate definition: 'dndecor:blockstates/nickel_dash_bolt.json' missing model for variant: 'dndecor:nickel_dash_bolt#facing=west,rotation=225'
[14May2026 16:35:46.364] [Worker-ResourceReload-17/WARN] [net.minecraft.client.resources.model.BlockStateModelLoader/]: Exception loading blockstate definition: 'dndecor:blockstates/nickel_dash_bolt.json' missing model for variant: 'dndecor:nickel_dash_bolt#facing=east,rotation=225'
[14May2026 16:35:46.364] [Worker-ResourceReload-17/WARN] [net.minecraft.client.resources.model.BlockStateModelLoader/]: Exception loading blockstate definition: 'dndecor:blockstates/nickel_dash_bolt.json' missing model for variant: 'dndecor:nickel_dash_bolt#facing=down,rotation=225'
[14May2026 16:35:46.364] [Worker-ResourceReload-17/WARN] [net.minecraft.client.resources.model.BlockStateModelLoader/]: Exception loading blockstate definition: 'dndecor:blockstates/nickel_dash_bolt.json' missing model for variant: 'dndecor:nickel_dash_bolt#facing=north,rotation=270'
[14May2026 16:35:46.364] [Worker-ResourceReload-17/WARN] [net.minecraft.client.resources.model.BlockStateModelLoader/]: Exception loading blockstate definition: 'dndecor:blockstates/nickel_dash_bolt.json' missing model for variant: 'dndecor:nickel_dash_bolt#facing=up,rotation=315'
[14May2026 16:35:46.364] [Worker-ResourceReload-17/WARN] [net.minecraft.client.resources.model.BlockStateModelLoader/]: Exception loading blockstate definition: 'dndecor:blockstates/nickel_dash_bolt.json' missing model for variant: 'dndecor:nickel_dash_bolt#facing=south,rotation=45'
[14May2026 16:35:46.364] [Worker-ResourceReload-17/WARN] [net.minecraft.client.resources.model.BlockStateModelLoader/]: Exception loading blockstate definition: 'dndecor:blockstates/nickel_dash_bolt.json' missing model for variant: 'dndecor:nickel_dash_bolt#facing=south,rotation=315'
[14May2026 16:35:46.364] [Worker-ResourceReload-17/WARN] [net.minecraft.client.resources.model.BlockStateModelLoader/]: Exception loading blockstate definition: 'dndecor:blockstates/nickel_dash_bolt.json' missing model for variant: 'dndecor:nickel_dash_bolt#facing=north,rotation=0'
[14May2026 16:35:46.364] [Worker-ResourceReload-17/WARN] [net.minecraft.client.resources.model.BlockStateModelLoader/]: Exception loading blockstate definition: 'dndecor:blockstates/nickel_dash_bolt.json' missing model for variant: 'dndecor:nickel_dash_bolt#facing=down,rotation=45'
[14May2026 16:35:46.364] [Worker-ResourceReload-17/WARN] [net.minecraft.client.resources.model.BlockStateModelLoader/]: Exception loading blockstate definition: 'dndecor:blockstates/nickel_dash_bolt.json' missing model for variant: 'dndecor:nickel_dash_bolt#facing=east,rotation=135'
[14May2026 16:35:46.364] [Worker-ResourceReload-17/WARN] [net.minecraft.client.resources.model.BlockStateModelLoader/]: Exception loading blockstate definition: 'dndecor:blockstates/nickel_dash_bolt.json' missing model for variant: 'dndecor:nickel_dash_bolt#facing=down,rotation=180'
[14May2026 16:35:46.364] [Worker-ResourceReload-17/WARN] [net.minecraft.client.resources.model.BlockStateModelLoader/]: Exception loading blockstate definition: 'dndecor:blockstates/nickel_dash_bolt.json' missing model for variant: 'dndecor:nickel_dash_bolt#facing=west,rotation=90'
[14May2026 16:35:46.364] [Worker-ResourceReload-17/WARN] [net.minecraft.client.resources.model.BlockStateModelLoader/]: Exception loading blockstate definition: 'dndecor:blockstates/nickel_dash_bolt.json' missing model for variant: 'dndecor:nickel_dash_bolt#facing=east,rotation=270'
[14May2026 16:35:46.364] [Worker-ResourceReload-17/WARN] [net.minecraft.client.resources.model.BlockStateModelLoader/]: Exception loading blockstate definition: 'dndecor:blockstates/nickel_dash_bolt.json' missing model for variant: 'dndecor:nickel_dash_bolt#facing=north,rotation=45'
[14May2026 16:35:46.364] [Worker-ResourceReload-17/WARN] [net.minecraft.client.resources.model.BlockStateModelLoader/]: Exception loading blockstate definition: 'dndecor:blockstates/nickel_dash_bolt.json' missing model for variant: 'dndecor:nickel_dash_bolt#facing=east,rotation=90'
[14May2026 16:35:46.364] [Worker-ResourceReload-17/WARN] [net.minecraft.client.resources.model.BlockStateModelLoader/]: Exception loading blockstate definition: 'dndecor:blockstates/nickel_dash_bolt.json' missing model for variant: 'dndecor:nickel_dash_bolt#facing=down,rotation=0'
[14May2026 16:35:46.364] [Worker-ResourceReload-17/WARN] [net.minecraft.client.resources.model.BlockStateModelLoader/]: Exception loading blockstate definition: 'dndecor:blockstates/nickel_dash_bolt.json' missing model for variant: 'dndecor:nickel_dash_bolt#facing=south,rotation=135'
[14May2026 16:35:46.364] [Worker-ResourceReload-17/WARN] [net.minecraft.client.resources.model.BlockStateModelLoader/]: Exception loading blockstate definition: 'dndecor:blockstates/nickel_dash_bolt.json' missing model for variant: 'dndecor:nickel_dash_bolt#facing=up,rotation=45'
[14May2026 16:35:46.364] [Worker-ResourceReload-17/WARN] [net.minecraft.client.resources.model.BlockStateModelLoader/]: Exception loading blockstate definition: 'dndecor:blockstates/nickel_dash_bolt.json' missing model for variant: 'dndecor:nickel_dash_bolt#facing=up,rotation=180'
[14May2026 16:35:46.364] [Worker-ResourceReload-17/WARN] [net.minecraft.client.resources.model.BlockStateModelLoader/]: Exception loading blockstate definition: 'dndecor:blockstates/nickel_dash_bolt.json' missing model for variant: 'dndecor:nickel_dash_bolt#facing=south,rotation=90'
[14May2026 16:35:46.364] [Worker-ResourceReload-17/WARN] [net.minecraft.client.resources.model.BlockStateModelLoader/]: Exception loading blockstate definition: 'dndecor:blockstates/nickel_dash_bolt.json' missing model for variant: 'dndecor:nickel_dash_bolt#facing=east,rotation=45'
[14May2026 16:35:46.364] [Worker-ResourceReload-17/WARN] [net.minecraft.client.resources.model.BlockStateModelLoader/]: Exception loading blockstate definition: 'dndecor:blockstates/nickel_dash_bolt.json' missing model for variant: 'dndecor:nickel_dash_bolt#facing=west,rotation=270'
[14May2026 16:35:46.364] [Worker-ResourceReload-17/WARN] [net.minecraft.client.resources.model.BlockStateModelLoader/]: Exception loading blockstate definition: 'dndecor:blockstates/nickel_dash_bolt.json' missing model for variant: 'dndecor:nickel_dash_bolt#facing=south,rotation=180'
[14May2026 16:35:46.364] [Worker-ResourceReload-17/WARN] [net.minecraft.client.resources.model.BlockStateModelLoader/]: Exception loading blockstate definition: 'dndecor:blockstates/nickel_dash_bolt.json' missing model for variant: 'dndecor:nickel_dash_bolt#facing=west,rotation=0'
[14May2026 16:35:46.364] [Worker-ResourceReload-17/WARN] [net.minecraft.client.resources.model.BlockStateModelLoader/]: Exception loading blockstate definition: 'dndecor:blockstates/nickel_dash_bolt.json' missing model for variant: 'dndecor:nickel_dash_bolt#facing=north,rotation=90'
[14May2026 16:35:46.364] [Worker-ResourceReload-17/WARN] [net.minecraft.client.resources.model.BlockStateModelLoader/]: Exception loading blockstate definition: 'dndecor:blockstates/nickel_dash_bolt.json' missing model for variant: 'dndecor:nickel_dash_bolt#facing=up,rotation=0'
[14May2026 16:35:46.364] [Worker-ResourceReload-17/WARN] [net.minecraft.client.resources.model.BlockStateModelLoader/]: Exception loading blockstate definition: 'dndecor:blockstates/nickel_dash_bolt.json' missing model for variant: 'dndecor:nickel_dash_bolt#facing=down,rotation=270'
[14May2026 16:35:46.364] [Worker-ResourceReload-17/WARN] [net.minecraft.client.resources.model.BlockStateModelLoader/]: Exception loading blockstate definition: 'dndecor:blockstates/nickel_dash_bolt.json' missing model for variant: 'dndecor:nickel_dash_bolt#facing=north,rotation=225'
[14May2026 16:35:46.364] [Worker-ResourceReload-17/WARN] [net.minecraft.client.resources.model.BlockStateModelLoader/]: Exception loading blockstate definition: 'dndecor:blockstates/nickel_dash_bolt.json' missing model for variant: 'dndecor:nickel_dash_bolt#facing=up,rotation=90'
[14May2026 16:35:46.364] [Worker-ResourceReload-17/WARN] [net.minecraft.client.resources.model.BlockStateModelLoader/]: Exception loading blockstate definition: 'dndecor:blockstates/nickel_dash_bolt.json' missing model for variant: 'dndecor:nickel_dash_bolt#facing=west,rotation=135'
[14May2026 16:35:46.364] [Worker-ResourceReload-17/WARN] [net.minecraft.client.resources.model.BlockStateModelLoader/]: Exception loading blockstate definition: 'dndecor:blockstates/nickel_dash_bolt.json' missing model for variant: 'dndecor:nickel_dash_bolt#facing=down,rotation=315'
[14May2026 16:35:46.364] [Worker-ResourceReload-17/WARN] [net.minecraft.client.resources.model.BlockStateModelLoader/]: Exception loading blockstate definition: 'dndecor:blockstates/nickel_dash_bolt.json' missing model for variant: 'dndecor:nickel_dash_bolt#facing=north,rotation=180'
[14May2026 16:35:46.364] [Worker-ResourceReload-17/WARN] [net.minecraft.client.resources.model.BlockStateModelLoader/]: Exception loading blockstate definition: 'dndecor:blockstates/nickel_dash_bolt.json' missing model for variant: 'dndecor:nickel_dash_bolt#facing=up,rotation=225'
[14May2026 16:35:46.364] [Worker-ResourceReload-17/WARN] [net.minecraft.client.resources.model.BlockStateModelLoader/]: Exception loading blockstate definition: 'dndecor:blockstates/nickel_dash_bolt.json' missing model for variant: 'dndecor:nickel_dash_bolt#facing=down,rotation=90'
[14May2026 16:35:46.364] [Worker-ResourceReload-17/WARN] [net.minecraft.client.resources.model.BlockStateModelLoader/]: Exception loading blockstate definition: 'dndecor:blockstates/nickel_dash_bolt.json' missing model for variant: 'dndecor:nickel_dash_bolt#facing=east,rotation=315'
[14May2026 16:35:46.364] [Worker-ResourceReload-17/WARN] [net.minecraft.client.resources.model.BlockStateModelLoader/]: Exception loading blockstate definition: 'dndecor:blockstates/nickel_dash_bolt.json' missing model for variant: 'dndecor:nickel_dash_bolt#facing=down,rotation=135'
[14May2026 16:35:46.364] [Worker-ResourceReload-17/WARN] [net.minecraft.client.resources.model.BlockStateModelLoader/]: Exception loading blockstate definition: 'dndecor:blockstates/nickel_dot_bolt.json' missing model for variant: 'dndecor:nickel_dot_bolt#facing=up,rotation=180'
[14May2026 16:35:46.364] [Worker-ResourceReload-17/WARN] [net.minecraft.client.resources.model.BlockStateModelLoader/]: Exception loading blockstate definition: 'dndecor:blockstates/nickel_dot_bolt.json' missing model for variant: 'dndecor:nickel_dot_bolt#facing=south,rotation=135'
[14May2026 16:35:46.364] [Worker-ResourceReload-17/WARN] [net.minecraft.client.resources.model.BlockStateModelLoader/]: Exception loading blockstate definition: 'dndecor:blockstates/nickel_dot_bolt.json' missing model for variant: 'dndecor:nickel_dot_bolt#facing=north,rotation=0'
[14May2026 16:35:46.364] [Worker-ResourceReload-17/WARN] [net.minecraft.client.resources.model.BlockStateModelLoader/]: Exception loading blockstate definition: 'dndecor:blockstates/nickel_dot_bolt.json' missing model for variant: 'dndecor:nickel_dot_bolt#facing=west,rotation=225'
[14May2026 16:35:46.364] [Worker-ResourceReload-17/WARN] [net.minecraft.client.resources.model.BlockStateModelLoader/]: Exception loading blockstate definition: 'dndecor:blockstates/nickel_dot_bolt.json' missing model for variant: 'dndecor:nickel_dot_bolt#facing=down,rotation=0'
[14May2026 16:35:46.364] [Worker-ResourceReload-17/WARN] [net.minecraft.client.resources.model.BlockStateModelLoader/]: Exception loading blockstate definition: 'dndecor:blockstates/nickel_dot_bolt.json' missing model for variant: 'dndecor:nickel_dot_bolt#facing=down,rotation=45'
[14May2026 16:35:46.364] [Worker-ResourceReload-17/WARN] [net.minecraft.client.resources.model.BlockStateModelLoader/]: Exception loading blockstate definition: 'dndecor:blockstates/nickel_dot_bolt.json' missing model for variant: 'dndecor:nickel_dot_bolt#facing=east,rotation=270'
[14May2026 16:35:46.364] [Worker-ResourceReload-17/WARN] [net.minecraft.client.resources.model.BlockStateModelLoader/]: Exception loading blockstate definition: 'dndecor:blockstates/nickel_dot_bolt.json' missing model for variant: 'dndecor:nickel_dot_bolt#facing=south,rotation=315'
[14May2026 16:35:46.364] [Worker-ResourceReload-17/WARN] [net.minecraft.client.resources.model.BlockStateModelLoader/]: Exception loading blockstate definition: 'dndecor:blockstates/nickel_dot_bolt.json' missing model for variant: 'dndecor:nickel_dot_bolt#facing=north,rotation=45'
[14May2026 16:35:46.364] [Worker-ResourceReload-17/WARN] [net.minecraft.client.resources.model.BlockStateModelLoader/]: Exception loading blockstate definition: 'dndecor:blockstates/nickel_dot_bolt.json' missing model for variant: 'dndecor:nickel_dot_bolt#facing=east,rotation=315'
[14May2026 16:35:46.364] [Worker-ResourceReload-17/WARN] [net.minecraft.client.resources.model.BlockStateModelLoader/]: Exception loading blockstate definition: 'dndecor:blockstates/nickel_dot_bolt.json' missing model for variant: 'dndecor:nickel_dot_bolt#facing=south,rotation=0'
[14May2026 16:35:46.364] [Worker-ResourceReload-17/WARN] [net.minecraft.client.resources.model.BlockStateModelLoader/]: Exception loading blockstate definition: 'dndecor:blockstates/nickel_dot_bolt.json' missing model for variant: 'dndecor:nickel_dot_bolt#facing=west,rotation=45'
[14May2026 16:35:46.364] [Worker-ResourceReload-17/WARN] [net.minecraft.client.resources.model.BlockStateModelLoader/]: Exception loading blockstate definition: 'dndecor:blockstates/nickel_dot_bolt.json' missing model for variant: 'dndecor:nickel_dot_bolt#facing=up,rotation=225'
[14May2026 16:35:46.364] [Worker-ResourceReload-17/WARN] [net.minecraft.client.resources.model.BlockStateModelLoader/]: Exception loading blockstate definition: 'dndecor:blockstates/nickel_dot_bolt.json' missing model for variant: 'dndecor:nickel_dot_bolt#facing=east,rotation=135'
[14May2026 16:35:46.364] [Worker-ResourceReload-17/WARN] [net.minecraft.client.resources.model.BlockStateModelLoader/]: Exception loading blockstate definition: 'dndecor:blockstates/nickel_dot_bolt.json' missing model for variant: 'dndecor:nickel_dot_bolt#facing=down,rotation=180'
[14May2026 16:35:46.364] [Worker-ResourceReload-17/WARN] [net.minecraft.client.resources.model.BlockStateModelLoader/]: Exception loading blockstate definition: 'dndecor:blockstates/nickel_dot_bolt.json' missing model for variant: 'dndecor:nickel_dot_bolt#facing=north,rotation=270'
[14May2026 16:35:46.364] [Worker-ResourceReload-17/WARN] [net.minecraft.client.resources.model.BlockStateModelLoader/]: Exception loading blockstate definition: 'dndecor:blockstates/nickel_dot_bolt.json' missing model for variant: 'dndecor:nickel_dot_bolt#facing=east,rotation=45'
[14May2026 16:35:46.364] [Worker-ResourceReload-17/WARN] [net.minecraft.client.resources.model.BlockStateModelLoader/]: Exception loading blockstate definition: 'dndecor:blockstates/nickel_dot_bolt.json' missing model for variant: 'dndecor:nickel_dot_bolt#facing=up,rotation=315'
[14May2026 16:35:46.364] [Worker-ResourceReload-17/WARN] [net.minecraft.client.resources.model.BlockStateModelLoader/]: Exception loading blockstate definition: 'dndecor:blockstates/nickel_dot_bolt.json' missing model for variant: 'dndecor:nickel_dot_bolt#facing=south,rotation=90'
[14May2026 16:35:46.364] [Worker-ResourceReload-17/WARN] [net.minecraft.client.resources.model.BlockStateModelLoader/]: Exception loading blockstate definition: 'dndecor:blockstates/nickel_dot_bolt.json' missing model for variant: 'dndecor:nickel_dot_bolt#facing=up,rotation=45'
[14May2026 16:35:46.364] [Worker-ResourceReload-17/WARN] [net.minecraft.client.resources.model.BlockStateModelLoader/]: Exception loading blockstate definition: 'dndecor:blockstates/nickel_dot_bolt.json' missing model for variant: 'dndecor:nickel_dot_bolt#facing=down,rotation=225'
[14May2026 16:35:46.364] [Worker-ResourceReload-17/WARN] [net.minecraft.client.resources.model.BlockStateModelLoader/]: Exception loading blockstate definition: 'dndecor:blockstates/nickel_dot_bolt.json' missing model for variant: 'dndecor:nickel_dot_bolt#facing=north,rotation=135'
[14May2026 16:35:46.364] [Worker-ResourceReload-17/WARN] [net.minecraft.client.resources.model.BlockStateModelLoader/]: Exception loading blockstate definition: 'dndecor:blockstates/nickel_dot_bolt.json' missing model for variant: 'dndecor:nickel_dot_bolt#facing=west,rotation=90'
[14May2026 16:35:46.364] [Worker-ResourceReload-17/WARN] [net.minecraft.client.resources.model.BlockStateModelLoader/]: Exception loading blockstate definition: 'dndecor:blockstates/nickel_dot_bolt.json' missing model for variant: 'dndecor:nickel_dot_bolt#facing=south,rotation=270'
[14May2026 16:35:46.364] [Worker-ResourceReload-17/WARN] [net.minecraft.client.resources.model.BlockStateModelLoader/]: Exception loading blockstate definition: 'dndecor:blockstates/nickel_dot_bolt.json' missing model for variant: 'dndecor:nickel_dot_bolt#facing=north,rotation=315'
[14May2026 16:35:46.364] [Worker-ResourceReload-17/WARN] [net.minecraft.client.resources.model.BlockStateModelLoader/]: Exception loading blockstate definition: 'dndecor:blockstates/nickel_dot_bolt.json' missing model for variant: 'dndecor:nickel_dot_bolt#facing=south,rotation=225'
[14May2026 16:35:46.364] [Worker-ResourceReload-17/WARN] [net.minecraft.client.resources.model.BlockStateModelLoader/]: Exception loading blockstate definition: 'dndecor:blockstates/nickel_dot_bolt.json' missing model for variant: 'dndecor:nickel_dot_bolt#facing=west,rotation=315'
[14May2026 16:35:46.364] [Worker-ResourceReload-17/WARN] [net.minecraft.client.resources.model.BlockStateModelLoader/]: Exception loading blockstate definition: 'dndecor:blockstates/nickel_dot_bolt.json' missing model for variant: 'dndecor:nickel_dot_bolt#facing=south,rotation=45'
[14May2026 16:35:46.364] [Worker-ResourceReload-17/WARN] [net.minecraft.client.resources.model.BlockStateModelLoader/]: Exception loading blockstate definition: 'dndecor:blockstates/nickel_dot_bolt.json' missing model for variant: 'dndecor:nickel_dot_bolt#facing=west,rotation=135'
[14May2026 16:35:46.364] [Worker-ResourceReload-17/WARN] [net.minecraft.client.resources.model.BlockStateModelLoader/]: Exception loading blockstate definition: 'dndecor:blockstates/nickel_dot_bolt.json' missing model for variant: 'dndecor:nickel_dot_bolt#facing=up,rotation=270'
[14May2026 16:35:46.364] [Worker-ResourceReload-17/WARN] [net.minecraft.client.resources.model.BlockStateModelLoader/]: Exception loading blockstate definition: 'dndecor:blockstates/nickel_dot_bolt.json' missing model for variant: 'dndecor:nickel_dot_bolt#facing=east,rotation=180'
[14May2026 16:35:46.364] [Worker-ResourceReload-17/WARN] [net.minecraft.client.resources.model.BlockStateModelLoader/]: Exception loading blockstate definition: 'dndecor:blockstates/nickel_dot_bolt.json' missing model for variant: 'dndecor:nickel_dot_bolt#facing=east,rotation=225'
[14May2026 16:35:46.364] [Worker-ResourceReload-17/WARN] [net.minecraft.client.resources.model.BlockStateModelLoader/]: Exception loading blockstate definition: 'dndecor:blockstates/nickel_dot_bolt.json' missing model for variant: 'dndecor:nickel_dot_bolt#facing=north,rotation=180'
[14May2026 16:35:46.364] [Worker-ResourceReload-17/WARN] [net.minecraft.client.resources.model.BlockStateModelLoader/]: Exception loading blockstate definition: 'dndecor:blockstates/nickel_dot_bolt.json' missing model for variant: 'dndecor:nickel_dot_bolt#facing=west,rotation=270'
[14May2026 16:35:46.364] [Worker-ResourceReload-17/WARN] [net.minecraft.client.resources.model.BlockStateModelLoader/]: Exception loading blockstate definition: 'dndecor:blockstates/nickel_dot_bolt.json' missing model for variant: 'dndecor:nickel_dot_bolt#facing=up,rotation=135'
[14May2026 16:35:46.364] [Worker-ResourceReload-17/WARN] [net.minecraft.client.resources.model.BlockStateModelLoader/]: Exception loading blockstate definition: 'dndecor:blockstates/nickel_dot_bolt.json' missing model for variant: 'dndecor:nickel_dot_bolt#facing=down,rotation=270'
[14May2026 16:35:46.364] [Worker-ResourceReload-17/WARN] [net.minecraft.client.resources.model.BlockStateModelLoader/]: Exception loading blockstate definition: 'dndecor:blockstates/nickel_dot_bolt.json' missing model for variant: 'dndecor:nickel_dot_bolt#facing=west,rotation=180'
[14May2026 16:35:46.364] [Worker-ResourceReload-17/WARN] [net.minecraft.client.resources.model.BlockStateModelLoader/]: Exception loading blockstate definition: 'dndecor:blockstates/nickel_dot_bolt.json' missing model for variant: 'dndecor:nickel_dot_bolt#facing=west,rotation=0'
[14May2026 16:35:46.364] [Worker-ResourceReload-17/WARN] [net.minecraft.client.resources.model.BlockStateModelLoader/]: Exception loading blockstate definition: 'dndecor:blockstates/nickel_dot_bolt.json' missing model for variant: 'dndecor:nickel_dot_bolt#facing=south,rotation=180'
[14May2026 16:35:46.364] [Worker-ResourceReload-17/WARN] [net.minecraft.client.resources.model.BlockStateModelLoader/]: Exception loading blockstate definition: 'dndecor:blockstates/nickel_dot_bolt.json' missing model for variant: 'dndecor:nickel_dot_bolt#facing=east,rotation=0'
[14May2026 16:35:46.364] [Worker-ResourceReload-17/WARN] [net.minecraft.client.resources.model.BlockStateModelLoader/]: Exception loading blockstate definition: 'dndecor:blockstates/nickel_dot_bolt.json' missing model for variant: 'dndecor:nickel_dot_bolt#facing=down,rotation=135'
[14May2026 16:35:46.364] [Worker-ResourceReload-17/WARN] [net.minecraft.client.resources.model.BlockStateModelLoader/]: Exception loading blockstate definition: 'dndecor:blockstates/nickel_dot_bolt.json' missing model for variant: 'dndecor:nickel_dot_bolt#facing=north,rotation=225'
[14May2026 16:35:46.364] [Worker-ResourceReload-17/WARN] [net.minecraft.client.resources.model.BlockStateModelLoader/]: Exception loading blockstate definition: 'dndecor:blockstates/nickel_dot_bolt.json' missing model for variant: 'dndecor:nickel_dot_bolt#facing=east,rotation=90'
[14May2026 16:35:46.364] [Worker-ResourceReload-17/WARN] [net.minecraft.client.resources.model.BlockStateModelLoader/]: Exception loading blockstate definition: 'dndecor:blockstates/nickel_dot_bolt.json' missing model for variant: 'dndecor:nickel_dot_bolt#facing=down,rotation=90'
[14May2026 16:35:46.364] [Worker-ResourceReload-17/WARN] [net.minecraft.client.resources.model.BlockStateModelLoader/]: Exception loading blockstate definition: 'dndecor:blockstates/nickel_dot_bolt.json' missing model for variant: 'dndecor:nickel_dot_bolt#facing=up,rotation=90'
[14May2026 16:35:46.364] [Worker-ResourceReload-17/WARN] [net.minecraft.client.resources.model.BlockStateModelLoader/]: Exception loading blockstate definition: 'dndecor:blockstates/nickel_dot_bolt.json' missing model for variant: 'dndecor:nickel_dot_bolt#facing=down,rotation=315'
[14May2026 16:35:46.364] [Worker-ResourceReload-17/WARN] [net.minecraft.client.resources.model.BlockStateModelLoader/]: Exception loading blockstate definition: 'dndecor:blockstates/nickel_dot_bolt.json' missing model for variant: 'dndecor:nickel_dot_bolt#facing=north,rotation=90'
[14May2026 16:35:46.364] [Worker-ResourceReload-17/WARN] [net.minecraft.client.resources.model.BlockStateModelLoader/]: Exception loading blockstate definition: 'dndecor:blockstates/nickel_dot_bolt.json' missing model for variant: 'dndecor:nickel_dot_bolt#facing=up,rotation=0'
[14May2026 16:35:46.364] [Worker-ResourceReload-17/WARN] [net.minecraft.client.resources.model.BlockStateModelLoader/]: Exception loading blockstate definition: 'dndecor:blockstates/nickel_flat_bolt.json' missing model for variant: 'dndecor:nickel_flat_bolt#facing=up,rotation=0'
[14May2026 16:35:46.364] [Worker-ResourceReload-17/WARN] [net.minecraft.client.resources.model.BlockStateModelLoader/]: Exception loading blockstate definition: 'dndecor:blockstates/nickel_flat_bolt.json' missing model for variant: 'dndecor:nickel_flat_bolt#facing=up,rotation=45'
[14May2026 16:35:46.364] [Worker-ResourceReload-17/WARN] [net.minecraft.client.resources.model.BlockStateModelLoader/]: Exception loading blockstate definition: 'dndecor:blockstates/nickel_flat_bolt.json' missing model for variant: 'dndecor:nickel_flat_bolt#facing=down,rotation=135'
[14May2026 16:35:46.364] [Worker-ResourceReload-17/WARN] [net.minecraft.client.resources.model.BlockStateModelLoader/]: Exception loading blockstate definition: 'dndecor:blockstates/nickel_flat_bolt.json' missing model for variant: 'dndecor:nickel_flat_bolt#facing=south,rotation=90'
[14May2026 16:35:46.364] [Worker-ResourceReload-17/WARN] [net.minecraft.client.resources.model.BlockStateModelLoader/]: Exception loading blockstate definition: 'dndecor:blockstates/nickel_flat_bolt.json' missing model for variant: 'dndecor:nickel_flat_bolt#facing=south,rotation=270'
[14May2026 16:35:46.364] [Worker-ResourceReload-17/WARN] [net.minecraft.client.resources.model.BlockStateModelLoader/]: Exception loading blockstate definition: 'dndecor:blockstates/nickel_flat_bolt.json' missing model for variant: 'dndecor:nickel_flat_bolt#facing=north,rotation=45'
[14May2026 16:35:46.364] [Worker-ResourceReload-17/WARN] [net.minecraft.client.resources.model.BlockStateModelLoader/]: Exception loading blockstate definition: 'dndecor:blockstates/nickel_flat_bolt.json' missing model for variant: 'dndecor:nickel_flat_bolt#facing=east,rotation=45'
[14May2026 16:35:46.364] [Worker-ResourceReload-17/WARN] [net.minecraft.client.resources.model.BlockStateModelLoader/]: Exception loading blockstate definition: 'dndecor:blockstates/nickel_flat_bolt.json' missing model for variant: 'dndecor:nickel_flat_bolt#facing=down,rotation=315'
[14May2026 16:35:46.364] [Worker-ResourceReload-17/WARN] [net.minecraft.client.resources.model.BlockStateModelLoader/]: Exception loading blockstate definition: 'dndecor:blockstates/nickel_flat_bolt.json' missing model for variant: 'dndecor:nickel_flat_bolt#facing=north,rotation=225'
[14May2026 16:35:46.365] [Worker-ResourceReload-17/WARN] [net.minecraft.client.resources.model.BlockStateModelLoader/]: Exception loading blockstate definition: 'dndecor:blockstates/nickel_flat_bolt.json' missing model for variant: 'dndecor:nickel_flat_bolt#facing=west,rotation=45'
[14May2026 16:35:46.365] [Worker-ResourceReload-17/WARN] [net.minecraft.client.resources.model.BlockStateModelLoader/]: Exception loading blockstate definition: 'dndecor:blockstates/nickel_flat_bolt.json' missing model for variant: 'dndecor:nickel_flat_bolt#facing=west,rotation=180'
[14May2026 16:35:46.365] [Worker-ResourceReload-17/WARN] [net.minecraft.client.resources.model.BlockStateModelLoader/]: Exception loading blockstate definition: 'dndecor:blockstates/nickel_flat_bolt.json' missing model for variant: 'dndecor:nickel_flat_bolt#facing=east,rotation=270'
[14May2026 16:35:46.365] [Worker-ResourceReload-17/WARN] [net.minecraft.client.resources.model.BlockStateModelLoader/]: Exception loading blockstate definition: 'dndecor:blockstates/nickel_flat_bolt.json' missing model for variant: 'dndecor:nickel_flat_bolt#facing=south,rotation=135'
[14May2026 16:35:46.365] [Worker-ResourceReload-17/WARN] [net.minecraft.client.resources.model.BlockStateModelLoader/]: Exception loading blockstate definition: 'dndecor:blockstates/nickel_flat_bolt.json' missing model for variant: 'dndecor:nickel_flat_bolt#facing=down,rotation=0'
[14May2026 16:35:46.365] [Worker-ResourceReload-17/WARN] [net.minecraft.client.resources.model.BlockStateModelLoader/]: Exception loading blockstate definition: 'dndecor:blockstates/nickel_flat_bolt.json' missing model for variant: 'dndecor:nickel_flat_bolt#facing=east,rotation=0'
[14May2026 16:35:46.365] [Worker-ResourceReload-17/WARN] [net.minecraft.client.resources.model.BlockStateModelLoader/]: Exception loading blockstate definition: 'dndecor:blockstates/nickel_flat_bolt.json' missing model for variant: 'dndecor:nickel_flat_bolt#facing=south,rotation=315'
[14May2026 16:35:46.365] [Worker-ResourceReload-17/WARN] [net.minecraft.client.resources.model.BlockStateModelLoader/]: Exception loading blockstate definition: 'dndecor:blockstates/nickel_flat_bolt.json' missing model for variant: 'dndecor:nickel_flat_bolt#facing=down,rotation=45'
[14May2026 16:35:46.365] [Worker-ResourceReload-17/WARN] [net.minecraft.client.resources.model.BlockStateModelLoader/]: Exception loading blockstate definition: 'dndecor:blockstates/nickel_flat_bolt.json' missing model for variant: 'dndecor:nickel_flat_bolt#facing=up,rotation=180'
[14May2026 16:35:46.365] [Worker-ResourceReload-17/WARN] [net.minecraft.client.resources.model.BlockStateModelLoader/]: Exception loading blockstate definition: 'dndecor:blockstates/nickel_flat_bolt.json' missing model for variant: 'dndecor:nickel_flat_bolt#facing=east,rotation=135'
[14May2026 16:35:46.365] [Worker-ResourceReload-17/WARN] [net.minecraft.client.resources.model.BlockStateModelLoader/]: Exception loading blockstate definition: 'dndecor:blockstates/nickel_flat_bolt.json' missing model for variant: 'dndecor:nickel_flat_bolt#facing=north,rotation=0'
[14May2026 16:35:46.365] [Worker-ResourceReload-17/WARN] [net.minecraft.client.resources.model.BlockStateModelLoader/]: Exception loading blockstate definition: 'dndecor:blockstates/nickel_flat_bolt.json' missing model for variant: 'dndecor:nickel_flat_bolt#facing=east,rotation=90'
[14May2026 16:35:46.365] [Worker-ResourceReload-17/WARN] [net.minecraft.client.resources.model.BlockStateModelLoader/]: Exception loading blockstate definition: 'dndecor:blockstates/nickel_flat_bolt.json' missing model for variant: 'dndecor:nickel_flat_bolt#facing=down,rotation=270'
[14May2026 16:35:46.365] [Worker-ResourceReload-17/WARN] [net.minecraft.client.resources.model.BlockStateModelLoader/]: Exception loading blockstate definition: 'dndecor:blockstates/nickel_flat_bolt.json' missing model for variant: 'dndecor:nickel_flat_bolt#facing=west,rotation=315'
[14May2026 16:35:46.365] [Worker-ResourceReload-17/WARN] [net.minecraft.client.resources.model.BlockStateModelLoader/]: Exception loading blockstate definition: 'dndecor:blockstates/nickel_flat_bolt.json' missing model for variant: 'dndecor:nickel_flat_bolt#facing=up,rotation=90'
[14May2026 16:35:46.365] [Worker-ResourceReload-17/WARN] [net.minecraft.client.resources.model.BlockStateModelLoader/]: Exception loading blockstate definition: 'dndecor:blockstates/nickel_flat_bolt.json' missing model for variant: 'dndecor:nickel_flat_bolt#facing=north,rotation=180'
[14May2026 16:35:46.365] [Worker-ResourceReload-17/WARN] [net.minecraft.client.resources.model.BlockStateModelLoader/]: Exception loading blockstate definition: 'dndecor:blockstates/nickel_flat_bolt.json' missing model for variant: 'dndecor:nickel_flat_bolt#facing=up,rotation=225'
[14May2026 16:35:46.365] [Worker-ResourceReload-17/WARN] [net.minecraft.client.resources.model.BlockStateModelLoader/]: Exception loading blockstate definition: 'dndecor:blockstates/nickel_flat_bolt.json' missing model for variant: 'dndecor:nickel_flat_bolt#facing=east,rotation=315'
[14May2026 16:35:46.365] [Worker-ResourceReload-17/WARN] [net.minecraft.client.resources.model.BlockStateModelLoader/]: Exception loading blockstate definition: 'dndecor:blockstates/nickel_flat_bolt.json' missing model for variant: 'dndecor:nickel_flat_bolt#facing=west,rotation=135'
[14May2026 16:35:46.365] [Worker-ResourceReload-17/WARN] [net.minecraft.client.resources.model.BlockStateModelLoader/]: Exception loading blockstate definition: 'dndecor:blockstates/nickel_flat_bolt.json' missing model for variant: 'dndecor:nickel_flat_bolt#facing=south,rotation=180'
[14May2026 16:35:46.365] [Worker-ResourceReload-17/WARN] [net.minecraft.client.resources.model.BlockStateModelLoader/]: Exception loading blockstate definition: 'dndecor:blockstates/nickel_flat_bolt.json' missing model for variant: 'dndecor:nickel_flat_bolt#facing=north,rotation=135'
[14May2026 16:35:46.365] [Worker-ResourceReload-17/WARN] [net.minecraft.client.resources.model.BlockStateModelLoader/]: Exception loading blockstate definition: 'dndecor:blockstates/nickel_flat_bolt.json' missing model for variant: 'dndecor:nickel_flat_bolt#facing=down,rotation=225'
[14May2026 16:35:46.365] [Worker-ResourceReload-17/WARN] [net.minecraft.client.resources.model.BlockStateModelLoader/]: Exception loading blockstate definition: 'dndecor:blockstates/nickel_flat_bolt.json' missing model for variant: 'dndecor:nickel_flat_bolt#facing=west,rotation=0'
[14May2026 16:35:46.365] [Worker-ResourceReload-17/WARN] [net.minecraft.client.resources.model.BlockStateModelLoader/]: Exception loading blockstate definition: 'dndecor:blockstates/nickel_flat_bolt.json' missing model for variant: 'dndecor:nickel_flat_bolt#facing=down,rotation=90'
[14May2026 16:35:46.365] [Worker-ResourceReload-17/WARN] [net.minecraft.client.resources.model.BlockStateModelLoader/]: Exception loading blockstate definition: 'dndecor:blockstates/nickel_flat_bolt.json' missing model for variant: 'dndecor:nickel_flat_bolt#facing=north,rotation=315'
[14May2026 16:35:46.365] [Worker-ResourceReload-17/WARN] [net.minecraft.client.resources.model.BlockStateModelLoader/]: Exception loading blockstate definition: 'dndecor:blockstates/nickel_flat_bolt.json' missing model for variant: 'dndecor:nickel_flat_bolt#facing=west,rotation=270'
[14May2026 16:35:46.365] [Worker-ResourceReload-17/WARN] [net.minecraft.client.resources.model.BlockStateModelLoader/]: Exception loading blockstate definition: 'dndecor:blockstates/nickel_flat_bolt.json' missing model for variant: 'dndecor:nickel_flat_bolt#facing=north,rotation=90'
[14May2026 16:35:46.365] [Worker-ResourceReload-17/WARN] [net.minecraft.client.resources.model.BlockStateModelLoader/]: Exception loading blockstate definition: 'dndecor:blockstates/nickel_flat_bolt.json' missing model for variant: 'dndecor:nickel_flat_bolt#facing=south,rotation=225'
[14May2026 16:35:46.365] [Worker-ResourceReload-17/WARN] [net.minecraft.client.resources.model.BlockStateModelLoader/]: Exception loading blockstate definition: 'dndecor:blockstates/nickel_flat_bolt.json' missing model for variant: 'dndecor:nickel_flat_bolt#facing=west,rotation=90'
[14May2026 16:35:46.365] [Worker-ResourceReload-17/WARN] [net.minecraft.client.resources.model.BlockStateModelLoader/]: Exception loading blockstate definition: 'dndecor:blockstates/nickel_flat_bolt.json' missing model for variant: 'dndecor:nickel_flat_bolt#facing=up,rotation=270'
[14May2026 16:35:46.365] [Worker-ResourceReload-17/WARN] [net.minecraft.client.resources.model.BlockStateModelLoader/]: Exception loading blockstate definition: 'dndecor:blockstates/nickel_flat_bolt.json' missing model for variant: 'dndecor:nickel_flat_bolt#facing=east,rotation=180'
[14May2026 16:35:46.365] [Worker-ResourceReload-17/WARN] [net.minecraft.client.resources.model.BlockStateModelLoader/]: Exception loading blockstate definition: 'dndecor:blockstates/nickel_flat_bolt.json' missing model for variant: 'dndecor:nickel_flat_bolt#facing=east,rotation=225'
[14May2026 16:35:46.365] [Worker-ResourceReload-17/WARN] [net.minecraft.client.resources.model.BlockStateModelLoader/]: Exception loading blockstate definition: 'dndecor:blockstates/nickel_flat_bolt.json' missing model for variant: 'dndecor:nickel_flat_bolt#facing=up,rotation=135'
[14May2026 16:35:46.365] [Worker-ResourceReload-17/WARN] [net.minecraft.client.resources.model.BlockStateModelLoader/]: Exception loading blockstate definition: 'dndecor:blockstates/nickel_flat_bolt.json' missing model for variant: 'dndecor:nickel_flat_bolt#facing=down,rotation=180'
[14May2026 16:35:46.365] [Worker-ResourceReload-17/WARN] [net.minecraft.client.resources.model.BlockStateModelLoader/]: Exception loading blockstate definition: 'dndecor:blockstates/nickel_flat_bolt.json' missing model for variant: 'dndecor:nickel_flat_bolt#facing=south,rotation=45'
[14May2026 16:35:46.365] [Worker-ResourceReload-17/WARN] [net.minecraft.client.resources.model.BlockStateModelLoader/]: Exception loading blockstate definition: 'dndecor:blockstates/nickel_flat_bolt.json' missing model for variant: 'dndecor:nickel_flat_bolt#facing=north,rotation=270'
[14May2026 16:35:46.365] [Worker-ResourceReload-17/WARN] [net.minecraft.client.resources.model.BlockStateModelLoader/]: Exception loading blockstate definition: 'dndecor:blockstates/nickel_flat_bolt.json' missing model for variant: 'dndecor:nickel_flat_bolt#facing=up,rotation=315'
[14May2026 16:35:46.365] [Worker-ResourceReload-17/WARN] [net.minecraft.client.resources.model.BlockStateModelLoader/]: Exception loading blockstate definition: 'dndecor:blockstates/nickel_flat_bolt.json' missing model for variant: 'dndecor:nickel_flat_bolt#facing=west,rotation=225'
[14May2026 16:35:46.365] [Worker-ResourceReload-17/WARN] [net.minecraft.client.resources.model.BlockStateModelLoader/]: Exception loading blockstate definition: 'dndecor:blockstates/nickel_flat_bolt.json' missing model for variant: 'dndecor:nickel_flat_bolt#facing=south,rotation=0'
[14May2026 16:35:46.365] [Worker-ResourceReload-17/WARN] [net.minecraft.client.resources.model.BlockStateModelLoader/]: Exception loading blockstate definition: 'dndecor:blockstates/tungsten_cross_bolt.json' missing model for variant: 'dndecor:tungsten_cross_bolt#facing=south,rotation=225'
[14May2026 16:35:46.365] [Worker-ResourceReload-17/WARN] [net.minecraft.client.resources.model.BlockStateModelLoader/]: Exception loading blockstate definition: 'dndecor:blockstates/tungsten_cross_bolt.json' missing model for variant: 'dndecor:tungsten_cross_bolt#facing=east,rotation=225'
[14May2026 16:35:46.365] [Worker-ResourceReload-17/WARN] [net.minecraft.client.resources.model.BlockStateModelLoader/]: Exception loading blockstate definition: 'dndecor:blockstates/tungsten_cross_bolt.json' missing model for variant: 'dndecor:tungsten_cross_bolt#facing=up,rotation=135'
[14May2026 16:35:46.365] [Worker-ResourceReload-17/WARN] [net.minecraft.client.resources.model.BlockStateModelLoader/]: Exception loading blockstate definition: 'dndecor:blockstates/tungsten_cross_bolt.json' missing model for variant: 'dndecor:tungsten_cross_bolt#facing=down,rotation=270'
[14May2026 16:35:46.365] [Worker-ResourceReload-17/WARN] [net.minecraft.client.resources.model.BlockStateModelLoader/]: Exception loading blockstate definition: 'dndecor:blockstates/tungsten_cross_bolt.json' missing model for variant: 'dndecor:tungsten_cross_bolt#facing=east,rotation=180'
[14May2026 16:35:46.365] [Worker-ResourceReload-17/WARN] [net.minecraft.client.resources.model.BlockStateModelLoader/]: Exception loading blockstate definition: 'dndecor:blockstates/tungsten_cross_bolt.json' missing model for variant: 'dndecor:tungsten_cross_bolt#facing=east,rotation=0'
[14May2026 16:35:46.365] [Worker-ResourceReload-17/WARN] [net.minecraft.client.resources.model.BlockStateModelLoader/]: Exception loading blockstate definition: 'dndecor:blockstates/tungsten_cross_bolt.json' missing model for variant: 'dndecor:tungsten_cross_bolt#facing=up,rotation=270'
[14May2026 16:35:46.365] [Worker-ResourceReload-17/WARN] [net.minecraft.client.resources.model.BlockStateModelLoader/]: Exception loading blockstate definition: 'dndecor:blockstates/tungsten_cross_bolt.json' missing model for variant: 'dndecor:tungsten_cross_bolt#facing=west,rotation=45'
[14May2026 16:35:46.365] [Worker-ResourceReload-17/WARN] [net.minecraft.client.resources.model.BlockStateModelLoader/]: Exception loading blockstate definition: 'dndecor:blockstates/tungsten_cross_bolt.json' missing model for variant: 'dndecor:tungsten_cross_bolt#facing=north,rotation=135'
[14May2026 16:35:46.365] [Worker-ResourceReload-17/WARN] [net.minecraft.client.resources.model.BlockStateModelLoader/]: Exception loading blockstate definition: 'dndecor:blockstates/tungsten_cross_bolt.json' missing model for variant: 'dndecor:tungsten_cross_bolt#facing=up,rotation=45'
[14May2026 16:35:46.365] [Worker-ResourceReload-17/WARN] [net.minecraft.client.resources.model.BlockStateModelLoader/]: Exception loading blockstate definition: 'dndecor:blockstates/tungsten_cross_bolt.json' missing model for variant: 'dndecor:tungsten_cross_bolt#facing=west,rotation=180'
[14May2026 16:35:46.365] [Worker-ResourceReload-17/WARN] [net.minecraft.client.resources.model.BlockStateModelLoader/]: Exception loading blockstate definition: 'dndecor:blockstates/tungsten_cross_bolt.json' missing model for variant: 'dndecor:tungsten_cross_bolt#facing=north,rotation=315'
[14May2026 16:35:46.365] [Worker-ResourceReload-17/WARN] [net.minecraft.client.resources.model.BlockStateModelLoader/]: Exception loading blockstate definition: 'dndecor:blockstates/tungsten_cross_bolt.json' missing model for variant: 'dndecor:tungsten_cross_bolt#facing=south,rotation=45'
[14May2026 16:35:46.365] [Worker-ResourceReload-17/WARN] [net.minecraft.client.resources.model.BlockStateModelLoader/]: Exception loading blockstate definition: 'dndecor:blockstates/tungsten_cross_bolt.json' missing model for variant: 'dndecor:tungsten_cross_bolt#facing=west,rotation=225'
[14May2026 16:35:46.365] [Worker-ResourceReload-17/WARN] [net.minecraft.client.resources.model.BlockStateModelLoader/]: Exception loading blockstate definition: 'dndecor:blockstates/tungsten_cross_bolt.json' missing model for variant: 'dndecor:tungsten_cross_bolt#facing=north,rotation=270'
[14May2026 16:35:46.365] [Worker-ResourceReload-17/WARN] [net.minecraft.client.resources.model.BlockStateModelLoader/]: Exception loading blockstate definition: 'dndecor:blockstates/tungsten_cross_bolt.json' missing model for variant: 'dndecor:tungsten_cross_bolt#facing=up,rotation=315'
[14May2026 16:35:46.365] [Worker-ResourceReload-17/WARN] [net.minecraft.client.resources.model.BlockStateModelLoader/]: Exception loading blockstate definition: 'dndecor:blockstates/tungsten_cross_bolt.json' missing model for variant: 'dndecor:tungsten_cross_bolt#facing=south,rotation=270'
[14May2026 16:35:46.365] [Worker-ResourceReload-17/WARN] [net.minecraft.client.resources.model.BlockStateModelLoader/]: Exception loading blockstate definition: 'dndecor:blockstates/tungsten_cross_bolt.json' missing model for variant: 'dndecor:tungsten_cross_bolt#facing=down,rotation=225'
[14May2026 16:35:46.365] [Worker-ResourceReload-17/WARN] [net.minecraft.client.resources.model.BlockStateModelLoader/]: Exception loading blockstate definition: 'dndecor:blockstates/tungsten_cross_bolt.json' missing model for variant: 'dndecor:tungsten_cross_bolt#facing=north,rotation=0'
[14May2026 16:35:46.365] [Worker-ResourceReload-17/WARN] [net.minecraft.client.resources.model.BlockStateModelLoader/]: Exception loading blockstate definition: 'dndecor:blockstates/tungsten_cross_bolt.json' missing model for variant: 'dndecor:tungsten_cross_bolt#facing=south,rotation=315'
[14May2026 16:35:46.365] [Worker-ResourceReload-17/WARN] [net.minecraft.client.resources.model.BlockStateModelLoader/]: Exception loading blockstate definition: 'dndecor:blockstates/tungsten_cross_bolt.json' missing model for variant: 'dndecor:tungsten_cross_bolt#facing=down,rotation=45'
[14May2026 16:35:46.365] [Worker-ResourceReload-17/WARN] [net.minecraft.client.resources.model.BlockStateModelLoader/]: Exception loading blockstate definition: 'dndecor:blockstates/tungsten_cross_bolt.json' missing model for variant: 'dndecor:tungsten_cross_bolt#facing=east,rotation=90'
[14May2026 16:35:46.365] [Worker-ResourceReload-17/WARN] [net.minecraft.client.resources.model.BlockStateModelLoader/]: Exception loading blockstate definition: 'dndecor:blockstates/tungsten_cross_bolt.json' missing model for variant: 'dndecor:tungsten_cross_bolt#facing=south,rotation=0'
[14May2026 16:35:46.365] [Worker-ResourceReload-17/WARN] [net.minecraft.client.resources.model.BlockStateModelLoader/]: Exception loading blockstate definition: 'dndecor:blockstates/tungsten_cross_bolt.json' missing model for variant: 'dndecor:tungsten_cross_bolt#facing=south,rotation=135'
[14May2026 16:35:46.365] [Worker-ResourceReload-17/WARN] [net.minecraft.client.resources.model.BlockStateModelLoader/]: Exception loading blockstate definition: 'dndecor:blockstates/tungsten_cross_bolt.json' missing model for variant: 'dndecor:tungsten_cross_bolt#facing=east,rotation=135'
[14May2026 16:35:46.365] [Worker-ResourceReload-17/WARN] [net.minecraft.client.resources.model.BlockStateModelLoader/]: Exception loading blockstate definition: 'dndecor:blockstates/tungsten_cross_bolt.json' missing model for variant: 'dndecor:tungsten_cross_bolt#facing=down,rotation=0'
[14May2026 16:35:46.365] [Worker-ResourceReload-17/WARN] [net.minecraft.client.resources.model.BlockStateModelLoader/]: Exception loading blockstate definition: 'dndecor:blockstates/tungsten_cross_bolt.json' missing model for variant: 'dndecor:tungsten_cross_bolt#facing=west,rotation=90'
[14May2026 16:35:46.365] [Worker-ResourceReload-17/WARN] [net.minecraft.client.resources.model.BlockStateModelLoader/]: Exception loading blockstate definition: 'dndecor:blockstates/tungsten_cross_bolt.json' missing model for variant: 'dndecor:tungsten_cross_bolt#facing=down,rotation=180'
[14May2026 16:35:46.365] [Worker-ResourceReload-17/WARN] [net.minecraft.client.resources.model.BlockStateModelLoader/]: Exception loading blockstate definition: 'dndecor:blockstates/tungsten_cross_bolt.json' missing model for variant: 'dndecor:tungsten_cross_bolt#facing=north,rotation=45'
[14May2026 16:35:46.365] [Worker-ResourceReload-17/WARN] [net.minecraft.client.resources.model.BlockStateModelLoader/]: Exception loading blockstate definition: 'dndecor:blockstates/tungsten_cross_bolt.json' missing model for variant: 'dndecor:tungsten_cross_bolt#facing=up,rotation=180'
[14May2026 16:35:46.365] [Worker-ResourceReload-17/WARN] [net.minecraft.client.resources.model.BlockStateModelLoader/]: Exception loading blockstate definition: 'dndecor:blockstates/tungsten_cross_bolt.json' missing model for variant: 'dndecor:tungsten_cross_bolt#facing=east,rotation=270'
[14May2026 16:35:46.365] [Worker-ResourceReload-17/WARN] [net.minecraft.client.resources.model.BlockStateModelLoader/]: Exception loading blockstate definition: 'dndecor:blockstates/tungsten_cross_bolt.json' missing model for variant: 'dndecor:tungsten_cross_bolt#facing=down,rotation=135'
[14May2026 16:35:46.365] [Worker-ResourceReload-17/WARN] [net.minecraft.client.resources.model.BlockStateModelLoader/]: Exception loading blockstate definition: 'dndecor:blockstates/tungsten_cross_bolt.json' missing model for variant: 'dndecor:tungsten_cross_bolt#facing=up,rotation=0'
[14May2026 16:35:46.365] [Worker-ResourceReload-17/WARN] [net.minecraft.client.resources.model.BlockStateModelLoader/]: Exception loading blockstate definition: 'dndecor:blockstates/tungsten_cross_bolt.json' missing model for variant: 'dndecor:tungsten_cross_bolt#facing=south,rotation=90'
[14May2026 16:35:46.365] [Worker-ResourceReload-17/WARN] [net.minecraft.client.resources.model.BlockStateModelLoader/]: Exception loading blockstate definition: 'dndecor:blockstates/tungsten_cross_bolt.json' missing model for variant: 'dndecor:tungsten_cross_bolt#facing=east,rotation=45'
[14May2026 16:35:46.365] [Worker-ResourceReload-17/WARN] [net.minecraft.client.resources.model.BlockStateModelLoader/]: Exception loading blockstate definition: 'dndecor:blockstates/tungsten_cross_bolt.json' missing model for variant: 'dndecor:tungsten_cross_bolt#facing=north,rotation=225'
[14May2026 16:35:46.365] [Worker-ResourceReload-17/WARN] [net.minecraft.client.resources.model.BlockStateModelLoader/]: Exception loading blockstate definition: 'dndecor:blockstates/tungsten_cross_bolt.json' missing model for variant: 'dndecor:tungsten_cross_bolt#facing=north,rotation=90'
[14May2026 16:35:46.365] [Worker-ResourceReload-17/WARN] [net.minecraft.client.resources.model.BlockStateModelLoader/]: Exception loading blockstate definition: 'dndecor:blockstates/tungsten_cross_bolt.json' missing model for variant: 'dndecor:tungsten_cross_bolt#facing=west,rotation=270'
[14May2026 16:35:46.365] [Worker-ResourceReload-17/WARN] [net.minecraft.client.resources.model.BlockStateModelLoader/]: Exception loading blockstate definition: 'dndecor:blockstates/tungsten_cross_bolt.json' missing model for variant: 'dndecor:tungsten_cross_bolt#facing=north,rotation=180'
[14May2026 16:35:46.365] [Worker-ResourceReload-17/WARN] [net.minecraft.client.resources.model.BlockStateModelLoader/]: Exception loading blockstate definition: 'dndecor:blockstates/tungsten_cross_bolt.json' missing model for variant: 'dndecor:tungsten_cross_bolt#facing=up,rotation=225'
[14May2026 16:35:46.365] [Worker-ResourceReload-17/WARN] [net.minecraft.client.resources.model.BlockStateModelLoader/]: Exception loading blockstate definition: 'dndecor:blockstates/tungsten_cross_bolt.json' missing model for variant: 'dndecor:tungsten_cross_bolt#facing=up,rotation=90'
[14May2026 16:35:46.365] [Worker-ResourceReload-17/WARN] [net.minecraft.client.resources.model.BlockStateModelLoader/]: Exception loading blockstate definition: 'dndecor:blockstates/tungsten_cross_bolt.json' missing model for variant: 'dndecor:tungsten_cross_bolt#facing=west,rotation=315'
[14May2026 16:35:46.365] [Worker-ResourceReload-17/WARN] [net.minecraft.client.resources.model.BlockStateModelLoader/]: Exception loading blockstate definition: 'dndecor:blockstates/tungsten_cross_bolt.json' missing model for variant: 'dndecor:tungsten_cross_bolt#facing=east,rotation=315'
[14May2026 16:35:46.365] [Worker-ResourceReload-17/WARN] [net.minecraft.client.resources.model.BlockStateModelLoader/]: Exception loading blockstate definition: 'dndecor:blockstates/tungsten_cross_bolt.json' missing model for variant: 'dndecor:tungsten_cross_bolt#facing=down,rotation=315'
[14May2026 16:35:46.365] [Worker-ResourceReload-17/WARN] [net.minecraft.client.resources.model.BlockStateModelLoader/]: Exception loading blockstate definition: 'dndecor:blockstates/tungsten_cross_bolt.json' missing model for variant: 'dndecor:tungsten_cross_bolt#facing=down,rotation=90'
[14May2026 16:35:46.365] [Worker-ResourceReload-17/WARN] [net.minecraft.client.resources.model.BlockStateModelLoader/]: Exception loading blockstate definition: 'dndecor:blockstates/tungsten_cross_bolt.json' missing model for variant: 'dndecor:tungsten_cross_bolt#facing=west,rotation=0'
[14May2026 16:35:46.365] [Worker-ResourceReload-17/WARN] [net.minecraft.client.resources.model.BlockStateModelLoader/]: Exception loading blockstate definition: 'dndecor:blockstates/tungsten_cross_bolt.json' missing model for variant: 'dndecor:tungsten_cross_bolt#facing=west,rotation=135'
[14May2026 16:35:46.365] [Worker-ResourceReload-17/WARN] [net.minecraft.client.resources.model.BlockStateModelLoader/]: Exception loading blockstate definition: 'dndecor:blockstates/tungsten_cross_bolt.json' missing model for variant: 'dndecor:tungsten_cross_bolt#facing=south,rotation=180'
[14May2026 16:35:46.365] [Worker-ResourceReload-17/WARN] [net.minecraft.client.resources.model.BlockStateModelLoader/]: Exception loading blockstate definition: 'dndecor:blockstates/tungsten_dash_bolt.json' missing model for variant: 'dndecor:tungsten_dash_bolt#facing=south,rotation=135'
[14May2026 16:35:46.365] [Worker-ResourceReload-17/WARN] [net.minecraft.client.resources.model.BlockStateModelLoader/]: Exception loading blockstate definition: 'dndecor:blockstates/tungsten_dash_bolt.json' missing model for variant: 'dndecor:tungsten_dash_bolt#facing=east,rotation=270'
[14May2026 16:35:46.365] [Worker-ResourceReload-17/WARN] [net.minecraft.client.resources.model.BlockStateModelLoader/]: Exception loading blockstate definition: 'dndecor:blockstates/tungsten_dash_bolt.json' missing model for variant: 'dndecor:tungsten_dash_bolt#facing=north,rotation=0'
[14May2026 16:35:46.365] [Worker-ResourceReload-17/WARN] [net.minecraft.client.resources.model.BlockStateModelLoader/]: Exception loading blockstate definition: 'dndecor:blockstates/tungsten_dash_bolt.json' missing model for variant: 'dndecor:tungsten_dash_bolt#facing=down,rotation=45'
[14May2026 16:35:46.365] [Worker-ResourceReload-17/WARN] [net.minecraft.client.resources.model.BlockStateModelLoader/]: Exception loading blockstate definition: 'dndecor:blockstates/tungsten_dash_bolt.json' missing model for variant: 'dndecor:tungsten_dash_bolt#facing=south,rotation=315'
[14May2026 16:35:46.365] [Worker-ResourceReload-17/WARN] [net.minecraft.client.resources.model.BlockStateModelLoader/]: Exception loading blockstate definition: 'dndecor:blockstates/tungsten_dash_bolt.json' missing model for variant: 'dndecor:tungsten_dash_bolt#facing=up,rotation=180'
[14May2026 16:35:46.365] [Worker-ResourceReload-17/WARN] [net.minecraft.client.resources.model.BlockStateModelLoader/]: Exception loading blockstate definition: 'dndecor:blockstates/tungsten_dash_bolt.json' missing model for variant: 'dndecor:tungsten_dash_bolt#facing=north,rotation=225'
[14May2026 16:35:46.365] [Worker-ResourceReload-17/WARN] [net.minecraft.client.resources.model.BlockStateModelLoader/]: Exception loading blockstate definition: 'dndecor:blockstates/tungsten_dash_bolt.json' missing model for variant: 'dndecor:tungsten_dash_bolt#facing=east,rotation=90'
[14May2026 16:35:46.365] [Worker-ResourceReload-17/WARN] [net.minecraft.client.resources.model.BlockStateModelLoader/]: Exception loading blockstate definition: 'dndecor:blockstates/tungsten_dash_bolt.json' missing model for variant: 'dndecor:tungsten_dash_bolt#facing=south,rotation=270'
[14May2026 16:35:46.365] [Worker-ResourceReload-17/WARN] [net.minecraft.client.resources.model.BlockStateModelLoader/]: Exception loading blockstate definition: 'dndecor:blockstates/tungsten_dash_bolt.json' missing model for variant: 'dndecor:tungsten_dash_bolt#facing=down,rotation=315'
[14May2026 16:35:46.365] [Worker-ResourceReload-17/WARN] [net.minecraft.client.resources.model.BlockStateModelLoader/]: Exception loading blockstate definition: 'dndecor:blockstates/tungsten_dash_bolt.json' missing model for variant: 'dndecor:tungsten_dash_bolt#facing=west,rotation=225'
[14May2026 16:35:46.365] [Worker-ResourceReload-17/WARN] [net.minecraft.client.resources.model.BlockStateModelLoader/]: Exception loading blockstate definition: 'dndecor:blockstates/tungsten_dash_bolt.json' missing model for variant: 'dndecor:tungsten_dash_bolt#facing=up,rotation=0'
[14May2026 16:35:46.365] [Worker-ResourceReload-17/WARN] [net.minecraft.client.resources.model.BlockStateModelLoader/]: Exception loading blockstate definition: 'dndecor:blockstates/tungsten_dash_bolt.json' missing model for variant: 'dndecor:tungsten_dash_bolt#facing=up,rotation=90'
[14May2026 16:35:46.365] [Worker-ResourceReload-17/WARN] [net.minecraft.client.resources.model.BlockStateModelLoader/]: Exception loading blockstate definition: 'dndecor:blockstates/tungsten_dash_bolt.json' missing model for variant: 'dndecor:tungsten_dash_bolt#facing=west,rotation=0'
[14May2026 16:35:46.365] [Worker-ResourceReload-17/WARN] [net.minecraft.client.resources.model.BlockStateModelLoader/]: Exception loading blockstate definition: 'dndecor:blockstates/tungsten_dash_bolt.json' missing model for variant: 'dndecor:tungsten_dash_bolt#facing=west,rotation=270'
[14May2026 16:35:46.365] [Worker-ResourceReload-17/WARN] [net.minecraft.client.resources.model.BlockStateModelLoader/]: Exception loading blockstate definition: 'dndecor:blockstates/tungsten_dash_bolt.json' missing model for variant: 'dndecor:tungsten_dash_bolt#facing=north,rotation=180'
[14May2026 16:35:46.365] [Worker-ResourceReload-17/WARN] [net.minecraft.client.resources.model.BlockStateModelLoader/]: Exception loading blockstate definition: 'dndecor:blockstates/tungsten_dash_bolt.json' missing model for variant: 'dndecor:tungsten_dash_bolt#facing=up,rotation=225'
[14May2026 16:35:46.365] [Worker-ResourceReload-17/WARN] [net.minecraft.client.resources.model.BlockStateModelLoader/]: Exception loading blockstate definition: 'dndecor:blockstates/tungsten_dash_bolt.json' missing model for variant: 'dndecor:tungsten_dash_bolt#facing=down,rotation=135'
[14May2026 16:35:46.365] [Worker-ResourceReload-17/WARN] [net.minecraft.client.resources.model.BlockStateModelLoader/]: Exception loading blockstate definition: 'dndecor:blockstates/tungsten_dash_bolt.json' missing model for variant: 'dndecor:tungsten_dash_bolt#facing=west,rotation=90'
[14May2026 16:35:46.365] [Worker-ResourceReload-17/WARN] [net.minecraft.client.resources.model.BlockStateModelLoader/]: Exception loading blockstate definition: 'dndecor:blockstates/tungsten_dash_bolt.json' missing model for variant: 'dndecor:tungsten_dash_bolt#facing=east,rotation=315'
[14May2026 16:35:46.365] [Worker-ResourceReload-17/WARN] [net.minecraft.client.resources.model.BlockStateModelLoader/]: Exception loading blockstate definition: 'dndecor:blockstates/tungsten_dash_bolt.json' missing model for variant: 'dndecor:tungsten_dash_bolt#facing=up,rotation=45'
[14May2026 16:35:46.365] [Worker-ResourceReload-17/WARN] [net.minecraft.client.resources.model.BlockStateModelLoader/]: Exception loading blockstate definition: 'dndecor:blockstates/tungsten_dash_bolt.json' missing model for variant: 'dndecor:tungsten_dash_bolt#facing=north,rotation=45'
[14May2026 16:35:46.365] [Worker-ResourceReload-17/WARN] [net.minecraft.client.resources.model.BlockStateModelLoader/]: Exception loading blockstate definition: 'dndecor:blockstates/tungsten_dash_bolt.json' missing model for variant: 'dndecor:tungsten_dash_bolt#facing=east,rotation=135'
[14May2026 16:35:46.365] [Worker-ResourceReload-17/WARN] [net.minecraft.client.resources.model.BlockStateModelLoader/]: Exception loading blockstate definition: 'dndecor:blockstates/tungsten_dash_bolt.json' missing model for variant: 'dndecor:tungsten_dash_bolt#facing=down,rotation=0'
[14May2026 16:35:46.365] [Worker-ResourceReload-17/WARN] [net.minecraft.client.resources.model.BlockStateModelLoader/]: Exception loading blockstate definition: 'dndecor:blockstates/tungsten_dash_bolt.json' missing model for variant: 'dndecor:tungsten_dash_bolt#facing=south,rotation=90'
[14May2026 16:35:46.365] [Worker-ResourceReload-17/WARN] [net.minecraft.client.resources.model.BlockStateModelLoader/]: Exception loading blockstate definition: 'dndecor:blockstates/tungsten_dash_bolt.json' missing model for variant: 'dndecor:tungsten_dash_bolt#facing=down,rotation=270'
[14May2026 16:35:46.365] [Worker-ResourceReload-17/WARN] [net.minecraft.client.resources.model.BlockStateModelLoader/]: Exception loading blockstate definition: 'dndecor:blockstates/tungsten_dash_bolt.json' missing model for variant: 'dndecor:tungsten_dash_bolt#facing=east,rotation=45'
[14May2026 16:35:46.365] [Worker-ResourceReload-17/WARN] [net.minecraft.client.resources.model.BlockStateModelLoader/]: Exception loading blockstate definition: 'dndecor:blockstates/tungsten_dash_bolt.json' missing model for variant: 'dndecor:tungsten_dash_bolt#facing=up,rotation=270'
[14May2026 16:35:46.365] [Worker-ResourceReload-17/WARN] [net.minecraft.client.resources.model.BlockStateModelLoader/]: Exception loading blockstate definition: 'dndecor:blockstates/tungsten_dash_bolt.json' missing model for variant: 'dndecor:tungsten_dash_bolt#facing=east,rotation=180'
[14May2026 16:35:46.365] [Worker-ResourceReload-17/WARN] [net.minecraft.client.resources.model.BlockStateModelLoader/]: Exception loading blockstate definition: 'dndecor:blockstates/tungsten_dash_bolt.json' missing model for variant: 'dndecor:tungsten_dash_bolt#facing=south,rotation=45'
[14May2026 16:35:46.365] [Worker-ResourceReload-17/WARN] [net.minecraft.client.resources.model.BlockStateModelLoader/]: Exception loading blockstate definition: 'dndecor:blockstates/tungsten_dash_bolt.json' missing model for variant: 'dndecor:tungsten_dash_bolt#facing=south,rotation=225'
[14May2026 16:35:46.365] [Worker-ResourceReload-17/WARN] [net.minecraft.client.resources.model.BlockStateModelLoader/]: Exception loading blockstate definition: 'dndecor:blockstates/tungsten_dash_bolt.json' missing model for variant: 'dndecor:tungsten_dash_bolt#facing=north,rotation=315'
[14May2026 16:35:46.365] [Worker-ResourceReload-17/WARN] [net.minecraft.client.resources.model.BlockStateModelLoader/]: Exception loading blockstate definition: 'dndecor:blockstates/tungsten_dash_bolt.json' missing model for variant: 'dndecor:tungsten_dash_bolt#facing=west,rotation=135'
[14May2026 16:35:46.365] [Worker-ResourceReload-17/WARN] [net.minecraft.client.resources.model.BlockStateModelLoader/]: Exception loading blockstate definition: 'dndecor:blockstates/tungsten_dash_bolt.json' missing model for variant: 'dndecor:tungsten_dash_bolt#facing=down,rotation=90'
[14May2026 16:35:46.365] [Worker-ResourceReload-17/WARN] [net.minecraft.client.resources.model.BlockStateModelLoader/]: Exception loading blockstate definition: 'dndecor:blockstates/tungsten_dash_bolt.json' missing model for variant: 'dndecor:tungsten_dash_bolt#facing=south,rotation=180'
[14May2026 16:35:46.365] [Worker-ResourceReload-17/WARN] [net.minecraft.client.resources.model.BlockStateModelLoader/]: Exception loading blockstate definition: 'dndecor:blockstates/tungsten_dash_bolt.json' missing model for variant: 'dndecor:tungsten_dash_bolt#facing=down,rotation=225'
[14May2026 16:35:46.365] [Worker-ResourceReload-17/WARN] [net.minecraft.client.resources.model.BlockStateModelLoader/]: Exception loading blockstate definition: 'dndecor:blockstates/tungsten_dash_bolt.json' missing model for variant: 'dndecor:tungsten_dash_bolt#facing=north,rotation=135'
[14May2026 16:35:46.365] [Worker-ResourceReload-17/WARN] [net.minecraft.client.resources.model.BlockStateModelLoader/]: Exception loading blockstate definition: 'dndecor:blockstates/tungsten_dash_bolt.json' missing model for variant: 'dndecor:tungsten_dash_bolt#facing=west,rotation=315'
[14May2026 16:35:46.365] [Worker-ResourceReload-17/WARN] [net.minecraft.client.resources.model.BlockStateModelLoader/]: Exception loading blockstate definition: 'dndecor:blockstates/tungsten_dash_bolt.json' missing model for variant: 'dndecor:tungsten_dash_bolt#facing=west,rotation=180'
[14May2026 16:35:46.365] [Worker-ResourceReload-17/WARN] [net.minecraft.client.resources.model.BlockStateModelLoader/]: Exception loading blockstate definition: 'dndecor:blockstates/tungsten_dash_bolt.json' missing model for variant: 'dndecor:tungsten_dash_bolt#facing=north,rotation=90'
[14May2026 16:35:46.365] [Worker-ResourceReload-17/WARN] [net.minecraft.client.resources.model.BlockStateModelLoader/]: Exception loading blockstate definition: 'dndecor:blockstates/tungsten_dash_bolt.json' missing model for variant: 'dndecor:tungsten_dash_bolt#facing=north,rotation=270'
[14May2026 16:35:46.365] [Worker-ResourceReload-17/WARN] [net.minecraft.client.resources.model.BlockStateModelLoader/]: Exception loading blockstate definition: 'dndecor:blockstates/tungsten_dash_bolt.json' missing model for variant: 'dndecor:tungsten_dash_bolt#facing=up,rotation=315'
[14May2026 16:35:46.365] [Worker-ResourceReload-17/WARN] [net.minecraft.client.resources.model.BlockStateModelLoader/]: Exception loading blockstate definition: 'dndecor:blockstates/tungsten_dash_bolt.json' missing model for variant: 'dndecor:tungsten_dash_bolt#facing=east,rotation=0'
[14May2026 16:35:46.365] [Worker-ResourceReload-17/WARN] [net.minecraft.client.resources.model.BlockStateModelLoader/]: Exception loading blockstate definition: 'dndecor:blockstates/tungsten_dash_bolt.json' missing model for variant: 'dndecor:tungsten_dash_bolt#facing=east,rotation=225'
[14May2026 16:35:46.365] [Worker-ResourceReload-17/WARN] [net.minecraft.client.resources.model.BlockStateModelLoader/]: Exception loading blockstate definition: 'dndecor:blockstates/tungsten_dash_bolt.json' missing model for variant: 'dndecor:tungsten_dash_bolt#facing=south,rotation=0'
[14May2026 16:35:46.365] [Worker-ResourceReload-17/WARN] [net.minecraft.client.resources.model.BlockStateModelLoader/]: Exception loading blockstate definition: 'dndecor:blockstates/tungsten_dash_bolt.json' missing model for variant: 'dndecor:tungsten_dash_bolt#facing=west,rotation=45'
[14May2026 16:35:46.365] [Worker-ResourceReload-17/WARN] [net.minecraft.client.resources.model.BlockStateModelLoader/]: Exception loading blockstate definition: 'dndecor:blockstates/tungsten_dash_bolt.json' missing model for variant: 'dndecor:tungsten_dash_bolt#facing=up,rotation=135'
[14May2026 16:35:46.366] [Worker-ResourceReload-17/WARN] [net.minecraft.client.resources.model.BlockStateModelLoader/]: Exception loading blockstate definition: 'dndecor:blockstates/tungsten_dash_bolt.json' missing model for variant: 'dndecor:tungsten_dash_bolt#facing=down,rotation=180'
[14May2026 16:35:46.366] [Worker-ResourceReload-17/WARN] [net.minecraft.client.resources.model.BlockStateModelLoader/]: Exception loading blockstate definition: 'dndecor:blockstates/tungsten_dot_bolt.json' missing model for variant: 'dndecor:tungsten_dot_bolt#facing=north,rotation=90'
[14May2026 16:35:46.366] [Worker-ResourceReload-17/WARN] [net.minecraft.client.resources.model.BlockStateModelLoader/]: Exception loading blockstate definition: 'dndecor:blockstates/tungsten_dot_bolt.json' missing model for variant: 'dndecor:tungsten_dot_bolt#facing=north,rotation=270'
[14May2026 16:35:46.366] [Worker-ResourceReload-17/WARN] [net.minecraft.client.resources.model.BlockStateModelLoader/]: Exception loading blockstate definition: 'dndecor:blockstates/tungsten_dot_bolt.json' missing model for variant: 'dndecor:tungsten_dot_bolt#facing=up,rotation=90'
[14May2026 16:35:46.366] [Worker-ResourceReload-17/WARN] [net.minecraft.client.resources.model.BlockStateModelLoader/]: Exception loading blockstate definition: 'dndecor:blockstates/tungsten_dot_bolt.json' missing model for variant: 'dndecor:tungsten_dot_bolt#facing=up,rotation=225'
[14May2026 16:35:46.366] [Worker-ResourceReload-17/WARN] [net.minecraft.client.resources.model.BlockStateModelLoader/]: Exception loading blockstate definition: 'dndecor:blockstates/tungsten_dot_bolt.json' missing model for variant: 'dndecor:tungsten_dot_bolt#facing=east,rotation=315'
[14May2026 16:35:46.366] [Worker-ResourceReload-17/WARN] [net.minecraft.client.resources.model.BlockStateModelLoader/]: Exception loading blockstate definition: 'dndecor:blockstates/tungsten_dot_bolt.json' missing model for variant: 'dndecor:tungsten_dot_bolt#facing=south,rotation=0'
[14May2026 16:35:46.366] [Worker-ResourceReload-17/WARN] [net.minecraft.client.resources.model.BlockStateModelLoader/]: Exception loading blockstate definition: 'dndecor:blockstates/tungsten_dot_bolt.json' missing model for variant: 'dndecor:tungsten_dot_bolt#facing=west,rotation=90'
[14May2026 16:35:46.366] [Worker-ResourceReload-17/WARN] [net.minecraft.client.resources.model.BlockStateModelLoader/]: Exception loading blockstate definition: 'dndecor:blockstates/tungsten_dot_bolt.json' missing model for variant: 'dndecor:tungsten_dot_bolt#facing=east,rotation=135'
[14May2026 16:35:46.366] [Worker-ResourceReload-17/WARN] [net.minecraft.client.resources.model.BlockStateModelLoader/]: Exception loading blockstate definition: 'dndecor:blockstates/tungsten_dot_bolt.json' missing model for variant: 'dndecor:tungsten_dot_bolt#facing=north,rotation=0'
[14May2026 16:35:46.366] [Worker-ResourceReload-17/WARN] [net.minecraft.client.resources.model.BlockStateModelLoader/]: Exception loading blockstate definition: 'dndecor:blockstates/tungsten_dot_bolt.json' missing model for variant: 'dndecor:tungsten_dot_bolt#facing=west,rotation=270'
[14May2026 16:35:46.366] [Worker-ResourceReload-17/WARN] [net.minecraft.client.resources.model.BlockStateModelLoader/]: Exception loading blockstate definition: 'dndecor:blockstates/tungsten_dot_bolt.json' missing model for variant: 'dndecor:tungsten_dot_bolt#facing=down,rotation=180'
[14May2026 16:35:46.366] [Worker-ResourceReload-17/WARN] [net.minecraft.client.resources.model.BlockStateModelLoader/]: Exception loading blockstate definition: 'dndecor:blockstates/tungsten_dot_bolt.json' missing model for variant: 'dndecor:tungsten_dot_bolt#facing=east,rotation=270'
[14May2026 16:35:46.366] [Worker-ResourceReload-17/WARN] [net.minecraft.client.resources.model.BlockStateModelLoader/]: Exception loading blockstate definition: 'dndecor:blockstates/tungsten_dot_bolt.json' missing model for variant: 'dndecor:tungsten_dot_bolt#facing=south,rotation=135'
[14May2026 16:35:46.366] [Worker-ResourceReload-17/WARN] [net.minecraft.client.resources.model.BlockStateModelLoader/]: Exception loading blockstate definition: 'dndecor:blockstates/tungsten_dot_bolt.json' missing model for variant: 'dndecor:tungsten_dot_bolt#facing=west,rotation=225'
[14May2026 16:35:46.366] [Worker-ResourceReload-17/WARN] [net.minecraft.client.resources.model.BlockStateModelLoader/]: Exception loading blockstate definition: 'dndecor:blockstates/tungsten_dot_bolt.json' missing model for variant: 'dndecor:tungsten_dot_bolt#facing=down,rotation=0'
[14May2026 16:35:46.366] [Worker-ResourceReload-17/WARN] [net.minecraft.client.resources.model.BlockStateModelLoader/]: Exception loading blockstate definition: 'dndecor:blockstates/tungsten_dot_bolt.json' missing model for variant: 'dndecor:tungsten_dot_bolt#facing=south,rotation=315'
[14May2026 16:35:46.366] [Worker-ResourceReload-17/WARN] [net.minecraft.client.resources.model.BlockStateModelLoader/]: Exception loading blockstate definition: 'dndecor:blockstates/tungsten_dot_bolt.json' missing model for variant: 'dndecor:tungsten_dot_bolt#facing=down,rotation=45'
[14May2026 16:35:46.366] [Worker-ResourceReload-17/WARN] [net.minecraft.client.resources.model.BlockStateModelLoader/]: Exception loading blockstate definition: 'dndecor:blockstates/tungsten_dot_bolt.json' missing model for variant: 'dndecor:tungsten_dot_bolt#facing=south,rotation=45'
[14May2026 16:35:46.366] [Worker-ResourceReload-17/WARN] [net.minecraft.client.resources.model.BlockStateModelLoader/]: Exception loading blockstate definition: 'dndecor:blockstates/tungsten_dot_bolt.json' missing model for variant: 'dndecor:tungsten_dot_bolt#facing=up,rotation=180'
[14May2026 16:35:46.366] [Worker-ResourceReload-17/WARN] [net.minecraft.client.resources.model.BlockStateModelLoader/]: Exception loading blockstate definition: 'dndecor:blockstates/tungsten_dot_bolt.json' missing model for variant: 'dndecor:tungsten_dot_bolt#facing=up,rotation=45'
[14May2026 16:35:46.366] [Worker-ResourceReload-17/WARN] [net.minecraft.client.resources.model.BlockStateModelLoader/]: Exception loading blockstate definition: 'dndecor:blockstates/tungsten_dot_bolt.json' missing model for variant: 'dndecor:tungsten_dot_bolt#facing=north,rotation=135'
[14May2026 16:35:46.366] [Worker-ResourceReload-17/WARN] [net.minecraft.client.resources.model.BlockStateModelLoader/]: Exception loading blockstate definition: 'dndecor:blockstates/tungsten_dot_bolt.json' missing model for variant: 'dndecor:tungsten_dot_bolt#facing=south,rotation=270'
[14May2026 16:35:46.366] [Worker-ResourceReload-17/WARN] [net.minecraft.client.resources.model.BlockStateModelLoader/]: Exception loading blockstate definition: 'dndecor:blockstates/tungsten_dot_bolt.json' missing model for variant: 'dndecor:tungsten_dot_bolt#facing=down,rotation=225'
[14May2026 16:35:46.366] [Worker-ResourceReload-17/WARN] [net.minecraft.client.resources.model.BlockStateModelLoader/]: Exception loading blockstate definition: 'dndecor:blockstates/tungsten_dot_bolt.json' missing model for variant: 'dndecor:tungsten_dot_bolt#facing=north,rotation=315'
[14May2026 16:35:46.366] [Worker-ResourceReload-17/WARN] [net.minecraft.client.resources.model.BlockStateModelLoader/]: Exception loading blockstate definition: 'dndecor:blockstates/tungsten_dot_bolt.json' missing model for variant: 'dndecor:tungsten_dot_bolt#facing=up,rotation=315'
[14May2026 16:35:46.366] [Worker-ResourceReload-17/WARN] [net.minecraft.client.resources.model.BlockStateModelLoader/]: Exception loading blockstate definition: 'dndecor:blockstates/tungsten_dot_bolt.json' missing model for variant: 'dndecor:tungsten_dot_bolt#facing=down,rotation=270'
[14May2026 16:35:46.366] [Worker-ResourceReload-17/WARN] [net.minecraft.client.resources.model.BlockStateModelLoader/]: Exception loading blockstate definition: 'dndecor:blockstates/tungsten_dot_bolt.json' missing model for variant: 'dndecor:tungsten_dot_bolt#facing=north,rotation=180'
[14May2026 16:35:46.366] [Worker-ResourceReload-17/WARN] [net.minecraft.client.resources.model.BlockStateModelLoader/]: Exception loading blockstate definition: 'dndecor:blockstates/tungsten_dot_bolt.json' missing model for variant: 'dndecor:tungsten_dot_bolt#facing=east,rotation=0'
[14May2026 16:35:46.366] [Worker-ResourceReload-17/WARN] [net.minecraft.client.resources.model.BlockStateModelLoader/]: Exception loading blockstate definition: 'dndecor:blockstates/tungsten_dot_bolt.json' missing model for variant: 'dndecor:tungsten_dot_bolt#facing=east,rotation=225'
[14May2026 16:35:46.366] [Worker-ResourceReload-17/WARN] [net.minecraft.client.resources.model.BlockStateModelLoader/]: Exception loading blockstate definition: 'dndecor:blockstates/tungsten_dot_bolt.json' missing model for variant: 'dndecor:tungsten_dot_bolt#facing=north,rotation=45'
[14May2026 16:35:46.366] [Worker-ResourceReload-17/WARN] [net.minecraft.client.resources.model.BlockStateModelLoader/]: Exception loading blockstate definition: 'dndecor:blockstates/tungsten_dot_bolt.json' missing model for variant: 'dndecor:tungsten_dot_bolt#facing=east,rotation=45'
[14May2026 16:35:46.366] [Worker-ResourceReload-17/WARN] [net.minecraft.client.resources.model.BlockStateModelLoader/]: Exception loading blockstate definition: 'dndecor:blockstates/tungsten_dot_bolt.json' missing model for variant: 'dndecor:tungsten_dot_bolt#facing=south,rotation=90'
[14May2026 16:35:46.366] [Worker-ResourceReload-17/WARN] [net.minecraft.client.resources.model.BlockStateModelLoader/]: Exception loading blockstate definition: 'dndecor:blockstates/tungsten_dot_bolt.json' missing model for variant: 'dndecor:tungsten_dot_bolt#facing=up,rotation=135'
[14May2026 16:35:46.366] [Worker-ResourceReload-17/WARN] [net.minecraft.client.resources.model.BlockStateModelLoader/]: Exception loading blockstate definition: 'dndecor:blockstates/tungsten_dot_bolt.json' missing model for variant: 'dndecor:tungsten_dot_bolt#facing=west,rotation=45'
[14May2026 16:35:46.366] [Worker-ResourceReload-17/WARN] [net.minecraft.client.resources.model.BlockStateModelLoader/]: Exception loading blockstate definition: 'dndecor:blockstates/tungsten_dot_bolt.json' missing model for variant: 'dndecor:tungsten_dot_bolt#facing=west,rotation=180'
[14May2026 16:35:46.366] [Worker-ResourceReload-17/WARN] [net.minecraft.client.resources.model.BlockStateModelLoader/]: Exception loading blockstate definition: 'dndecor:blockstates/tungsten_dot_bolt.json' missing model for variant: 'dndecor:tungsten_dot_bolt#facing=west,rotation=315'
[14May2026 16:35:46.366] [Worker-ResourceReload-17/WARN] [net.minecraft.client.resources.model.BlockStateModelLoader/]: Exception loading blockstate definition: 'dndecor:blockstates/tungsten_dot_bolt.json' missing model for variant: 'dndecor:tungsten_dot_bolt#facing=south,rotation=225'
[14May2026 16:35:46.366] [Worker-ResourceReload-17/WARN] [net.minecraft.client.resources.model.BlockStateModelLoader/]: Exception loading blockstate definition: 'dndecor:blockstates/tungsten_dot_bolt.json' missing model for variant: 'dndecor:tungsten_dot_bolt#facing=west,rotation=135'
[14May2026 16:35:46.366] [Worker-ResourceReload-17/WARN] [net.minecraft.client.resources.model.BlockStateModelLoader/]: Exception loading blockstate definition: 'dndecor:blockstates/tungsten_dot_bolt.json' missing model for variant: 'dndecor:tungsten_dot_bolt#facing=up,rotation=270'
[14May2026 16:35:46.366] [Worker-ResourceReload-17/WARN] [net.minecraft.client.resources.model.BlockStateModelLoader/]: Exception loading blockstate definition: 'dndecor:blockstates/tungsten_dot_bolt.json' missing model for variant: 'dndecor:tungsten_dot_bolt#facing=east,rotation=180'
[14May2026 16:35:46.366] [Worker-ResourceReload-17/WARN] [net.minecraft.client.resources.model.BlockStateModelLoader/]: Exception loading blockstate definition: 'dndecor:blockstates/tungsten_dot_bolt.json' missing model for variant: 'dndecor:tungsten_dot_bolt#facing=south,rotation=180'
[14May2026 16:35:46.366] [Worker-ResourceReload-17/WARN] [net.minecraft.client.resources.model.BlockStateModelLoader/]: Exception loading blockstate definition: 'dndecor:blockstates/tungsten_dot_bolt.json' missing model for variant: 'dndecor:tungsten_dot_bolt#facing=up,rotation=0'
[14May2026 16:35:46.366] [Worker-ResourceReload-17/WARN] [net.minecraft.client.resources.model.BlockStateModelLoader/]: Exception loading blockstate definition: 'dndecor:blockstates/tungsten_dot_bolt.json' missing model for variant: 'dndecor:tungsten_dot_bolt#facing=down,rotation=135'
[14May2026 16:35:46.366] [Worker-ResourceReload-17/WARN] [net.minecraft.client.resources.model.BlockStateModelLoader/]: Exception loading blockstate definition: 'dndecor:blockstates/tungsten_dot_bolt.json' missing model for variant: 'dndecor:tungsten_dot_bolt#facing=east,rotation=90'
[14May2026 16:35:46.366] [Worker-ResourceReload-17/WARN] [net.minecraft.client.resources.model.BlockStateModelLoader/]: Exception loading blockstate definition: 'dndecor:blockstates/tungsten_dot_bolt.json' missing model for variant: 'dndecor:tungsten_dot_bolt#facing=west,rotation=0'
[14May2026 16:35:46.366] [Worker-ResourceReload-17/WARN] [net.minecraft.client.resources.model.BlockStateModelLoader/]: Exception loading blockstate definition: 'dndecor:blockstates/tungsten_dot_bolt.json' missing model for variant: 'dndecor:tungsten_dot_bolt#facing=down,rotation=90'
[14May2026 16:35:46.366] [Worker-ResourceReload-17/WARN] [net.minecraft.client.resources.model.BlockStateModelLoader/]: Exception loading blockstate definition: 'dndecor:blockstates/tungsten_dot_bolt.json' missing model for variant: 'dndecor:tungsten_dot_bolt#facing=down,rotation=315'
[14May2026 16:35:46.366] [Worker-ResourceReload-17/WARN] [net.minecraft.client.resources.model.BlockStateModelLoader/]: Exception loading blockstate definition: 'dndecor:blockstates/tungsten_dot_bolt.json' missing model for variant: 'dndecor:tungsten_dot_bolt#facing=north,rotation=225'
[14May2026 16:35:46.366] [Worker-ResourceReload-17/WARN] [net.minecraft.client.resources.model.BlockStateModelLoader/]: Exception loading blockstate definition: 'dndecor:blockstates/tungsten_flat_bolt.json' missing model for variant: 'dndecor:tungsten_flat_bolt#facing=west,rotation=0'
[14May2026 16:35:46.366] [Worker-ResourceReload-17/WARN] [net.minecraft.client.resources.model.BlockStateModelLoader/]: Exception loading blockstate definition: 'dndecor:blockstates/tungsten_flat_bolt.json' missing model for variant: 'dndecor:tungsten_flat_bolt#facing=west,rotation=270'
[14May2026 16:35:46.366] [Worker-ResourceReload-17/WARN] [net.minecraft.client.resources.model.BlockStateModelLoader/]: Exception loading blockstate definition: 'dndecor:blockstates/tungsten_flat_bolt.json' missing model for variant: 'dndecor:tungsten_flat_bolt#facing=south,rotation=180'
[14May2026 16:35:46.366] [Worker-ResourceReload-17/WARN] [net.minecraft.client.resources.model.BlockStateModelLoader/]: Exception loading blockstate definition: 'dndecor:blockstates/tungsten_flat_bolt.json' missing model for variant: 'dndecor:tungsten_flat_bolt#facing=north,rotation=270'
[14May2026 16:35:46.366] [Worker-ResourceReload-17/WARN] [net.minecraft.client.resources.model.BlockStateModelLoader/]: Exception loading blockstate definition: 'dndecor:blockstates/tungsten_flat_bolt.json' missing model for variant: 'dndecor:tungsten_flat_bolt#facing=north,rotation=315'
[14May2026 16:35:46.366] [Worker-ResourceReload-17/WARN] [net.minecraft.client.resources.model.BlockStateModelLoader/]: Exception loading blockstate definition: 'dndecor:blockstates/tungsten_flat_bolt.json' missing model for variant: 'dndecor:tungsten_flat_bolt#facing=west,rotation=90'
[14May2026 16:35:46.366] [Worker-ResourceReload-17/WARN] [net.minecraft.client.resources.model.BlockStateModelLoader/]: Exception loading blockstate definition: 'dndecor:blockstates/tungsten_flat_bolt.json' missing model for variant: 'dndecor:tungsten_flat_bolt#facing=west,rotation=135'
[14May2026 16:35:46.366] [Worker-ResourceReload-17/WARN] [net.minecraft.client.resources.model.BlockStateModelLoader/]: Exception loading blockstate definition: 'dndecor:blockstates/tungsten_flat_bolt.json' missing model for variant: 'dndecor:tungsten_flat_bolt#facing=up,rotation=90'
[14May2026 16:35:46.366] [Worker-ResourceReload-17/WARN] [net.minecraft.client.resources.model.BlockStateModelLoader/]: Exception loading blockstate definition: 'dndecor:blockstates/tungsten_flat_bolt.json' missing model for variant: 'dndecor:tungsten_flat_bolt#facing=down,rotation=90'
[14May2026 16:35:46.366] [Worker-ResourceReload-17/WARN] [net.minecraft.client.resources.model.BlockStateModelLoader/]: Exception loading blockstate definition: 'dndecor:blockstates/tungsten_flat_bolt.json' missing model for variant: 'dndecor:tungsten_flat_bolt#facing=down,rotation=225'
[14May2026 16:35:46.366] [Worker-ResourceReload-17/WARN] [net.minecraft.client.resources.model.BlockStateModelLoader/]: Exception loading blockstate definition: 'dndecor:blockstates/tungsten_flat_bolt.json' missing model for variant: 'dndecor:tungsten_flat_bolt#facing=north,rotation=90'
[14May2026 16:35:46.366] [Worker-ResourceReload-17/WARN] [net.minecraft.client.resources.model.BlockStateModelLoader/]: Exception loading blockstate definition: 'dndecor:blockstates/tungsten_flat_bolt.json' missing model for variant: 'dndecor:tungsten_flat_bolt#facing=north,rotation=135'
[14May2026 16:35:46.366] [Worker-ResourceReload-17/WARN] [net.minecraft.client.resources.model.BlockStateModelLoader/]: Exception loading blockstate definition: 'dndecor:blockstates/tungsten_flat_bolt.json' missing model for variant: 'dndecor:tungsten_flat_bolt#facing=west,rotation=315'
[14May2026 16:35:46.366] [Worker-ResourceReload-17/WARN] [net.minecraft.client.resources.model.BlockStateModelLoader/]: Exception loading blockstate definition: 'dndecor:blockstates/tungsten_flat_bolt.json' missing model for variant: 'dndecor:tungsten_flat_bolt#facing=up,rotation=270'
[14May2026 16:35:46.366] [Worker-ResourceReload-17/WARN] [net.minecraft.client.resources.model.BlockStateModelLoader/]: Exception loading blockstate definition: 'dndecor:blockstates/tungsten_flat_bolt.json' missing model for variant: 'dndecor:tungsten_flat_bolt#facing=east,rotation=90'
[14May2026 16:35:46.366] [Worker-ResourceReload-17/WARN] [net.minecraft.client.resources.model.BlockStateModelLoader/]: Exception loading blockstate definition: 'dndecor:blockstates/tungsten_flat_bolt.json' missing model for variant: 'dndecor:tungsten_flat_bolt#facing=east,rotation=225'
[14May2026 16:35:46.366] [Worker-ResourceReload-17/WARN] [net.minecraft.client.resources.model.BlockStateModelLoader/]: Exception loading blockstate definition: 'dndecor:blockstates/tungsten_flat_bolt.json' missing model for variant: 'dndecor:tungsten_flat_bolt#facing=south,rotation=45'
[14May2026 16:35:46.366] [Worker-ResourceReload-17/WARN] [net.minecraft.client.resources.model.BlockStateModelLoader/]: Exception loading blockstate definition: 'dndecor:blockstates/tungsten_flat_bolt.json' missing model for variant: 'dndecor:tungsten_flat_bolt#facing=south,rotation=225'
[14May2026 16:35:46.366] [Worker-ResourceReload-17/WARN] [net.minecraft.client.resources.model.BlockStateModelLoader/]: Exception loading blockstate definition: 'dndecor:blockstates/tungsten_flat_bolt.json' missing model for variant: 'dndecor:tungsten_flat_bolt#facing=up,rotation=135'
[14May2026 16:35:46.366] [Worker-ResourceReload-17/WARN] [net.minecraft.client.resources.model.BlockStateModelLoader/]: Exception loading blockstate definition: 'dndecor:blockstates/tungsten_flat_bolt.json' missing model for variant: 'dndecor:tungsten_flat_bolt#facing=east,rotation=0'
[14May2026 16:35:46.366] [Worker-ResourceReload-17/WARN] [net.minecraft.client.resources.model.BlockStateModelLoader/]: Exception loading blockstate definition: 'dndecor:blockstates/tungsten_flat_bolt.json' missing model for variant: 'dndecor:tungsten_flat_bolt#facing=east,rotation=180'
[14May2026 16:35:46.366] [Worker-ResourceReload-17/WARN] [net.minecraft.client.resources.model.BlockStateModelLoader/]: Exception loading blockstate definition: 'dndecor:blockstates/tungsten_flat_bolt.json' missing model for variant: 'dndecor:tungsten_flat_bolt#facing=south,rotation=0'
[14May2026 16:35:46.366] [Worker-ResourceReload-17/WARN] [net.minecraft.client.resources.model.BlockStateModelLoader/]: Exception loading blockstate definition: 'dndecor:blockstates/tungsten_flat_bolt.json' missing model for variant: 'dndecor:tungsten_flat_bolt#facing=west,rotation=45'
[14May2026 16:35:46.366] [Worker-ResourceReload-17/WARN] [net.minecraft.client.resources.model.BlockStateModelLoader/]: Exception loading blockstate definition: 'dndecor:blockstates/tungsten_flat_bolt.json' missing model for variant: 'dndecor:tungsten_flat_bolt#facing=west,rotation=180'
[14May2026 16:35:46.366] [Worker-ResourceReload-17/WARN] [net.minecraft.client.resources.model.BlockStateModelLoader/]: Exception loading blockstate definition: 'dndecor:blockstates/tungsten_flat_bolt.json' missing model for variant: 'dndecor:tungsten_flat_bolt#facing=down,rotation=180'
[14May2026 16:35:46.366] [Worker-ResourceReload-17/WARN] [net.minecraft.client.resources.model.BlockStateModelLoader/]: Exception loading blockstate definition: 'dndecor:blockstates/tungsten_flat_bolt.json' missing model for variant: 'dndecor:tungsten_flat_bolt#facing=south,rotation=90'
[14May2026 16:35:46.366] [Worker-ResourceReload-17/WARN] [net.minecraft.client.resources.model.BlockStateModelLoader/]: Exception loading blockstate definition: 'dndecor:blockstates/tungsten_flat_bolt.json' missing model for variant: 'dndecor:tungsten_flat_bolt#facing=up,rotation=315'
[14May2026 16:35:46.366] [Worker-ResourceReload-17/WARN] [net.minecraft.client.resources.model.BlockStateModelLoader/]: Exception loading blockstate definition: 'dndecor:blockstates/tungsten_flat_bolt.json' missing model for variant: 'dndecor:tungsten_flat_bolt#facing=down,rotation=135'
[14May2026 16:35:46.366] [Worker-ResourceReload-17/WARN] [net.minecraft.client.resources.model.BlockStateModelLoader/]: Exception loading blockstate definition: 'dndecor:blockstates/tungsten_flat_bolt.json' missing model for variant: 'dndecor:tungsten_flat_bolt#facing=up,rotation=45'
[14May2026 16:35:46.366] [Worker-ResourceReload-17/WARN] [net.minecraft.client.resources.model.BlockStateModelLoader/]: Exception loading blockstate definition: 'dndecor:blockstates/tungsten_flat_bolt.json' missing model for variant: 'dndecor:tungsten_flat_bolt#facing=down,rotation=315'
[14May2026 16:35:46.366] [Worker-ResourceReload-17/WARN] [net.minecraft.client.resources.model.BlockStateModelLoader/]: Exception loading blockstate definition: 'dndecor:blockstates/tungsten_flat_bolt.json' missing model for variant: 'dndecor:tungsten_flat_bolt#facing=west,rotation=225'
[14May2026 16:35:46.366] [Worker-ResourceReload-17/WARN] [net.minecraft.client.resources.model.BlockStateModelLoader/]: Exception loading blockstate definition: 'dndecor:blockstates/tungsten_flat_bolt.json' missing model for variant: 'dndecor:tungsten_flat_bolt#facing=south,rotation=270'
[14May2026 16:35:46.366] [Worker-ResourceReload-17/WARN] [net.minecraft.client.resources.model.BlockStateModelLoader/]: Exception loading blockstate definition: 'dndecor:blockstates/tungsten_flat_bolt.json' missing model for variant: 'dndecor:tungsten_flat_bolt#facing=up,rotation=0'
[14May2026 16:35:46.366] [Worker-ResourceReload-17/WARN] [net.minecraft.client.resources.model.BlockStateModelLoader/]: Exception loading blockstate definition: 'dndecor:blockstates/tungsten_flat_bolt.json' missing model for variant: 'dndecor:tungsten_flat_bolt#facing=north,rotation=225'
[14May2026 16:35:46.366] [Worker-ResourceReload-17/WARN] [net.minecraft.client.resources.model.BlockStateModelLoader/]: Exception loading blockstate definition: 'dndecor:blockstates/tungsten_flat_bolt.json' missing model for variant: 'dndecor:tungsten_flat_bolt#facing=south,rotation=315'
[14May2026 16:35:46.366] [Worker-ResourceReload-17/WARN] [net.minecraft.client.resources.model.BlockStateModelLoader/]: Exception loading blockstate definition: 'dndecor:blockstates/tungsten_flat_bolt.json' missing model for variant: 'dndecor:tungsten_flat_bolt#facing=north,rotation=0'
[14May2026 16:35:46.366] [Worker-ResourceReload-17/WARN] [net.minecraft.client.resources.model.BlockStateModelLoader/]: Exception loading blockstate definition: 'dndecor:blockstates/tungsten_flat_bolt.json' missing model for variant: 'dndecor:tungsten_flat_bolt#facing=east,rotation=135'
[14May2026 16:35:46.366] [Worker-ResourceReload-17/WARN] [net.minecraft.client.resources.model.BlockStateModelLoader/]: Exception loading blockstate definition: 'dndecor:blockstates/tungsten_flat_bolt.json' missing model for variant: 'dndecor:tungsten_flat_bolt#facing=south,rotation=135'
[14May2026 16:35:46.366] [Worker-ResourceReload-17/WARN] [net.minecraft.client.resources.model.BlockStateModelLoader/]: Exception loading blockstate definition: 'dndecor:blockstates/tungsten_flat_bolt.json' missing model for variant: 'dndecor:tungsten_flat_bolt#facing=up,rotation=180'
[14May2026 16:35:46.366] [Worker-ResourceReload-17/WARN] [net.minecraft.client.resources.model.BlockStateModelLoader/]: Exception loading blockstate definition: 'dndecor:blockstates/tungsten_flat_bolt.json' missing model for variant: 'dndecor:tungsten_flat_bolt#facing=east,rotation=315'
[14May2026 16:35:46.366] [Worker-ResourceReload-17/WARN] [net.minecraft.client.resources.model.BlockStateModelLoader/]: Exception loading blockstate definition: 'dndecor:blockstates/tungsten_flat_bolt.json' missing model for variant: 'dndecor:tungsten_flat_bolt#facing=down,rotation=45'
[14May2026 16:35:46.366] [Worker-ResourceReload-17/WARN] [net.minecraft.client.resources.model.BlockStateModelLoader/]: Exception loading blockstate definition: 'dndecor:blockstates/tungsten_flat_bolt.json' missing model for variant: 'dndecor:tungsten_flat_bolt#facing=north,rotation=45'
[14May2026 16:35:46.366] [Worker-ResourceReload-17/WARN] [net.minecraft.client.resources.model.BlockStateModelLoader/]: Exception loading blockstate definition: 'dndecor:blockstates/tungsten_flat_bolt.json' missing model for variant: 'dndecor:tungsten_flat_bolt#facing=north,rotation=180'
[14May2026 16:35:46.366] [Worker-ResourceReload-17/WARN] [net.minecraft.client.resources.model.BlockStateModelLoader/]: Exception loading blockstate definition: 'dndecor:blockstates/tungsten_flat_bolt.json' missing model for variant: 'dndecor:tungsten_flat_bolt#facing=up,rotation=225'
[14May2026 16:35:46.366] [Worker-ResourceReload-17/WARN] [net.minecraft.client.resources.model.BlockStateModelLoader/]: Exception loading blockstate definition: 'dndecor:blockstates/tungsten_flat_bolt.json' missing model for variant: 'dndecor:tungsten_flat_bolt#facing=down,rotation=0'
[14May2026 16:35:46.366] [Worker-ResourceReload-17/WARN] [net.minecraft.client.resources.model.BlockStateModelLoader/]: Exception loading blockstate definition: 'dndecor:blockstates/tungsten_flat_bolt.json' missing model for variant: 'dndecor:tungsten_flat_bolt#facing=east,rotation=270'
[14May2026 16:35:46.366] [Worker-ResourceReload-17/WARN] [net.minecraft.client.resources.model.BlockStateModelLoader/]: Exception loading blockstate definition: 'dndecor:blockstates/tungsten_flat_bolt.json' missing model for variant: 'dndecor:tungsten_flat_bolt#facing=down,rotation=270'
[14May2026 16:35:46.366] [Worker-ResourceReload-17/WARN] [net.minecraft.client.resources.model.BlockStateModelLoader/]: Exception loading blockstate definition: 'dndecor:blockstates/tungsten_flat_bolt.json' missing model for variant: 'dndecor:tungsten_flat_bolt#facing=east,rotation=45'
[14May2026 16:35:46.366] [Worker-ResourceReload-17/WARN] [net.minecraft.client.resources.model.BlockStateModelLoader/]: Exception loading blockstate definition: 'dndecor:blockstates/steel_cross_bolt.json' missing model for variant: 'dndecor:steel_cross_bolt#facing=south,rotation=225'
[14May2026 16:35:46.366] [Worker-ResourceReload-17/WARN] [net.minecraft.client.resources.model.BlockStateModelLoader/]: Exception loading blockstate definition: 'dndecor:blockstates/steel_cross_bolt.json' missing model for variant: 'dndecor:steel_cross_bolt#facing=up,rotation=270'
[14May2026 16:35:46.366] [Worker-ResourceReload-17/WARN] [net.minecraft.client.resources.model.BlockStateModelLoader/]: Exception loading blockstate definition: 'dndecor:blockstates/steel_cross_bolt.json' missing model for variant: 'dndecor:steel_cross_bolt#facing=east,rotation=180'
[14May2026 16:35:46.366] [Worker-ResourceReload-17/WARN] [net.minecraft.client.resources.model.BlockStateModelLoader/]: Exception loading blockstate definition: 'dndecor:blockstates/steel_cross_bolt.json' missing model for variant: 'dndecor:steel_cross_bolt#facing=south,rotation=45'
[14May2026 16:35:46.366] [Worker-ResourceReload-17/WARN] [net.minecraft.client.resources.model.BlockStateModelLoader/]: Exception loading blockstate definition: 'dndecor:blockstates/steel_cross_bolt.json' missing model for variant: 'dndecor:steel_cross_bolt#facing=down,rotation=90'
[14May2026 16:35:46.366] [Worker-ResourceReload-17/WARN] [net.minecraft.client.resources.model.BlockStateModelLoader/]: Exception loading blockstate definition: 'dndecor:blockstates/steel_cross_bolt.json' missing model for variant: 'dndecor:steel_cross_bolt#facing=north,rotation=315'
[14May2026 16:35:46.366] [Worker-ResourceReload-17/WARN] [net.minecraft.client.resources.model.BlockStateModelLoader/]: Exception loading blockstate definition: 'dndecor:blockstates/steel_cross_bolt.json' missing model for variant: 'dndecor:steel_cross_bolt#facing=west,rotation=135'
[14May2026 16:35:46.366] [Worker-ResourceReload-17/WARN] [net.minecraft.client.resources.model.BlockStateModelLoader/]: Exception loading blockstate definition: 'dndecor:blockstates/steel_cross_bolt.json' missing model for variant: 'dndecor:steel_cross_bolt#facing=down,rotation=225'
[14May2026 16:35:46.366] [Worker-ResourceReload-17/WARN] [net.minecraft.client.resources.model.BlockStateModelLoader/]: Exception loading blockstate definition: 'dndecor:blockstates/steel_cross_bolt.json' missing model for variant: 'dndecor:steel_cross_bolt#facing=north,rotation=135'
[14May2026 16:35:46.366] [Worker-ResourceReload-17/WARN] [net.minecraft.client.resources.model.BlockStateModelLoader/]: Exception loading blockstate definition: 'dndecor:blockstates/steel_cross_bolt.json' missing model for variant: 'dndecor:steel_cross_bolt#facing=west,rotation=315'
[14May2026 16:35:46.366] [Worker-ResourceReload-17/WARN] [net.minecraft.client.resources.model.BlockStateModelLoader/]: Exception loading blockstate definition: 'dndecor:blockstates/steel_cross_bolt.json' missing model for variant: 'dndecor:steel_cross_bolt#facing=north,rotation=270'
[14May2026 16:35:46.366] [Worker-ResourceReload-17/WARN] [net.minecraft.client.resources.model.BlockStateModelLoader/]: Exception loading blockstate definition: 'dndecor:blockstates/steel_cross_bolt.json' missing model for variant: 'dndecor:steel_cross_bolt#facing=up,rotation=315'
[14May2026 16:35:46.366] [Worker-ResourceReload-17/WARN] [net.minecraft.client.resources.model.BlockStateModelLoader/]: Exception loading blockstate definition: 'dndecor:blockstates/steel_cross_bolt.json' missing model for variant: 'dndecor:steel_cross_bolt#facing=south,rotation=0'
[14May2026 16:35:46.366] [Worker-ResourceReload-17/WARN] [net.minecraft.client.resources.model.BlockStateModelLoader/]: Exception loading blockstate definition: 'dndecor:blockstates/steel_cross_bolt.json' missing model for variant: 'dndecor:steel_cross_bolt#facing=east,rotation=0'
[14May2026 16:35:46.366] [Worker-ResourceReload-17/WARN] [net.minecraft.client.resources.model.BlockStateModelLoader/]: Exception loading blockstate definition: 'dndecor:blockstates/steel_cross_bolt.json' missing model for variant: 'dndecor:steel_cross_bolt#facing=up,rotation=135'
[14May2026 16:35:46.366] [Worker-ResourceReload-17/WARN] [net.minecraft.client.resources.model.BlockStateModelLoader/]: Exception loading blockstate definition: 'dndecor:blockstates/steel_cross_bolt.json' missing model for variant: 'dndecor:steel_cross_bolt#facing=east,rotation=225'
[14May2026 16:35:46.366] [Worker-ResourceReload-17/WARN] [net.minecraft.client.resources.model.BlockStateModelLoader/]: Exception loading blockstate definition: 'dndecor:blockstates/steel_cross_bolt.json' missing model for variant: 'dndecor:steel_cross_bolt#facing=west,rotation=45'
[14May2026 16:35:46.366] [Worker-ResourceReload-17/WARN] [net.minecraft.client.resources.model.BlockStateModelLoader/]: Exception loading blockstate definition: 'dndecor:blockstates/steel_cross_bolt.json' missing model for variant: 'dndecor:steel_cross_bolt#facing=west,rotation=180'
[14May2026 16:35:46.366] [Worker-ResourceReload-17/WARN] [net.minecraft.client.resources.model.BlockStateModelLoader/]: Exception loading blockstate definition: 'dndecor:blockstates/steel_cross_bolt.json' missing model for variant: 'dndecor:steel_cross_bolt#facing=down,rotation=180'
[14May2026 16:35:46.366] [Worker-ResourceReload-17/WARN] [net.minecraft.client.resources.model.BlockStateModelLoader/]: Exception loading blockstate definition: 'dndecor:blockstates/steel_cross_bolt.json' missing model for variant: 'dndecor:steel_cross_bolt#facing=south,rotation=135'
[14May2026 16:35:46.366] [Worker-ResourceReload-17/WARN] [net.minecraft.client.resources.model.BlockStateModelLoader/]: Exception loading blockstate definition: 'dndecor:blockstates/steel_cross_bolt.json' missing model for variant: 'dndecor:steel_cross_bolt#facing=east,rotation=270'
[14May2026 16:35:46.366] [Worker-ResourceReload-17/WARN] [net.minecraft.client.resources.model.BlockStateModelLoader/]: Exception loading blockstate definition: 'dndecor:blockstates/steel_cross_bolt.json' missing model for variant: 'dndecor:steel_cross_bolt#facing=north,rotation=0'
[14May2026 16:35:46.366] [Worker-ResourceReload-17/WARN] [net.minecraft.client.resources.model.BlockStateModelLoader/]: Exception loading blockstate definition: 'dndecor:blockstates/steel_cross_bolt.json' missing model for variant: 'dndecor:steel_cross_bolt#facing=south,rotation=315'
[14May2026 16:35:46.366] [Worker-ResourceReload-17/WARN] [net.minecraft.client.resources.model.BlockStateModelLoader/]: Exception loading blockstate definition: 'dndecor:blockstates/steel_cross_bolt.json' missing model for variant: 'dndecor:steel_cross_bolt#facing=down,rotation=45'
[14May2026 16:35:46.366] [Worker-ResourceReload-17/WARN] [net.minecraft.client.resources.model.BlockStateModelLoader/]: Exception loading blockstate definition: 'dndecor:blockstates/steel_cross_bolt.json' missing model for variant: 'dndecor:steel_cross_bolt#facing=up,rotation=180'
[14May2026 16:35:46.366] [Worker-ResourceReload-17/WARN] [net.minecraft.client.resources.model.BlockStateModelLoader/]: Exception loading blockstate definition: 'dndecor:blockstates/steel_cross_bolt.json' missing model for variant: 'dndecor:steel_cross_bolt#facing=west,rotation=90'
[14May2026 16:35:46.366] [Worker-ResourceReload-17/WARN] [net.minecraft.client.resources.model.BlockStateModelLoader/]: Exception loading blockstate definition: 'dndecor:blockstates/steel_cross_bolt.json' missing model for variant: 'dndecor:steel_cross_bolt#facing=down,rotation=315'
[14May2026 16:35:46.366] [Worker-ResourceReload-17/WARN] [net.minecraft.client.resources.model.BlockStateModelLoader/]: Exception loading blockstate definition: 'dndecor:blockstates/steel_cross_bolt.json' missing model for variant: 'dndecor:steel_cross_bolt#facing=east,rotation=90'
[14May2026 16:35:46.366] [Worker-ResourceReload-17/WARN] [net.minecraft.client.resources.model.BlockStateModelLoader/]: Exception loading blockstate definition: 'dndecor:blockstates/steel_cross_bolt.json' missing model for variant: 'dndecor:steel_cross_bolt#facing=south,rotation=270'
[14May2026 16:35:46.366] [Worker-ResourceReload-17/WARN] [net.minecraft.client.resources.model.BlockStateModelLoader/]: Exception loading blockstate definition: 'dndecor:blockstates/steel_cross_bolt.json' missing model for variant: 'dndecor:steel_cross_bolt#facing=up,rotation=90'
[14May2026 16:35:46.366] [Worker-ResourceReload-17/WARN] [net.minecraft.client.resources.model.BlockStateModelLoader/]: Exception loading blockstate definition: 'dndecor:blockstates/steel_cross_bolt.json' missing model for variant: 'dndecor:steel_cross_bolt#facing=west,rotation=225'
[14May2026 16:35:46.366] [Worker-ResourceReload-17/WARN] [net.minecraft.client.resources.model.BlockStateModelLoader/]: Exception loading blockstate definition: 'dndecor:blockstates/steel_cross_bolt.json' missing model for variant: 'dndecor:steel_cross_bolt#facing=up,rotation=0'
[14May2026 16:35:46.366] [Worker-ResourceReload-17/WARN] [net.minecraft.client.resources.model.BlockStateModelLoader/]: Exception loading blockstate definition: 'dndecor:blockstates/steel_cross_bolt.json' missing model for variant: 'dndecor:steel_cross_bolt#facing=north,rotation=90'
[14May2026 16:35:46.366] [Worker-ResourceReload-17/WARN] [net.minecraft.client.resources.model.BlockStateModelLoader/]: Exception loading blockstate definition: 'dndecor:blockstates/steel_cross_bolt.json' missing model for variant: 'dndecor:steel_cross_bolt#facing=north,rotation=225'
[14May2026 16:35:46.366] [Worker-ResourceReload-17/WARN] [net.minecraft.client.resources.model.BlockStateModelLoader/]: Exception loading blockstate definition: 'dndecor:blockstates/steel_cross_bolt.json' missing model for variant: 'dndecor:steel_cross_bolt#facing=east,rotation=45'
[14May2026 16:35:46.366] [Worker-ResourceReload-17/WARN] [net.minecraft.client.resources.model.BlockStateModelLoader/]: Exception loading blockstate definition: 'dndecor:blockstates/steel_cross_bolt.json' missing model for variant: 'dndecor:steel_cross_bolt#facing=south,rotation=90'
[14May2026 16:35:46.366] [Worker-ResourceReload-17/WARN] [net.minecraft.client.resources.model.BlockStateModelLoader/]: Exception loading blockstate definition: 'dndecor:blockstates/steel_cross_bolt.json' missing model for variant: 'dndecor:steel_cross_bolt#facing=west,rotation=270'
[14May2026 16:35:46.366] [Worker-ResourceReload-17/WARN] [net.minecraft.client.resources.model.BlockStateModelLoader/]: Exception loading blockstate definition: 'dndecor:blockstates/steel_cross_bolt.json' missing model for variant: 'dndecor:steel_cross_bolt#facing=west,rotation=0'
[14May2026 16:35:46.366] [Worker-ResourceReload-17/WARN] [net.minecraft.client.resources.model.BlockStateModelLoader/]: Exception loading blockstate definition: 'dndecor:blockstates/steel_cross_bolt.json' missing model for variant: 'dndecor:steel_cross_bolt#facing=south,rotation=180'
[14May2026 16:35:46.366] [Worker-ResourceReload-17/WARN] [net.minecraft.client.resources.model.BlockStateModelLoader/]: Exception loading blockstate definition: 'dndecor:blockstates/steel_cross_bolt.json' missing model for variant: 'dndecor:steel_cross_bolt#facing=up,rotation=45'
[14May2026 16:35:46.366] [Worker-ResourceReload-17/WARN] [net.minecraft.client.resources.model.BlockStateModelLoader/]: Exception loading blockstate definition: 'dndecor:blockstates/steel_cross_bolt.json' missing model for variant: 'dndecor:steel_cross_bolt#facing=down,rotation=135'
[14May2026 16:35:46.366] [Worker-ResourceReload-17/WARN] [net.minecraft.client.resources.model.BlockStateModelLoader/]: Exception loading blockstate definition: 'dndecor:blockstates/steel_cross_bolt.json' missing model for variant: 'dndecor:steel_cross_bolt#facing=east,rotation=315'
[14May2026 16:35:46.366] [Worker-ResourceReload-17/WARN] [net.minecraft.client.resources.model.BlockStateModelLoader/]: Exception loading blockstate definition: 'dndecor:blockstates/steel_cross_bolt.json' missing model for variant: 'dndecor:steel_cross_bolt#facing=north,rotation=45'
[14May2026 16:35:46.366] [Worker-ResourceReload-17/WARN] [net.minecraft.client.resources.model.BlockStateModelLoader/]: Exception loading blockstate definition: 'dndecor:blockstates/steel_cross_bolt.json' missing model for variant: 'dndecor:steel_cross_bolt#facing=north,rotation=180'
[14May2026 16:35:46.366] [Worker-ResourceReload-17/WARN] [net.minecraft.client.resources.model.BlockStateModelLoader/]: Exception loading blockstate definition: 'dndecor:blockstates/steel_cross_bolt.json' missing model for variant: 'dndecor:steel_cross_bolt#facing=up,rotation=225'
[14May2026 16:35:46.366] [Worker-ResourceReload-17/WARN] [net.minecraft.client.resources.model.BlockStateModelLoader/]: Exception loading blockstate definition: 'dndecor:blockstates/steel_cross_bolt.json' missing model for variant: 'dndecor:steel_cross_bolt#facing=down,rotation=0'
[14May2026 16:35:46.366] [Worker-ResourceReload-17/WARN] [net.minecraft.client.resources.model.BlockStateModelLoader/]: Exception loading blockstate definition: 'dndecor:blockstates/steel_cross_bolt.json' missing model for variant: 'dndecor:steel_cross_bolt#facing=east,rotation=135'
[14May2026 16:35:46.367] [Worker-ResourceReload-17/WARN] [net.minecraft.client.resources.model.BlockStateModelLoader/]: Exception loading blockstate definition: 'dndecor:blockstates/steel_cross_bolt.json' missing model for variant: 'dndecor:steel_cross_bolt#facing=down,rotation=270'
[14May2026 16:35:46.367] [Worker-ResourceReload-17/WARN] [net.minecraft.client.resources.model.BlockStateModelLoader/]: Exception loading blockstate definition: 'dndecor:blockstates/steel_dash_bolt.json' missing model for variant: 'dndecor:steel_dash_bolt#facing=north,rotation=315'
[14May2026 16:35:46.367] [Worker-ResourceReload-17/WARN] [net.minecraft.client.resources.model.BlockStateModelLoader/]: Exception loading blockstate definition: 'dndecor:blockstates/steel_dash_bolt.json' missing model for variant: 'dndecor:steel_dash_bolt#facing=west,rotation=135'
[14May2026 16:35:46.367] [Worker-ResourceReload-17/WARN] [net.minecraft.client.resources.model.BlockStateModelLoader/]: Exception loading blockstate definition: 'dndecor:blockstates/steel_dash_bolt.json' missing model for variant: 'dndecor:steel_dash_bolt#facing=east,rotation=180'
[14May2026 16:35:46.367] [Worker-ResourceReload-17/WARN] [net.minecraft.client.resources.model.BlockStateModelLoader/]: Exception loading blockstate definition: 'dndecor:blockstates/steel_dash_bolt.json' missing model for variant: 'dndecor:steel_dash_bolt#facing=south,rotation=180'
[14May2026 16:35:46.367] [Worker-ResourceReload-17/WARN] [net.minecraft.client.resources.model.BlockStateModelLoader/]: Exception loading blockstate definition: 'dndecor:blockstates/steel_dash_bolt.json' missing model for variant: 'dndecor:steel_dash_bolt#facing=north,rotation=135'
[14May2026 16:35:46.367] [Worker-ResourceReload-17/WARN] [net.minecraft.client.resources.model.BlockStateModelLoader/]: Exception loading blockstate definition: 'dndecor:blockstates/steel_dash_bolt.json' missing model for variant: 'dndecor:steel_dash_bolt#facing=west,rotation=315'
[14May2026 16:35:46.367] [Worker-ResourceReload-17/WARN] [net.minecraft.client.resources.model.BlockStateModelLoader/]: Exception loading blockstate definition: 'dndecor:blockstates/steel_dash_bolt.json' missing model for variant: 'dndecor:steel_dash_bolt#facing=west,rotation=0'
[14May2026 16:35:46.367] [Worker-ResourceReload-17/WARN] [net.minecraft.client.resources.model.BlockStateModelLoader/]: Exception loading blockstate definition: 'dndecor:blockstates/steel_dash_bolt.json' missing model for variant: 'dndecor:steel_dash_bolt#facing=down,rotation=225'
[14May2026 16:35:46.367] [Worker-ResourceReload-17/WARN] [net.minecraft.client.resources.model.BlockStateModelLoader/]: Exception loading blockstate definition: 'dndecor:blockstates/steel_dash_bolt.json' missing model for variant: 'dndecor:steel_dash_bolt#facing=down,rotation=90'
[14May2026 16:35:46.367] [Worker-ResourceReload-17/WARN] [net.minecraft.client.resources.model.BlockStateModelLoader/]: Exception loading blockstate definition: 'dndecor:blockstates/steel_dash_bolt.json' missing model for variant: 'dndecor:steel_dash_bolt#facing=west,rotation=270'
[14May2026 16:35:46.367] [Worker-ResourceReload-17/WARN] [net.minecraft.client.resources.model.BlockStateModelLoader/]: Exception loading blockstate definition: 'dndecor:blockstates/steel_dash_bolt.json' missing model for variant: 'dndecor:steel_dash_bolt#facing=south,rotation=45'
[14May2026 16:35:46.367] [Worker-ResourceReload-17/WARN] [net.minecraft.client.resources.model.BlockStateModelLoader/]: Exception loading blockstate definition: 'dndecor:blockstates/steel_dash_bolt.json' missing model for variant: 'dndecor:steel_dash_bolt#facing=up,rotation=225'
[14May2026 16:35:46.367] [Worker-ResourceReload-17/WARN] [net.minecraft.client.resources.model.BlockStateModelLoader/]: Exception loading blockstate definition: 'dndecor:blockstates/steel_dash_bolt.json' missing model for variant: 'dndecor:steel_dash_bolt#facing=north,rotation=270'
[14May2026 16:35:46.367] [Worker-ResourceReload-17/WARN] [net.minecraft.client.resources.model.BlockStateModelLoader/]: Exception loading blockstate definition: 'dndecor:blockstates/steel_dash_bolt.json' missing model for variant: 'dndecor:steel_dash_bolt#facing=east,rotation=225'
[14May2026 16:35:46.367] [Worker-ResourceReload-17/WARN] [net.minecraft.client.resources.model.BlockStateModelLoader/]: Exception loading blockstate definition: 'dndecor:blockstates/steel_dash_bolt.json' missing model for variant: 'dndecor:steel_dash_bolt#facing=south,rotation=0'
[14May2026 16:35:46.367] [Worker-ResourceReload-17/WARN] [net.minecraft.client.resources.model.BlockStateModelLoader/]: Exception loading blockstate definition: 'dndecor:blockstates/steel_dash_bolt.json' missing model for variant: 'dndecor:steel_dash_bolt#facing=north,rotation=0'
[14May2026 16:35:46.367] [Worker-ResourceReload-17/WARN] [net.minecraft.client.resources.model.BlockStateModelLoader/]: Exception loading blockstate definition: 'dndecor:blockstates/steel_dash_bolt.json' missing model for variant: 'dndecor:steel_dash_bolt#facing=up,rotation=180'
[14May2026 16:35:46.367] [Worker-ResourceReload-17/WARN] [net.minecraft.client.resources.model.BlockStateModelLoader/]: Exception loading blockstate definition: 'dndecor:blockstates/steel_dash_bolt.json' missing model for variant: 'dndecor:steel_dash_bolt#facing=south,rotation=315'
[14May2026 16:35:46.367] [Worker-ResourceReload-17/WARN] [net.minecraft.client.resources.model.BlockStateModelLoader/]: Exception loading blockstate definition: 'dndecor:blockstates/steel_dash_bolt.json' missing model for variant: 'dndecor:steel_dash_bolt#facing=up,rotation=45'
[14May2026 16:35:46.367] [Worker-ResourceReload-17/WARN] [net.minecraft.client.resources.model.BlockStateModelLoader/]: Exception loading blockstate definition: 'dndecor:blockstates/steel_dash_bolt.json' missing model for variant: 'dndecor:steel_dash_bolt#facing=down,rotation=45'
[14May2026 16:35:46.367] [Worker-ResourceReload-17/WARN] [net.minecraft.client.resources.model.BlockStateModelLoader/]: Exception loading blockstate definition: 'dndecor:blockstates/steel_dash_bolt.json' missing model for variant: 'dndecor:steel_dash_bolt#facing=south,rotation=135'
[14May2026 16:35:46.367] [Worker-ResourceReload-17/WARN] [net.minecraft.client.resources.model.BlockStateModelLoader/]: Exception loading blockstate definition: 'dndecor:blockstates/steel_dash_bolt.json' missing model for variant: 'dndecor:steel_dash_bolt#facing=west,rotation=90'
[14May2026 16:35:46.367] [Worker-ResourceReload-17/WARN] [net.minecraft.client.resources.model.BlockStateModelLoader/]: Exception loading blockstate definition: 'dndecor:blockstates/steel_dash_bolt.json' missing model for variant: 'dndecor:steel_dash_bolt#facing=north,rotation=45'
[14May2026 16:35:46.367] [Worker-ResourceReload-17/WARN] [net.minecraft.client.resources.model.BlockStateModelLoader/]: Exception loading blockstate definition: 'dndecor:blockstates/steel_dash_bolt.json' missing model for variant: 'dndecor:steel_dash_bolt#facing=down,rotation=315'
[14May2026 16:35:46.367] [Worker-ResourceReload-17/WARN] [net.minecraft.client.resources.model.BlockStateModelLoader/]: Exception loading blockstate definition: 'dndecor:blockstates/steel_dash_bolt.json' missing model for variant: 'dndecor:steel_dash_bolt#facing=north,rotation=225'
[14May2026 16:35:46.367] [Worker-ResourceReload-17/WARN] [net.minecraft.client.resources.model.BlockStateModelLoader/]: Exception loading blockstate definition: 'dndecor:blockstates/steel_dash_bolt.json' missing model for variant: 'dndecor:steel_dash_bolt#facing=up,rotation=0'
[14May2026 16:35:46.367] [Worker-ResourceReload-17/WARN] [net.minecraft.client.resources.model.BlockStateModelLoader/]: Exception loading blockstate definition: 'dndecor:blockstates/steel_dash_bolt.json' missing model for variant: 'dndecor:steel_dash_bolt#facing=east,rotation=270'
[14May2026 16:35:46.367] [Worker-ResourceReload-17/WARN] [net.minecraft.client.resources.model.BlockStateModelLoader/]: Exception loading blockstate definition: 'dndecor:blockstates/steel_dash_bolt.json' missing model for variant: 'dndecor:steel_dash_bolt#facing=west,rotation=45'
[14May2026 16:35:46.367] [Worker-ResourceReload-17/WARN] [net.minecraft.client.resources.model.BlockStateModelLoader/]: Exception loading blockstate definition: 'dndecor:blockstates/steel_dash_bolt.json' missing model for variant: 'dndecor:steel_dash_bolt#facing=down,rotation=135'
[14May2026 16:35:46.367] [Worker-ResourceReload-17/WARN] [net.minecraft.client.resources.model.BlockStateModelLoader/]: Exception loading blockstate definition: 'dndecor:blockstates/steel_dash_bolt.json' missing model for variant: 'dndecor:steel_dash_bolt#facing=south,rotation=90'
[14May2026 16:35:46.367] [Worker-ResourceReload-17/WARN] [net.minecraft.client.resources.model.BlockStateModelLoader/]: Exception loading blockstate definition: 'dndecor:blockstates/steel_dash_bolt.json' missing model for variant: 'dndecor:steel_dash_bolt#facing=south,rotation=270'
[14May2026 16:35:46.367] [Worker-ResourceReload-17/WARN] [net.minecraft.client.resources.model.BlockStateModelLoader/]: Exception loading blockstate definition: 'dndecor:blockstates/steel_dash_bolt.json' missing model for variant: 'dndecor:steel_dash_bolt#facing=west,rotation=225'
[14May2026 16:35:46.367] [Worker-ResourceReload-17/WARN] [net.minecraft.client.resources.model.BlockStateModelLoader/]: Exception loading blockstate definition: 'dndecor:blockstates/steel_dash_bolt.json' missing model for variant: 'dndecor:steel_dash_bolt#facing=down,rotation=0'
[14May2026 16:35:46.367] [Worker-ResourceReload-17/WARN] [net.minecraft.client.resources.model.BlockStateModelLoader/]: Exception loading blockstate definition: 'dndecor:blockstates/steel_dash_bolt.json' missing model for variant: 'dndecor:steel_dash_bolt#facing=east,rotation=45'
[14May2026 16:35:46.367] [Worker-ResourceReload-17/WARN] [net.minecraft.client.resources.model.BlockStateModelLoader/]: Exception loading blockstate definition: 'dndecor:blockstates/steel_dash_bolt.json' missing model for variant: 'dndecor:steel_dash_bolt#facing=west,rotation=180'
[14May2026 16:35:46.367] [Worker-ResourceReload-17/WARN] [net.minecraft.client.resources.model.BlockStateModelLoader/]: Exception loading blockstate definition: 'dndecor:blockstates/steel_dash_bolt.json' missing model for variant: 'dndecor:steel_dash_bolt#facing=east,rotation=135'
[14May2026 16:35:46.367] [Worker-ResourceReload-17/WARN] [net.minecraft.client.resources.model.BlockStateModelLoader/]: Exception loading blockstate definition: 'dndecor:blockstates/steel_dash_bolt.json' missing model for variant: 'dndecor:steel_dash_bolt#facing=down,rotation=270'
[14May2026 16:35:46.367] [Worker-ResourceReload-17/WARN] [net.minecraft.client.resources.model.BlockStateModelLoader/]: Exception loading blockstate definition: 'dndecor:blockstates/steel_dash_bolt.json' missing model for variant: 'dndecor:steel_dash_bolt#facing=up,rotation=315'
[14May2026 16:35:46.367] [Worker-ResourceReload-17/WARN] [net.minecraft.client.resources.model.BlockStateModelLoader/]: Exception loading blockstate definition: 'dndecor:blockstates/steel_dash_bolt.json' missing model for variant: 'dndecor:steel_dash_bolt#facing=north,rotation=180'
[14May2026 16:35:46.367] [Worker-ResourceReload-17/WARN] [net.minecraft.client.resources.model.BlockStateModelLoader/]: Exception loading blockstate definition: 'dndecor:blockstates/steel_dash_bolt.json' missing model for variant: 'dndecor:steel_dash_bolt#facing=east,rotation=0'
[14May2026 16:35:46.367] [Worker-ResourceReload-17/WARN] [net.minecraft.client.resources.model.BlockStateModelLoader/]: Exception loading blockstate definition: 'dndecor:blockstates/steel_dash_bolt.json' missing model for variant: 'dndecor:steel_dash_bolt#facing=east,rotation=315'
[14May2026 16:35:46.367] [Worker-ResourceReload-17/WARN] [net.minecraft.client.resources.model.BlockStateModelLoader/]: Exception loading blockstate definition: 'dndecor:blockstates/steel_dash_bolt.json' missing model for variant: 'dndecor:steel_dash_bolt#facing=up,rotation=135'
[14May2026 16:35:46.367] [Worker-ResourceReload-17/WARN] [net.minecraft.client.resources.model.BlockStateModelLoader/]: Exception loading blockstate definition: 'dndecor:blockstates/steel_dash_bolt.json' missing model for variant: 'dndecor:steel_dash_bolt#facing=down,rotation=180'
[14May2026 16:35:46.367] [Worker-ResourceReload-17/WARN] [net.minecraft.client.resources.model.BlockStateModelLoader/]: Exception loading blockstate definition: 'dndecor:blockstates/steel_dash_bolt.json' missing model for variant: 'dndecor:steel_dash_bolt#facing=up,rotation=90'
[14May2026 16:35:46.367] [Worker-ResourceReload-17/WARN] [net.minecraft.client.resources.model.BlockStateModelLoader/]: Exception loading blockstate definition: 'dndecor:blockstates/steel_dash_bolt.json' missing model for variant: 'dndecor:steel_dash_bolt#facing=south,rotation=225'
[14May2026 16:35:46.367] [Worker-ResourceReload-17/WARN] [net.minecraft.client.resources.model.BlockStateModelLoader/]: Exception loading blockstate definition: 'dndecor:blockstates/steel_dash_bolt.json' missing model for variant: 'dndecor:steel_dash_bolt#facing=north,rotation=90'
[14May2026 16:35:46.367] [Worker-ResourceReload-17/WARN] [net.minecraft.client.resources.model.BlockStateModelLoader/]: Exception loading blockstate definition: 'dndecor:blockstates/steel_dash_bolt.json' missing model for variant: 'dndecor:steel_dash_bolt#facing=up,rotation=270'
[14May2026 16:35:46.367] [Worker-ResourceReload-17/WARN] [net.minecraft.client.resources.model.BlockStateModelLoader/]: Exception loading blockstate definition: 'dndecor:blockstates/steel_dash_bolt.json' missing model for variant: 'dndecor:steel_dash_bolt#facing=east,rotation=90'
[14May2026 16:35:46.367] [Worker-ResourceReload-17/WARN] [net.minecraft.client.resources.model.BlockStateModelLoader/]: Exception loading blockstate definition: 'dndecor:blockstates/steel_dot_bolt.json' missing model for variant: 'dndecor:steel_dot_bolt#facing=up,rotation=225'
[14May2026 16:35:46.367] [Worker-ResourceReload-17/WARN] [net.minecraft.client.resources.model.BlockStateModelLoader/]: Exception loading blockstate definition: 'dndecor:blockstates/steel_dot_bolt.json' missing model for variant: 'dndecor:steel_dot_bolt#facing=up,rotation=90'
[14May2026 16:35:46.367] [Worker-ResourceReload-17/WARN] [net.minecraft.client.resources.model.BlockStateModelLoader/]: Exception loading blockstate definition: 'dndecor:blockstates/steel_dot_bolt.json' missing model for variant: 'dndecor:steel_dot_bolt#facing=north,rotation=270'
[14May2026 16:35:46.367] [Worker-ResourceReload-17/WARN] [net.minecraft.client.resources.model.BlockStateModelLoader/]: Exception loading blockstate definition: 'dndecor:blockstates/steel_dot_bolt.json' missing model for variant: 'dndecor:steel_dot_bolt#facing=west,rotation=90'
[14May2026 16:35:46.367] [Worker-ResourceReload-17/WARN] [net.minecraft.client.resources.model.BlockStateModelLoader/]: Exception loading blockstate definition: 'dndecor:blockstates/steel_dot_bolt.json' missing model for variant: 'dndecor:steel_dot_bolt#facing=east,rotation=315'
[14May2026 16:35:46.367] [Worker-ResourceReload-17/WARN] [net.minecraft.client.resources.model.BlockStateModelLoader/]: Exception loading blockstate definition: 'dndecor:blockstates/steel_dot_bolt.json' missing model for variant: 'dndecor:steel_dot_bolt#facing=down,rotation=180'
[14May2026 16:35:46.367] [Worker-ResourceReload-17/WARN] [net.minecraft.client.resources.model.BlockStateModelLoader/]: Exception loading blockstate definition: 'dndecor:blockstates/steel_dot_bolt.json' missing model for variant: 'dndecor:steel_dot_bolt#facing=west,rotation=0'
[14May2026 16:35:46.367] [Worker-ResourceReload-17/WARN] [net.minecraft.client.resources.model.BlockStateModelLoader/]: Exception loading blockstate definition: 'dndecor:blockstates/steel_dot_bolt.json' missing model for variant: 'dndecor:steel_dot_bolt#facing=north,rotation=0'
[14May2026 16:35:46.367] [Worker-ResourceReload-17/WARN] [net.minecraft.client.resources.model.BlockStateModelLoader/]: Exception loading blockstate definition: 'dndecor:blockstates/steel_dot_bolt.json' missing model for variant: 'dndecor:steel_dot_bolt#facing=down,rotation=45'
[14May2026 16:35:46.367] [Worker-ResourceReload-17/WARN] [net.minecraft.client.resources.model.BlockStateModelLoader/]: Exception loading blockstate definition: 'dndecor:blockstates/steel_dot_bolt.json' missing model for variant: 'dndecor:steel_dot_bolt#facing=south,rotation=315'
[14May2026 16:35:46.367] [Worker-ResourceReload-17/WARN] [net.minecraft.client.resources.model.BlockStateModelLoader/]: Exception loading blockstate definition: 'dndecor:blockstates/steel_dot_bolt.json' missing model for variant: 'dndecor:steel_dot_bolt#facing=north,rotation=135'
[14May2026 16:35:46.367] [Worker-ResourceReload-17/WARN] [net.minecraft.client.resources.model.BlockStateModelLoader/]: Exception loading blockstate definition: 'dndecor:blockstates/steel_dot_bolt.json' missing model for variant: 'dndecor:steel_dot_bolt#facing=east,rotation=90'
[14May2026 16:35:46.367] [Worker-ResourceReload-17/WARN] [net.minecraft.client.resources.model.BlockStateModelLoader/]: Exception loading blockstate definition: 'dndecor:blockstates/steel_dot_bolt.json' missing model for variant: 'dndecor:steel_dot_bolt#facing=south,rotation=135'
[14May2026 16:35:46.367] [Worker-ResourceReload-17/WARN] [net.minecraft.client.resources.model.BlockStateModelLoader/]: Exception loading blockstate definition: 'dndecor:blockstates/steel_dot_bolt.json' missing model for variant: 'dndecor:steel_dot_bolt#facing=north,rotation=90'
[14May2026 16:35:46.367] [Worker-ResourceReload-17/WARN] [net.minecraft.client.resources.model.BlockStateModelLoader/]: Exception loading blockstate definition: 'dndecor:blockstates/steel_dot_bolt.json' missing model for variant: 'dndecor:steel_dot_bolt#facing=north,rotation=315'
[14May2026 16:35:46.367] [Worker-ResourceReload-17/WARN] [net.minecraft.client.resources.model.BlockStateModelLoader/]: Exception loading blockstate definition: 'dndecor:blockstates/steel_dot_bolt.json' missing model for variant: 'dndecor:steel_dot_bolt#facing=west,rotation=225'
[14May2026 16:35:46.367] [Worker-ResourceReload-17/WARN] [net.minecraft.client.resources.model.BlockStateModelLoader/]: Exception loading blockstate definition: 'dndecor:blockstates/steel_dot_bolt.json' missing model for variant: 'dndecor:steel_dot_bolt#facing=east,rotation=180'
[14May2026 16:35:46.367] [Worker-ResourceReload-17/WARN] [net.minecraft.client.resources.model.BlockStateModelLoader/]: Exception loading blockstate definition: 'dndecor:blockstates/steel_dot_bolt.json' missing model for variant: 'dndecor:steel_dot_bolt#facing=south,rotation=45'
[14May2026 16:35:46.367] [Worker-ResourceReload-17/WARN] [net.minecraft.client.resources.model.BlockStateModelLoader/]: Exception loading blockstate definition: 'dndecor:blockstates/steel_dot_bolt.json' missing model for variant: 'dndecor:steel_dot_bolt#facing=south,rotation=270'
[14May2026 16:35:46.367] [Worker-ResourceReload-17/WARN] [net.minecraft.client.resources.model.BlockStateModelLoader/]: Exception loading blockstate definition: 'dndecor:blockstates/steel_dot_bolt.json' missing model for variant: 'dndecor:steel_dot_bolt#facing=up,rotation=270'
[14May2026 16:35:46.367] [Worker-ResourceReload-17/WARN] [net.minecraft.client.resources.model.BlockStateModelLoader/]: Exception loading blockstate definition: 'dndecor:blockstates/steel_dot_bolt.json' missing model for variant: 'dndecor:steel_dot_bolt#facing=down,rotation=225'
[14May2026 16:35:46.367] [Worker-ResourceReload-17/WARN] [net.minecraft.client.resources.model.BlockStateModelLoader/]: Exception loading blockstate definition: 'dndecor:blockstates/steel_dot_bolt.json' missing model for variant: 'dndecor:steel_dot_bolt#facing=west,rotation=45'
[14May2026 16:35:46.367] [Worker-ResourceReload-17/WARN] [net.minecraft.client.resources.model.BlockStateModelLoader/]: Exception loading blockstate definition: 'dndecor:blockstates/steel_dot_bolt.json' missing model for variant: 'dndecor:steel_dot_bolt#facing=west,rotation=180'
[14May2026 16:35:46.367] [Worker-ResourceReload-17/WARN] [net.minecraft.client.resources.model.BlockStateModelLoader/]: Exception loading blockstate definition: 'dndecor:blockstates/steel_dot_bolt.json' missing model for variant: 'dndecor:steel_dot_bolt#facing=east,rotation=225'
[14May2026 16:35:46.367] [Worker-ResourceReload-17/WARN] [net.minecraft.client.resources.model.BlockStateModelLoader/]: Exception loading blockstate definition: 'dndecor:blockstates/steel_dot_bolt.json' missing model for variant: 'dndecor:steel_dot_bolt#facing=south,rotation=0'
[14May2026 16:35:46.367] [Worker-ResourceReload-17/WARN] [net.minecraft.client.resources.model.BlockStateModelLoader/]: Exception loading blockstate definition: 'dndecor:blockstates/steel_dot_bolt.json' missing model for variant: 'dndecor:steel_dot_bolt#facing=up,rotation=135'
[14May2026 16:35:46.367] [Worker-ResourceReload-17/WARN] [net.minecraft.client.resources.model.BlockStateModelLoader/]: Exception loading blockstate definition: 'dndecor:blockstates/steel_dot_bolt.json' missing model for variant: 'dndecor:steel_dot_bolt#facing=north,rotation=180'
[14May2026 16:35:46.367] [Worker-ResourceReload-17/WARN] [net.minecraft.client.resources.model.BlockStateModelLoader/]: Exception loading blockstate definition: 'dndecor:blockstates/steel_dot_bolt.json' missing model for variant: 'dndecor:steel_dot_bolt#facing=down,rotation=270'
[14May2026 16:35:46.367] [Worker-ResourceReload-17/WARN] [net.minecraft.client.resources.model.BlockStateModelLoader/]: Exception loading blockstate definition: 'dndecor:blockstates/steel_dot_bolt.json' missing model for variant: 'dndecor:steel_dot_bolt#facing=up,rotation=315'
[14May2026 16:35:46.367] [Worker-ResourceReload-17/WARN] [net.minecraft.client.resources.model.BlockStateModelLoader/]: Exception loading blockstate definition: 'dndecor:blockstates/steel_dot_bolt.json' missing model for variant: 'dndecor:steel_dot_bolt#facing=east,rotation=0'
[14May2026 16:35:46.367] [Worker-ResourceReload-17/WARN] [net.minecraft.client.resources.model.BlockStateModelLoader/]: Exception loading blockstate definition: 'dndecor:blockstates/steel_dot_bolt.json' missing model for variant: 'dndecor:steel_dot_bolt#facing=up,rotation=0'
[14May2026 16:35:46.367] [Worker-ResourceReload-17/WARN] [net.minecraft.client.resources.model.BlockStateModelLoader/]: Exception loading blockstate definition: 'dndecor:blockstates/steel_dot_bolt.json' missing model for variant: 'dndecor:steel_dot_bolt#facing=south,rotation=225'
[14May2026 16:35:46.367] [Worker-ResourceReload-17/WARN] [net.minecraft.client.resources.model.BlockStateModelLoader/]: Exception loading blockstate definition: 'dndecor:blockstates/steel_dot_bolt.json' missing model for variant: 'dndecor:steel_dot_bolt#facing=up,rotation=45'
[14May2026 16:35:46.367] [Worker-ResourceReload-17/WARN] [net.minecraft.client.resources.model.BlockStateModelLoader/]: Exception loading blockstate definition: 'dndecor:blockstates/steel_dot_bolt.json' missing model for variant: 'dndecor:steel_dot_bolt#facing=north,rotation=225'
[14May2026 16:35:46.367] [Worker-ResourceReload-17/WARN] [net.minecraft.client.resources.model.BlockStateModelLoader/]: Exception loading blockstate definition: 'dndecor:blockstates/steel_dot_bolt.json' missing model for variant: 'dndecor:steel_dot_bolt#facing=down,rotation=0'
[14May2026 16:35:46.367] [Worker-ResourceReload-17/WARN] [net.minecraft.client.resources.model.BlockStateModelLoader/]: Exception loading blockstate definition: 'dndecor:blockstates/steel_dot_bolt.json' missing model for variant: 'dndecor:steel_dot_bolt#facing=west,rotation=315'
[14May2026 16:35:46.367] [Worker-ResourceReload-17/WARN] [net.minecraft.client.resources.model.BlockStateModelLoader/]: Exception loading blockstate definition: 'dndecor:blockstates/steel_dot_bolt.json' missing model for variant: 'dndecor:steel_dot_bolt#facing=north,rotation=45'
[14May2026 16:35:46.367] [Worker-ResourceReload-17/WARN] [net.minecraft.client.resources.model.BlockStateModelLoader/]: Exception loading blockstate definition: 'dndecor:blockstates/steel_dot_bolt.json' missing model for variant: 'dndecor:steel_dot_bolt#facing=up,rotation=180'
[14May2026 16:35:46.367] [Worker-ResourceReload-17/WARN] [net.minecraft.client.resources.model.BlockStateModelLoader/]: Exception loading blockstate definition: 'dndecor:blockstates/steel_dot_bolt.json' missing model for variant: 'dndecor:steel_dot_bolt#facing=down,rotation=315'
[14May2026 16:35:46.367] [Worker-ResourceReload-17/WARN] [net.minecraft.client.resources.model.BlockStateModelLoader/]: Exception loading blockstate definition: 'dndecor:blockstates/steel_dot_bolt.json' missing model for variant: 'dndecor:steel_dot_bolt#facing=west,rotation=135'
[14May2026 16:35:46.367] [Worker-ResourceReload-17/WARN] [net.minecraft.client.resources.model.BlockStateModelLoader/]: Exception loading blockstate definition: 'dndecor:blockstates/steel_dot_bolt.json' missing model for variant: 'dndecor:steel_dot_bolt#facing=down,rotation=90'
[14May2026 16:35:46.367] [Worker-ResourceReload-17/WARN] [net.minecraft.client.resources.model.BlockStateModelLoader/]: Exception loading blockstate definition: 'dndecor:blockstates/steel_dot_bolt.json' missing model for variant: 'dndecor:steel_dot_bolt#facing=east,rotation=270'
[14May2026 16:35:46.367] [Worker-ResourceReload-17/WARN] [net.minecraft.client.resources.model.BlockStateModelLoader/]: Exception loading blockstate definition: 'dndecor:blockstates/steel_dot_bolt.json' missing model for variant: 'dndecor:steel_dot_bolt#facing=south,rotation=180'
[14May2026 16:35:46.367] [Worker-ResourceReload-17/WARN] [net.minecraft.client.resources.model.BlockStateModelLoader/]: Exception loading blockstate definition: 'dndecor:blockstates/steel_dot_bolt.json' missing model for variant: 'dndecor:steel_dot_bolt#facing=south,rotation=90'
[14May2026 16:35:46.367] [Worker-ResourceReload-17/WARN] [net.minecraft.client.resources.model.BlockStateModelLoader/]: Exception loading blockstate definition: 'dndecor:blockstates/steel_dot_bolt.json' missing model for variant: 'dndecor:steel_dot_bolt#facing=down,rotation=135'
[14May2026 16:35:46.367] [Worker-ResourceReload-17/WARN] [net.minecraft.client.resources.model.BlockStateModelLoader/]: Exception loading blockstate definition: 'dndecor:blockstates/steel_dot_bolt.json' missing model for variant: 'dndecor:steel_dot_bolt#facing=east,rotation=45'
[14May2026 16:35:46.367] [Worker-ResourceReload-17/WARN] [net.minecraft.client.resources.model.BlockStateModelLoader/]: Exception loading blockstate definition: 'dndecor:blockstates/steel_dot_bolt.json' missing model for variant: 'dndecor:steel_dot_bolt#facing=west,rotation=270'
[14May2026 16:35:46.367] [Worker-ResourceReload-17/WARN] [net.minecraft.client.resources.model.BlockStateModelLoader/]: Exception loading blockstate definition: 'dndecor:blockstates/steel_dot_bolt.json' missing model for variant: 'dndecor:steel_dot_bolt#facing=east,rotation=135'
[14May2026 16:35:46.367] [Worker-ResourceReload-17/WARN] [net.minecraft.client.resources.model.BlockStateModelLoader/]: Exception loading blockstate definition: 'dndecor:blockstates/steel_flat_bolt.json' missing model for variant: 'dndecor:steel_flat_bolt#facing=up,rotation=135'
[14May2026 16:35:46.367] [Worker-ResourceReload-17/WARN] [net.minecraft.client.resources.model.BlockStateModelLoader/]: Exception loading blockstate definition: 'dndecor:blockstates/steel_flat_bolt.json' missing model for variant: 'dndecor:steel_flat_bolt#facing=east,rotation=0'
[14May2026 16:35:46.367] [Worker-ResourceReload-17/WARN] [net.minecraft.client.resources.model.BlockStateModelLoader/]: Exception loading blockstate definition: 'dndecor:blockstates/steel_flat_bolt.json' missing model for variant: 'dndecor:steel_flat_bolt#facing=down,rotation=270'
[14May2026 16:35:46.367] [Worker-ResourceReload-17/WARN] [net.minecraft.client.resources.model.BlockStateModelLoader/]: Exception loading blockstate definition: 'dndecor:blockstates/steel_flat_bolt.json' missing model for variant: 'dndecor:steel_flat_bolt#facing=south,rotation=90'
[14May2026 16:35:46.367] [Worker-ResourceReload-17/WARN] [net.minecraft.client.resources.model.BlockStateModelLoader/]: Exception loading blockstate definition: 'dndecor:blockstates/steel_flat_bolt.json' missing model for variant: 'dndecor:steel_flat_bolt#facing=east,rotation=45'
[14May2026 16:35:46.367] [Worker-ResourceReload-17/WARN] [net.minecraft.client.resources.model.BlockStateModelLoader/]: Exception loading blockstate definition: 'dndecor:blockstates/steel_flat_bolt.json' missing model for variant: 'dndecor:steel_flat_bolt#facing=down,rotation=135'
[14May2026 16:35:46.368] [Worker-ResourceReload-17/WARN] [net.minecraft.client.resources.model.BlockStateModelLoader/]: Exception loading blockstate definition: 'dndecor:blockstates/steel_flat_bolt.json' missing model for variant: 'dndecor:steel_flat_bolt#facing=west,rotation=45'
[14May2026 16:35:46.368] [Worker-ResourceReload-17/WARN] [net.minecraft.client.resources.model.BlockStateModelLoader/]: Exception loading blockstate definition: 'dndecor:blockstates/steel_flat_bolt.json' missing model for variant: 'dndecor:steel_flat_bolt#facing=west,rotation=180'
[14May2026 16:35:46.368] [Worker-ResourceReload-17/WARN] [net.minecraft.client.resources.model.BlockStateModelLoader/]: Exception loading blockstate definition: 'dndecor:blockstates/steel_flat_bolt.json' missing model for variant: 'dndecor:steel_flat_bolt#facing=east,rotation=225'
[14May2026 16:35:46.368] [Worker-ResourceReload-17/WARN] [net.minecraft.client.resources.model.BlockStateModelLoader/]: Exception loading blockstate definition: 'dndecor:blockstates/steel_flat_bolt.json' missing model for variant: 'dndecor:steel_flat_bolt#facing=up,rotation=315'
[14May2026 16:35:46.368] [Worker-ResourceReload-17/WARN] [net.minecraft.client.resources.model.BlockStateModelLoader/]: Exception loading blockstate definition: 'dndecor:blockstates/steel_flat_bolt.json' missing model for variant: 'dndecor:steel_flat_bolt#facing=north,rotation=180'
[14May2026 16:35:46.368] [Worker-ResourceReload-17/WARN] [net.minecraft.client.resources.model.BlockStateModelLoader/]: Exception loading blockstate definition: 'dndecor:blockstates/steel_flat_bolt.json' missing model for variant: 'dndecor:steel_flat_bolt#facing=east,rotation=180'
[14May2026 16:35:46.368] [Worker-ResourceReload-17/WARN] [net.minecraft.client.resources.model.BlockStateModelLoader/]: Exception loading blockstate definition: 'dndecor:blockstates/steel_flat_bolt.json' missing model for variant: 'dndecor:steel_flat_bolt#facing=west,rotation=135'
[14May2026 16:35:46.368] [Worker-ResourceReload-17/WARN] [net.minecraft.client.resources.model.BlockStateModelLoader/]: Exception loading blockstate definition: 'dndecor:blockstates/steel_flat_bolt.json' missing model for variant: 'dndecor:steel_flat_bolt#facing=north,rotation=225'
[14May2026 16:35:46.368] [Worker-ResourceReload-17/WARN] [net.minecraft.client.resources.model.BlockStateModelLoader/]: Exception loading blockstate definition: 'dndecor:blockstates/steel_flat_bolt.json' missing model for variant: 'dndecor:steel_flat_bolt#facing=west,rotation=315'
[14May2026 16:35:46.368] [Worker-ResourceReload-17/WARN] [net.minecraft.client.resources.model.BlockStateModelLoader/]: Exception loading blockstate definition: 'dndecor:blockstates/steel_flat_bolt.json' missing model for variant: 'dndecor:steel_flat_bolt#facing=south,rotation=180'
[14May2026 16:35:46.368] [Worker-ResourceReload-17/WARN] [net.minecraft.client.resources.model.BlockStateModelLoader/]: Exception loading blockstate definition: 'dndecor:blockstates/steel_flat_bolt.json' missing model for variant: 'dndecor:steel_flat_bolt#facing=down,rotation=315'
[14May2026 16:35:46.368] [Worker-ResourceReload-17/WARN] [net.minecraft.client.resources.model.BlockStateModelLoader/]: Exception loading blockstate definition: 'dndecor:blockstates/steel_flat_bolt.json' missing model for variant: 'dndecor:steel_flat_bolt#facing=down,rotation=90'
[14May2026 16:35:46.368] [Worker-ResourceReload-17/WARN] [net.minecraft.client.resources.model.BlockStateModelLoader/]: Exception loading blockstate definition: 'dndecor:blockstates/steel_flat_bolt.json' missing model for variant: 'dndecor:steel_flat_bolt#facing=up,rotation=270'
[14May2026 16:35:46.368] [Worker-ResourceReload-17/WARN] [net.minecraft.client.resources.model.BlockStateModelLoader/]: Exception loading blockstate definition: 'dndecor:blockstates/steel_flat_bolt.json' missing model for variant: 'dndecor:steel_flat_bolt#facing=south,rotation=225'
[14May2026 16:35:46.368] [Worker-ResourceReload-17/WARN] [net.minecraft.client.resources.model.BlockStateModelLoader/]: Exception loading blockstate definition: 'dndecor:blockstates/steel_flat_bolt.json' missing model for variant: 'dndecor:steel_flat_bolt#facing=up,rotation=0'
[14May2026 16:35:46.368] [Worker-ResourceReload-17/WARN] [net.minecraft.client.resources.model.BlockStateModelLoader/]: Exception loading blockstate definition: 'dndecor:blockstates/steel_flat_bolt.json' missing model for variant: 'dndecor:steel_flat_bolt#facing=north,rotation=90'
[14May2026 16:35:46.368] [Worker-ResourceReload-17/WARN] [net.minecraft.client.resources.model.BlockStateModelLoader/]: Exception loading blockstate definition: 'dndecor:blockstates/steel_flat_bolt.json' missing model for variant: 'dndecor:steel_flat_bolt#facing=east,rotation=90'
[14May2026 16:35:46.368] [Worker-ResourceReload-17/WARN] [net.minecraft.client.resources.model.BlockStateModelLoader/]: Exception loading blockstate definition: 'dndecor:blockstates/steel_flat_bolt.json' missing model for variant: 'dndecor:steel_flat_bolt#facing=up,rotation=90'
[14May2026 16:35:46.368] [Worker-ResourceReload-17/WARN] [net.minecraft.client.resources.model.BlockStateModelLoader/]: Exception loading blockstate definition: 'dndecor:blockstates/steel_flat_bolt.json' missing model for variant: 'dndecor:steel_flat_bolt#facing=down,rotation=180'
[14May2026 16:35:46.368] [Worker-ResourceReload-17/WARN] [net.minecraft.client.resources.model.BlockStateModelLoader/]: Exception loading blockstate definition: 'dndecor:blockstates/steel_flat_bolt.json' missing model for variant: 'dndecor:steel_flat_bolt#facing=west,rotation=90'
[14May2026 16:35:46.368] [Worker-ResourceReload-17/WARN] [net.minecraft.client.resources.model.BlockStateModelLoader/]: Exception loading blockstate definition: 'dndecor:blockstates/steel_flat_bolt.json' missing model for variant: 'dndecor:steel_flat_bolt#facing=east,rotation=315'
[14May2026 16:35:46.368] [Worker-ResourceReload-17/WARN] [net.minecraft.client.resources.model.BlockStateModelLoader/]: Exception loading blockstate definition: 'dndecor:blockstates/steel_flat_bolt.json' missing model for variant: 'dndecor:steel_flat_bolt#facing=west,rotation=0'
[14May2026 16:35:46.368] [Worker-ResourceReload-17/WARN] [net.minecraft.client.resources.model.BlockStateModelLoader/]: Exception loading blockstate definition: 'dndecor:blockstates/steel_flat_bolt.json' missing model for variant: 'dndecor:steel_flat_bolt#facing=west,rotation=270'
[14May2026 16:35:46.368] [Worker-ResourceReload-17/WARN] [net.minecraft.client.resources.model.BlockStateModelLoader/]: Exception loading blockstate definition: 'dndecor:blockstates/steel_flat_bolt.json' missing model for variant: 'dndecor:steel_flat_bolt#facing=north,rotation=270'
[14May2026 16:35:46.368] [Worker-ResourceReload-17/WARN] [net.minecraft.client.resources.model.BlockStateModelLoader/]: Exception loading blockstate definition: 'dndecor:blockstates/steel_flat_bolt.json' missing model for variant: 'dndecor:steel_flat_bolt#facing=east,rotation=135'
[14May2026 16:35:46.368] [Worker-ResourceReload-17/WARN] [net.minecraft.client.resources.model.BlockStateModelLoader/]: Exception loading blockstate definition: 'dndecor:blockstates/steel_flat_bolt.json' missing model for variant: 'dndecor:steel_flat_bolt#facing=south,rotation=0'
[14May2026 16:35:46.368] [Worker-ResourceReload-17/WARN] [net.minecraft.client.resources.model.BlockStateModelLoader/]: Exception loading blockstate definition: 'dndecor:blockstates/steel_flat_bolt.json' missing model for variant: 'dndecor:steel_flat_bolt#facing=up,rotation=225'
[14May2026 16:35:46.368] [Worker-ResourceReload-17/WARN] [net.minecraft.client.resources.model.BlockStateModelLoader/]: Exception loading blockstate definition: 'dndecor:blockstates/steel_flat_bolt.json' missing model for variant: 'dndecor:steel_flat_bolt#facing=north,rotation=315'
[14May2026 16:35:46.368] [Worker-ResourceReload-17/WARN] [net.minecraft.client.resources.model.BlockStateModelLoader/]: Exception loading blockstate definition: 'dndecor:blockstates/steel_flat_bolt.json' missing model for variant: 'dndecor:steel_flat_bolt#facing=south,rotation=45'
[14May2026 16:35:46.368] [Worker-ResourceReload-17/WARN] [net.minecraft.client.resources.model.BlockStateModelLoader/]: Exception loading blockstate definition: 'dndecor:blockstates/steel_flat_bolt.json' missing model for variant: 'dndecor:steel_flat_bolt#facing=south,rotation=270'
[14May2026 16:35:46.368] [Worker-ResourceReload-17/WARN] [net.minecraft.client.resources.model.BlockStateModelLoader/]: Exception loading blockstate definition: 'dndecor:blockstates/steel_flat_bolt.json' missing model for variant: 'dndecor:steel_flat_bolt#facing=down,rotation=225'
[14May2026 16:35:46.368] [Worker-ResourceReload-17/WARN] [net.minecraft.client.resources.model.BlockStateModelLoader/]: Exception loading blockstate definition: 'dndecor:blockstates/steel_flat_bolt.json' missing model for variant: 'dndecor:steel_flat_bolt#facing=north,rotation=135'
[14May2026 16:35:46.368] [Worker-ResourceReload-17/WARN] [net.minecraft.client.resources.model.BlockStateModelLoader/]: Exception loading blockstate definition: 'dndecor:blockstates/steel_flat_bolt.json' missing model for variant: 'dndecor:steel_flat_bolt#facing=east,rotation=270'
[14May2026 16:35:46.368] [Worker-ResourceReload-17/WARN] [net.minecraft.client.resources.model.BlockStateModelLoader/]: Exception loading blockstate definition: 'dndecor:blockstates/steel_flat_bolt.json' missing model for variant: 'dndecor:steel_flat_bolt#facing=north,rotation=45'
[14May2026 16:35:46.368] [Worker-ResourceReload-17/WARN] [net.minecraft.client.resources.model.BlockStateModelLoader/]: Exception loading blockstate definition: 'dndecor:blockstates/steel_flat_bolt.json' missing model for variant: 'dndecor:steel_flat_bolt#facing=west,rotation=225'
[14May2026 16:35:46.368] [Worker-ResourceReload-17/WARN] [net.minecraft.client.resources.model.BlockStateModelLoader/]: Exception loading blockstate definition: 'dndecor:blockstates/steel_flat_bolt.json' missing model for variant: 'dndecor:steel_flat_bolt#facing=down,rotation=0'
[14May2026 16:35:46.368] [Worker-ResourceReload-17/WARN] [net.minecraft.client.resources.model.BlockStateModelLoader/]: Exception loading blockstate definition: 'dndecor:blockstates/steel_flat_bolt.json' missing model for variant: 'dndecor:steel_flat_bolt#facing=south,rotation=315'
[14May2026 16:35:46.368] [Worker-ResourceReload-17/WARN] [net.minecraft.client.resources.model.BlockStateModelLoader/]: Exception loading blockstate definition: 'dndecor:blockstates/steel_flat_bolt.json' missing model for variant: 'dndecor:steel_flat_bolt#facing=north,rotation=0'
[14May2026 16:35:46.368] [Worker-ResourceReload-17/WARN] [net.minecraft.client.resources.model.BlockStateModelLoader/]: Exception loading blockstate definition: 'dndecor:blockstates/steel_flat_bolt.json' missing model for variant: 'dndecor:steel_flat_bolt#facing=down,rotation=45'
[14May2026 16:35:46.368] [Worker-ResourceReload-17/WARN] [net.minecraft.client.resources.model.BlockStateModelLoader/]: Exception loading blockstate definition: 'dndecor:blockstates/steel_flat_bolt.json' missing model for variant: 'dndecor:steel_flat_bolt#facing=up,rotation=45'
[14May2026 16:35:46.368] [Worker-ResourceReload-17/WARN] [net.minecraft.client.resources.model.BlockStateModelLoader/]: Exception loading blockstate definition: 'dndecor:blockstates/steel_flat_bolt.json' missing model for variant: 'dndecor:steel_flat_bolt#facing=up,rotation=180'
[14May2026 16:35:46.368] [Worker-ResourceReload-17/WARN] [net.minecraft.client.resources.model.BlockStateModelLoader/]: Exception loading blockstate definition: 'dndecor:blockstates/steel_flat_bolt.json' missing model for variant: 'dndecor:steel_flat_bolt#facing=south,rotation=135'
[14May2026 16:35:46.368] [Worker-ResourceReload-17/WARN] [net.minecraft.client.resources.model.BlockStateModelLoader/]: Exception loading blockstate definition: 'dndecor:blockstates/cast_iron_cross_bolt.json' missing model for variant: 'dndecor:cast_iron_cross_bolt#facing=up,rotation=225'
[14May2026 16:35:46.368] [Worker-ResourceReload-17/WARN] [net.minecraft.client.resources.model.BlockStateModelLoader/]: Exception loading blockstate definition: 'dndecor:blockstates/cast_iron_cross_bolt.json' missing model for variant: 'dndecor:cast_iron_cross_bolt#facing=up,rotation=90'
[14May2026 16:35:46.368] [Worker-ResourceReload-17/WARN] [net.minecraft.client.resources.model.BlockStateModelLoader/]: Exception loading blockstate definition: 'dndecor:blockstates/cast_iron_cross_bolt.json' missing model for variant: 'dndecor:cast_iron_cross_bolt#facing=north,rotation=270'
[14May2026 16:35:46.368] [Worker-ResourceReload-17/WARN] [net.minecraft.client.resources.model.BlockStateModelLoader/]: Exception loading blockstate definition: 'dndecor:blockstates/cast_iron_cross_bolt.json' missing model for variant: 'dndecor:cast_iron_cross_bolt#facing=west,rotation=90'
[14May2026 16:35:46.368] [Worker-ResourceReload-17/WARN] [net.minecraft.client.resources.model.BlockStateModelLoader/]: Exception loading blockstate definition: 'dndecor:blockstates/cast_iron_cross_bolt.json' missing model for variant: 'dndecor:cast_iron_cross_bolt#facing=down,rotation=180'
[14May2026 16:35:46.368] [Worker-ResourceReload-17/WARN] [net.minecraft.client.resources.model.BlockStateModelLoader/]: Exception loading blockstate definition: 'dndecor:blockstates/cast_iron_cross_bolt.json' missing model for variant: 'dndecor:cast_iron_cross_bolt#facing=east,rotation=315'
[14May2026 16:35:46.368] [Worker-ResourceReload-17/WARN] [net.minecraft.client.resources.model.BlockStateModelLoader/]: Exception loading blockstate definition: 'dndecor:blockstates/cast_iron_cross_bolt.json' missing model for variant: 'dndecor:cast_iron_cross_bolt#facing=east,rotation=90'
[14May2026 16:35:46.368] [Worker-ResourceReload-17/WARN] [net.minecraft.client.resources.model.BlockStateModelLoader/]: Exception loading blockstate definition: 'dndecor:blockstates/cast_iron_cross_bolt.json' missing model for variant: 'dndecor:cast_iron_cross_bolt#facing=south,rotation=0'
[14May2026 16:35:46.368] [Worker-ResourceReload-17/WARN] [net.minecraft.client.resources.model.BlockStateModelLoader/]: Exception loading blockstate definition: 'dndecor:blockstates/cast_iron_cross_bolt.json' missing model for variant: 'dndecor:cast_iron_cross_bolt#facing=north,rotation=90'
[14May2026 16:35:46.368] [Worker-ResourceReload-17/WARN] [net.minecraft.client.resources.model.BlockStateModelLoader/]: Exception loading blockstate definition: 'dndecor:blockstates/cast_iron_cross_bolt.json' missing model for variant: 'dndecor:cast_iron_cross_bolt#facing=west,rotation=270'
[14May2026 16:35:46.368] [Worker-ResourceReload-17/WARN] [net.minecraft.client.resources.model.BlockStateModelLoader/]: Exception loading blockstate definition: 'dndecor:blockstates/cast_iron_cross_bolt.json' missing model for variant: 'dndecor:cast_iron_cross_bolt#facing=east,rotation=135'
[14May2026 16:35:46.368] [Worker-ResourceReload-17/WARN] [net.minecraft.client.resources.model.BlockStateModelLoader/]: Exception loading blockstate definition: 'dndecor:blockstates/cast_iron_cross_bolt.json' missing model for variant: 'dndecor:cast_iron_cross_bolt#facing=north,rotation=135'
[14May2026 16:35:46.368] [Worker-ResourceReload-17/WARN] [net.minecraft.client.resources.model.BlockStateModelLoader/]: Exception loading blockstate definition: 'dndecor:blockstates/cast_iron_cross_bolt.json' missing model for variant: 'dndecor:cast_iron_cross_bolt#facing=down,rotation=90'
[14May2026 16:35:46.368] [Worker-ResourceReload-17/WARN] [net.minecraft.client.resources.model.BlockStateModelLoader/]: Exception loading blockstate definition: 'dndecor:blockstates/cast_iron_cross_bolt.json' missing model for variant: 'dndecor:cast_iron_cross_bolt#facing=west,rotation=0'
[14May2026 16:35:46.368] [Worker-ResourceReload-17/WARN] [net.minecraft.client.resources.model.BlockStateModelLoader/]: Exception loading blockstate definition: 'dndecor:blockstates/cast_iron_cross_bolt.json' missing model for variant: 'dndecor:cast_iron_cross_bolt#facing=west,rotation=135'
[14May2026 16:35:46.368] [Worker-ResourceReload-17/WARN] [net.minecraft.client.resources.model.BlockStateModelLoader/]: Exception loading blockstate definition: 'dndecor:blockstates/cast_iron_cross_bolt.json' missing model for variant: 'dndecor:cast_iron_cross_bolt#facing=down,rotation=225'
[14May2026 16:35:46.368] [Worker-ResourceReload-17/WARN] [net.minecraft.client.resources.model.BlockStateModelLoader/]: Exception loading blockstate definition: 'dndecor:blockstates/cast_iron_cross_bolt.json' missing model for variant: 'dndecor:cast_iron_cross_bolt#facing=south,rotation=180'
[14May2026 16:35:46.368] [Worker-ResourceReload-17/WARN] [net.minecraft.client.resources.model.BlockStateModelLoader/]: Exception loading blockstate definition: 'dndecor:blockstates/cast_iron_cross_bolt.json' missing model for variant: 'dndecor:cast_iron_cross_bolt#facing=west,rotation=225'
[14May2026 16:35:46.368] [Worker-ResourceReload-17/WARN] [net.minecraft.client.resources.model.BlockStateModelLoader/]: Exception loading blockstate definition: 'dndecor:blockstates/cast_iron_cross_bolt.json' missing model for variant: 'dndecor:cast_iron_cross_bolt#facing=down,rotation=0'
[14May2026 16:35:46.368] [Worker-ResourceReload-17/WARN] [net.minecraft.client.resources.model.BlockStateModelLoader/]: Exception loading blockstate definition: 'dndecor:blockstates/cast_iron_cross_bolt.json' missing model for variant: 'dndecor:cast_iron_cross_bolt#facing=south,rotation=135'
[14May2026 16:35:46.368] [Worker-ResourceReload-17/WARN] [net.minecraft.client.resources.model.BlockStateModelLoader/]: Exception loading blockstate definition: 'dndecor:blockstates/cast_iron_cross_bolt.json' missing model for variant: 'dndecor:cast_iron_cross_bolt#facing=north,rotation=315'
[14May2026 16:35:46.368] [Worker-ResourceReload-17/WARN] [net.minecraft.client.resources.model.BlockStateModelLoader/]: Exception loading blockstate definition: 'dndecor:blockstates/cast_iron_cross_bolt.json' missing model for variant: 'dndecor:cast_iron_cross_bolt#facing=north,rotation=0'
[14May2026 16:35:46.368] [Worker-ResourceReload-17/WARN] [net.minecraft.client.resources.model.BlockStateModelLoader/]: Exception loading blockstate definition: 'dndecor:blockstates/cast_iron_cross_bolt.json' missing model for variant: 'dndecor:cast_iron_cross_bolt#facing=south,rotation=315'
[14May2026 16:35:46.368] [Worker-ResourceReload-17/WARN] [net.minecraft.client.resources.model.BlockStateModelLoader/]: Exception loading blockstate definition: 'dndecor:blockstates/cast_iron_cross_bolt.json' missing model for variant: 'dndecor:cast_iron_cross_bolt#facing=south,rotation=90'
[14May2026 16:35:46.368] [Worker-ResourceReload-17/WARN] [net.minecraft.client.resources.model.BlockStateModelLoader/]: Exception loading blockstate definition: 'dndecor:blockstates/cast_iron_cross_bolt.json' missing model for variant: 'dndecor:cast_iron_cross_bolt#facing=east,rotation=45'
[14May2026 16:35:46.368] [Worker-ResourceReload-17/WARN] [net.minecraft.client.resources.model.BlockStateModelLoader/]: Exception loading blockstate definition: 'dndecor:blockstates/cast_iron_cross_bolt.json' missing model for variant: 'dndecor:cast_iron_cross_bolt#facing=up,rotation=45'
[14May2026 16:35:46.368] [Worker-ResourceReload-17/WARN] [net.minecraft.client.resources.model.BlockStateModelLoader/]: Exception loading blockstate definition: 'dndecor:blockstates/cast_iron_cross_bolt.json' missing model for variant: 'dndecor:cast_iron_cross_bolt#facing=down,rotation=45'
[14May2026 16:35:46.368] [Worker-ResourceReload-17/WARN] [net.minecraft.client.resources.model.BlockStateModelLoader/]: Exception loading blockstate definition: 'dndecor:blockstates/cast_iron_cross_bolt.json' missing model for variant: 'dndecor:cast_iron_cross_bolt#facing=north,rotation=45'
[14May2026 16:35:46.368] [Worker-ResourceReload-17/WARN] [net.minecraft.client.resources.model.BlockStateModelLoader/]: Exception loading blockstate definition: 'dndecor:blockstates/cast_iron_cross_bolt.json' missing model for variant: 'dndecor:cast_iron_cross_bolt#facing=up,rotation=180'
[14May2026 16:35:46.368] [Worker-ResourceReload-17/WARN] [net.minecraft.client.resources.model.BlockStateModelLoader/]: Exception loading blockstate definition: 'dndecor:blockstates/cast_iron_cross_bolt.json' missing model for variant: 'dndecor:cast_iron_cross_bolt#facing=east,rotation=270'
[14May2026 16:35:46.368] [Worker-ResourceReload-17/WARN] [net.minecraft.client.resources.model.BlockStateModelLoader/]: Exception loading blockstate definition: 'dndecor:blockstates/cast_iron_cross_bolt.json' missing model for variant: 'dndecor:cast_iron_cross_bolt#facing=north,rotation=180'
[14May2026 16:35:46.368] [Worker-ResourceReload-17/WARN] [net.minecraft.client.resources.model.BlockStateModelLoader/]: Exception loading blockstate definition: 'dndecor:blockstates/cast_iron_cross_bolt.json' missing model for variant: 'dndecor:cast_iron_cross_bolt#facing=down,rotation=270'
[14May2026 16:35:46.368] [Worker-ResourceReload-17/WARN] [net.minecraft.client.resources.model.BlockStateModelLoader/]: Exception loading blockstate definition: 'dndecor:blockstates/cast_iron_cross_bolt.json' missing model for variant: 'dndecor:cast_iron_cross_bolt#facing=up,rotation=315'
[14May2026 16:35:46.368] [Worker-ResourceReload-17/WARN] [net.minecraft.client.resources.model.BlockStateModelLoader/]: Exception loading blockstate definition: 'dndecor:blockstates/cast_iron_cross_bolt.json' missing model for variant: 'dndecor:cast_iron_cross_bolt#facing=west,rotation=180'
[14May2026 16:35:46.368] [Worker-ResourceReload-17/WARN] [net.minecraft.client.resources.model.BlockStateModelLoader/]: Exception loading blockstate definition: 'dndecor:blockstates/cast_iron_cross_bolt.json' missing model for variant: 'dndecor:cast_iron_cross_bolt#facing=east,rotation=225'
[14May2026 16:35:46.368] [Worker-ResourceReload-17/WARN] [net.minecraft.client.resources.model.BlockStateModelLoader/]: Exception loading blockstate definition: 'dndecor:blockstates/cast_iron_cross_bolt.json' missing model for variant: 'dndecor:cast_iron_cross_bolt#facing=up,rotation=135'
[14May2026 16:35:46.368] [Worker-ResourceReload-17/WARN] [net.minecraft.client.resources.model.BlockStateModelLoader/]: Exception loading blockstate definition: 'dndecor:blockstates/cast_iron_cross_bolt.json' missing model for variant: 'dndecor:cast_iron_cross_bolt#facing=down,rotation=135'
[14May2026 16:35:46.368] [Worker-ResourceReload-17/WARN] [net.minecraft.client.resources.model.BlockStateModelLoader/]: Exception loading blockstate definition: 'dndecor:blockstates/cast_iron_cross_bolt.json' missing model for variant: 'dndecor:cast_iron_cross_bolt#facing=up,rotation=0'
[14May2026 16:35:46.368] [Worker-ResourceReload-17/WARN] [net.minecraft.client.resources.model.BlockStateModelLoader/]: Exception loading blockstate definition: 'dndecor:blockstates/cast_iron_cross_bolt.json' missing model for variant: 'dndecor:cast_iron_cross_bolt#facing=down,rotation=315'
[14May2026 16:35:46.368] [Worker-ResourceReload-17/WARN] [net.minecraft.client.resources.model.BlockStateModelLoader/]: Exception loading blockstate definition: 'dndecor:blockstates/cast_iron_cross_bolt.json' missing model for variant: 'dndecor:cast_iron_cross_bolt#facing=south,rotation=270'
[14May2026 16:35:46.368] [Worker-ResourceReload-17/WARN] [net.minecraft.client.resources.model.BlockStateModelLoader/]: Exception loading blockstate definition: 'dndecor:blockstates/cast_iron_cross_bolt.json' missing model for variant: 'dndecor:cast_iron_cross_bolt#facing=south,rotation=45'
[14May2026 16:35:46.368] [Worker-ResourceReload-17/WARN] [net.minecraft.client.resources.model.BlockStateModelLoader/]: Exception loading blockstate definition: 'dndecor:blockstates/cast_iron_cross_bolt.json' missing model for variant: 'dndecor:cast_iron_cross_bolt#facing=east,rotation=180'
[14May2026 16:35:46.368] [Worker-ResourceReload-17/WARN] [net.minecraft.client.resources.model.BlockStateModelLoader/]: Exception loading blockstate definition: 'dndecor:blockstates/cast_iron_cross_bolt.json' missing model for variant: 'dndecor:cast_iron_cross_bolt#facing=west,rotation=315'
[14May2026 16:35:46.368] [Worker-ResourceReload-17/WARN] [net.minecraft.client.resources.model.BlockStateModelLoader/]: Exception loading blockstate definition: 'dndecor:blockstates/cast_iron_cross_bolt.json' missing model for variant: 'dndecor:cast_iron_cross_bolt#facing=north,rotation=225'
[14May2026 16:35:46.368] [Worker-ResourceReload-17/WARN] [net.minecraft.client.resources.model.BlockStateModelLoader/]: Exception loading blockstate definition: 'dndecor:blockstates/cast_iron_cross_bolt.json' missing model for variant: 'dndecor:cast_iron_cross_bolt#facing=west,rotation=45'
[14May2026 16:35:46.368] [Worker-ResourceReload-17/WARN] [net.minecraft.client.resources.model.BlockStateModelLoader/]: Exception loading blockstate definition: 'dndecor:blockstates/cast_iron_cross_bolt.json' missing model for variant: 'dndecor:cast_iron_cross_bolt#facing=south,rotation=225'
[14May2026 16:35:46.368] [Worker-ResourceReload-17/WARN] [net.minecraft.client.resources.model.BlockStateModelLoader/]: Exception loading blockstate definition: 'dndecor:blockstates/cast_iron_cross_bolt.json' missing model for variant: 'dndecor:cast_iron_cross_bolt#facing=east,rotation=0'
[14May2026 16:35:46.368] [Worker-ResourceReload-17/WARN] [net.minecraft.client.resources.model.BlockStateModelLoader/]: Exception loading blockstate definition: 'dndecor:blockstates/cast_iron_cross_bolt.json' missing model for variant: 'dndecor:cast_iron_cross_bolt#facing=up,rotation=270'
[14May2026 16:35:46.368] [Worker-ResourceReload-17/WARN] [net.minecraft.client.resources.model.BlockStateModelLoader/]: Exception loading blockstate definition: 'dndecor:blockstates/cast_iron_dash_bolt.json' missing model for variant: 'dndecor:cast_iron_dash_bolt#facing=north,rotation=270'
[14May2026 16:35:46.368] [Worker-ResourceReload-17/WARN] [net.minecraft.client.resources.model.BlockStateModelLoader/]: Exception loading blockstate definition: 'dndecor:blockstates/cast_iron_dash_bolt.json' missing model for variant: 'dndecor:cast_iron_dash_bolt#facing=up,rotation=225'
[14May2026 16:35:46.368] [Worker-ResourceReload-17/WARN] [net.minecraft.client.resources.model.BlockStateModelLoader/]: Exception loading blockstate definition: 'dndecor:blockstates/cast_iron_dash_bolt.json' missing model for variant: 'dndecor:cast_iron_dash_bolt#facing=west,rotation=90'
[14May2026 16:35:46.368] [Worker-ResourceReload-17/WARN] [net.minecraft.client.resources.model.BlockStateModelLoader/]: Exception loading blockstate definition: 'dndecor:blockstates/cast_iron_dash_bolt.json' missing model for variant: 'dndecor:cast_iron_dash_bolt#facing=up,rotation=90'
[14May2026 16:35:46.368] [Worker-ResourceReload-17/WARN] [net.minecraft.client.resources.model.BlockStateModelLoader/]: Exception loading blockstate definition: 'dndecor:blockstates/cast_iron_dash_bolt.json' missing model for variant: 'dndecor:cast_iron_dash_bolt#facing=south,rotation=0'
[14May2026 16:35:46.368] [Worker-ResourceReload-17/WARN] [net.minecraft.client.resources.model.BlockStateModelLoader/]: Exception loading blockstate definition: 'dndecor:blockstates/cast_iron_dash_bolt.json' missing model for variant: 'dndecor:cast_iron_dash_bolt#facing=west,rotation=270'
[14May2026 16:35:46.368] [Worker-ResourceReload-17/WARN] [net.minecraft.client.resources.model.BlockStateModelLoader/]: Exception loading blockstate definition: 'dndecor:blockstates/cast_iron_dash_bolt.json' missing model for variant: 'dndecor:cast_iron_dash_bolt#facing=down,rotation=180'
[14May2026 16:35:46.368] [Worker-ResourceReload-17/WARN] [net.minecraft.client.resources.model.BlockStateModelLoader/]: Exception loading blockstate definition: 'dndecor:blockstates/cast_iron_dash_bolt.json' missing model for variant: 'dndecor:cast_iron_dash_bolt#facing=north,rotation=90'
[14May2026 16:35:46.368] [Worker-ResourceReload-17/WARN] [net.minecraft.client.resources.model.BlockStateModelLoader/]: Exception loading blockstate definition: 'dndecor:blockstates/cast_iron_dash_bolt.json' missing model for variant: 'dndecor:cast_iron_dash_bolt#facing=north,rotation=135'
[14May2026 16:35:46.368] [Worker-ResourceReload-17/WARN] [net.minecraft.client.resources.model.BlockStateModelLoader/]: Exception loading blockstate definition: 'dndecor:blockstates/cast_iron_dash_bolt.json' missing model for variant: 'dndecor:cast_iron_dash_bolt#facing=east,rotation=135'
[14May2026 16:35:46.368] [Worker-ResourceReload-17/WARN] [net.minecraft.client.resources.model.BlockStateModelLoader/]: Exception loading blockstate definition: 'dndecor:blockstates/cast_iron_dash_bolt.json' missing model for variant: 'dndecor:cast_iron_dash_bolt#facing=south,rotation=180'
[14May2026 16:35:46.368] [Worker-ResourceReload-17/WARN] [net.minecraft.client.resources.model.BlockStateModelLoader/]: Exception loading blockstate definition: 'dndecor:blockstates/cast_iron_dash_bolt.json' missing model for variant: 'dndecor:cast_iron_dash_bolt#facing=down,rotation=225'
[14May2026 16:35:46.368] [Worker-ResourceReload-17/WARN] [net.minecraft.client.resources.model.BlockStateModelLoader/]: Exception loading blockstate definition: 'dndecor:blockstates/cast_iron_dash_bolt.json' missing model for variant: 'dndecor:cast_iron_dash_bolt#facing=west,rotation=135'
[14May2026 16:35:46.368] [Worker-ResourceReload-17/WARN] [net.minecraft.client.resources.model.BlockStateModelLoader/]: Exception loading blockstate definition: 'dndecor:blockstates/cast_iron_dash_bolt.json' missing model for variant: 'dndecor:cast_iron_dash_bolt#facing=down,rotation=90'
[14May2026 16:35:46.368] [Worker-ResourceReload-17/WARN] [net.minecraft.client.resources.model.BlockStateModelLoader/]: Exception loading blockstate definition: 'dndecor:blockstates/cast_iron_dash_bolt.json' missing model for variant: 'dndecor:cast_iron_dash_bolt#facing=east,rotation=315'
[14May2026 16:35:46.368] [Worker-ResourceReload-17/WARN] [net.minecraft.client.resources.model.BlockStateModelLoader/]: Exception loading blockstate definition: 'dndecor:blockstates/cast_iron_dash_bolt.json' missing model for variant: 'dndecor:cast_iron_dash_bolt#facing=west,rotation=0'
[14May2026 16:35:46.368] [Worker-ResourceReload-17/WARN] [net.minecraft.client.resources.model.BlockStateModelLoader/]: Exception loading blockstate definition: 'dndecor:blockstates/cast_iron_dash_bolt.json' missing model for variant: 'dndecor:cast_iron_dash_bolt#facing=east,rotation=270'
[14May2026 16:35:46.369] [Worker-ResourceReload-17/WARN] [net.minecraft.client.resources.model.BlockStateModelLoader/]: Exception loading blockstate definition: 'dndecor:blockstates/cast_iron_dash_bolt.json' missing model for variant: 'dndecor:cast_iron_dash_bolt#facing=west,rotation=225'
[14May2026 16:35:46.369] [Worker-ResourceReload-17/WARN] [net.minecraft.client.resources.model.BlockStateModelLoader/]: Exception loading blockstate definition: 'dndecor:blockstates/cast_iron_dash_bolt.json' missing model for variant: 'dndecor:cast_iron_dash_bolt#facing=down,rotation=0'
[14May2026 16:35:46.369] [Worker-ResourceReload-17/WARN] [net.minecraft.client.resources.model.BlockStateModelLoader/]: Exception loading blockstate definition: 'dndecor:blockstates/cast_iron_dash_bolt.json' missing model for variant: 'dndecor:cast_iron_dash_bolt#facing=south,rotation=135'
[14May2026 16:35:46.369] [Worker-ResourceReload-17/WARN] [net.minecraft.client.resources.model.BlockStateModelLoader/]: Exception loading blockstate definition: 'dndecor:blockstates/cast_iron_dash_bolt.json' missing model for variant: 'dndecor:cast_iron_dash_bolt#facing=north,rotation=315'
[14May2026 16:35:46.369] [Worker-ResourceReload-17/WARN] [net.minecraft.client.resources.model.BlockStateModelLoader/]: Exception loading blockstate definition: 'dndecor:blockstates/cast_iron_dash_bolt.json' missing model for variant: 'dndecor:cast_iron_dash_bolt#facing=up,rotation=45'
[14May2026 16:35:46.369] [Worker-ResourceReload-17/WARN] [net.minecraft.client.resources.model.BlockStateModelLoader/]: Exception loading blockstate definition: 'dndecor:blockstates/cast_iron_dash_bolt.json' missing model for variant: 'dndecor:cast_iron_dash_bolt#facing=down,rotation=45'
[14May2026 16:35:46.369] [Worker-ResourceReload-17/WARN] [net.minecraft.client.resources.model.BlockStateModelLoader/]: Exception loading blockstate definition: 'dndecor:blockstates/cast_iron_dash_bolt.json' missing model for variant: 'dndecor:cast_iron_dash_bolt#facing=south,rotation=90'
[14May2026 16:35:46.369] [Worker-ResourceReload-17/WARN] [net.minecraft.client.resources.model.BlockStateModelLoader/]: Exception loading blockstate definition: 'dndecor:blockstates/cast_iron_dash_bolt.json' missing model for variant: 'dndecor:cast_iron_dash_bolt#facing=north,rotation=45'
[14May2026 16:35:46.369] [Worker-ResourceReload-17/WARN] [net.minecraft.client.resources.model.BlockStateModelLoader/]: Exception loading blockstate definition: 'dndecor:blockstates/cast_iron_dash_bolt.json' missing model for variant: 'dndecor:cast_iron_dash_bolt#facing=up,rotation=180'
[14May2026 16:35:46.369] [Worker-ResourceReload-17/WARN] [net.minecraft.client.resources.model.BlockStateModelLoader/]: Exception loading blockstate definition: 'dndecor:blockstates/cast_iron_dash_bolt.json' missing model for variant: 'dndecor:cast_iron_dash_bolt#facing=north,rotation=0'
[14May2026 16:35:46.369] [Worker-ResourceReload-17/WARN] [net.minecraft.client.resources.model.BlockStateModelLoader/]: Exception loading blockstate definition: 'dndecor:blockstates/cast_iron_dash_bolt.json' missing model for variant: 'dndecor:cast_iron_dash_bolt#facing=south,rotation=315'
[14May2026 16:35:46.369] [Worker-ResourceReload-17/WARN] [net.minecraft.client.resources.model.BlockStateModelLoader/]: Exception loading blockstate definition: 'dndecor:blockstates/cast_iron_dash_bolt.json' missing model for variant: 'dndecor:cast_iron_dash_bolt#facing=north,rotation=180'
[14May2026 16:35:46.369] [Worker-ResourceReload-17/WARN] [net.minecraft.client.resources.model.BlockStateModelLoader/]: Exception loading blockstate definition: 'dndecor:blockstates/cast_iron_dash_bolt.json' missing model for variant: 'dndecor:cast_iron_dash_bolt#facing=up,rotation=315'
[14May2026 16:35:46.369] [Worker-ResourceReload-17/WARN] [net.minecraft.client.resources.model.BlockStateModelLoader/]: Exception loading blockstate definition: 'dndecor:blockstates/cast_iron_dash_bolt.json' missing model for variant: 'dndecor:cast_iron_dash_bolt#facing=east,rotation=45'
[14May2026 16:35:46.369] [Worker-ResourceReload-17/WARN] [net.minecraft.client.resources.model.BlockStateModelLoader/]: Exception loading blockstate definition: 'dndecor:blockstates/cast_iron_dash_bolt.json' missing model for variant: 'dndecor:cast_iron_dash_bolt#facing=west,rotation=180'
[14May2026 16:35:46.369] [Worker-ResourceReload-17/WARN] [net.minecraft.client.resources.model.BlockStateModelLoader/]: Exception loading blockstate definition: 'dndecor:blockstates/cast_iron_dash_bolt.json' missing model for variant: 'dndecor:cast_iron_dash_bolt#facing=up,rotation=135'
[14May2026 16:35:46.369] [Worker-ResourceReload-17/WARN] [net.minecraft.client.resources.model.BlockStateModelLoader/]: Exception loading blockstate definition: 'dndecor:blockstates/cast_iron_dash_bolt.json' missing model for variant: 'dndecor:cast_iron_dash_bolt#facing=down,rotation=270'
[14May2026 16:35:46.369] [Worker-ResourceReload-17/WARN] [net.minecraft.client.resources.model.BlockStateModelLoader/]: Exception loading blockstate definition: 'dndecor:blockstates/cast_iron_dash_bolt.json' missing model for variant: 'dndecor:cast_iron_dash_bolt#facing=up,rotation=0'
[14May2026 16:35:46.369] [Worker-ResourceReload-17/WARN] [net.minecraft.client.resources.model.BlockStateModelLoader/]: Exception loading blockstate definition: 'dndecor:blockstates/cast_iron_dash_bolt.json' missing model for variant: 'dndecor:cast_iron_dash_bolt#facing=east,rotation=225'
[14May2026 16:35:46.369] [Worker-ResourceReload-17/WARN] [net.minecraft.client.resources.model.BlockStateModelLoader/]: Exception loading blockstate definition: 'dndecor:blockstates/cast_iron_dash_bolt.json' missing model for variant: 'dndecor:cast_iron_dash_bolt#facing=south,rotation=270'
[14May2026 16:35:46.369] [Worker-ResourceReload-17/WARN] [net.minecraft.client.resources.model.BlockStateModelLoader/]: Exception loading blockstate definition: 'dndecor:blockstates/cast_iron_dash_bolt.json' missing model for variant: 'dndecor:cast_iron_dash_bolt#facing=down,rotation=315'
[14May2026 16:35:46.369] [Worker-ResourceReload-17/WARN] [net.minecraft.client.resources.model.BlockStateModelLoader/]: Exception loading blockstate definition: 'dndecor:blockstates/cast_iron_dash_bolt.json' missing model for variant: 'dndecor:cast_iron_dash_bolt#facing=down,rotation=135'
[14May2026 16:35:46.369] [Worker-ResourceReload-17/WARN] [net.minecraft.client.resources.model.BlockStateModelLoader/]: Exception loading blockstate definition: 'dndecor:blockstates/cast_iron_dash_bolt.json' missing model for variant: 'dndecor:cast_iron_dash_bolt#facing=west,rotation=315'
[14May2026 16:35:46.369] [Worker-ResourceReload-17/WARN] [net.minecraft.client.resources.model.BlockStateModelLoader/]: Exception loading blockstate definition: 'dndecor:blockstates/cast_iron_dash_bolt.json' missing model for variant: 'dndecor:cast_iron_dash_bolt#facing=south,rotation=45'
[14May2026 16:35:46.369] [Worker-ResourceReload-17/WARN] [net.minecraft.client.resources.model.BlockStateModelLoader/]: Exception loading blockstate definition: 'dndecor:blockstates/cast_iron_dash_bolt.json' missing model for variant: 'dndecor:cast_iron_dash_bolt#facing=north,rotation=225'
[14May2026 16:35:46.369] [Worker-ResourceReload-17/WARN] [net.minecraft.client.resources.model.BlockStateModelLoader/]: Exception loading blockstate definition: 'dndecor:blockstates/cast_iron_dash_bolt.json' missing model for variant: 'dndecor:cast_iron_dash_bolt#facing=west,rotation=45'
[14May2026 16:35:46.369] [Worker-ResourceReload-17/WARN] [net.minecraft.client.resources.model.BlockStateModelLoader/]: Exception loading blockstate definition: 'dndecor:blockstates/cast_iron_dash_bolt.json' missing model for variant: 'dndecor:cast_iron_dash_bolt#facing=east,rotation=90'
[14May2026 16:35:46.369] [Worker-ResourceReload-17/WARN] [net.minecraft.client.resources.model.BlockStateModelLoader/]: Exception loading blockstate definition: 'dndecor:blockstates/cast_iron_dash_bolt.json' missing model for variant: 'dndecor:cast_iron_dash_bolt#facing=south,rotation=225'
[14May2026 16:35:46.369] [Worker-ResourceReload-17/WARN] [net.minecraft.client.resources.model.BlockStateModelLoader/]: Exception loading blockstate definition: 'dndecor:blockstates/cast_iron_dash_bolt.json' missing model for variant: 'dndecor:cast_iron_dash_bolt#facing=east,rotation=0'
[14May2026 16:35:46.369] [Worker-ResourceReload-17/WARN] [net.minecraft.client.resources.model.BlockStateModelLoader/]: Exception loading blockstate definition: 'dndecor:blockstates/cast_iron_dash_bolt.json' missing model for variant: 'dndecor:cast_iron_dash_bolt#facing=east,rotation=180'
[14May2026 16:35:46.369] [Worker-ResourceReload-17/WARN] [net.minecraft.client.resources.model.BlockStateModelLoader/]: Exception loading blockstate definition: 'dndecor:blockstates/cast_iron_dash_bolt.json' missing model for variant: 'dndecor:cast_iron_dash_bolt#facing=up,rotation=270'
[14May2026 16:35:46.369] [Worker-ResourceReload-17/WARN] [net.minecraft.client.resources.model.BlockStateModelLoader/]: Exception loading blockstate definition: 'dndecor:blockstates/cast_iron_dot_bolt.json' missing model for variant: 'dndecor:cast_iron_dot_bolt#facing=north,rotation=135'
[14May2026 16:35:46.369] [Worker-ResourceReload-17/WARN] [net.minecraft.client.resources.model.BlockStateModelLoader/]: Exception loading blockstate definition: 'dndecor:blockstates/cast_iron_dot_bolt.json' missing model for variant: 'dndecor:cast_iron_dot_bolt#facing=south,rotation=180'
[14May2026 16:35:46.369] [Worker-ResourceReload-17/WARN] [net.minecraft.client.resources.model.BlockStateModelLoader/]: Exception loading blockstate definition: 'dndecor:blockstates/cast_iron_dot_bolt.json' missing model for variant: 'dndecor:cast_iron_dot_bolt#facing=down,rotation=225'
[14May2026 16:35:46.369] [Worker-ResourceReload-17/WARN] [net.minecraft.client.resources.model.BlockStateModelLoader/]: Exception loading blockstate definition: 'dndecor:blockstates/cast_iron_dot_bolt.json' missing model for variant: 'dndecor:cast_iron_dot_bolt#facing=west,rotation=135'
[14May2026 16:35:46.369] [Worker-ResourceReload-17/WARN] [net.minecraft.client.resources.model.BlockStateModelLoader/]: Exception loading blockstate definition: 'dndecor:blockstates/cast_iron_dot_bolt.json' missing model for variant: 'dndecor:cast_iron_dot_bolt#facing=east,rotation=180'
[14May2026 16:35:46.369] [Worker-ResourceReload-17/WARN] [net.minecraft.client.resources.model.BlockStateModelLoader/]: Exception loading blockstate definition: 'dndecor:blockstates/cast_iron_dot_bolt.json' missing model for variant: 'dndecor:cast_iron_dot_bolt#facing=south,rotation=45'
[14May2026 16:35:46.369] [Worker-ResourceReload-17/WARN] [net.minecraft.client.resources.model.BlockStateModelLoader/]: Exception loading blockstate definition: 'dndecor:blockstates/cast_iron_dot_bolt.json' missing model for variant: 'dndecor:cast_iron_dot_bolt#facing=north,rotation=90'
[14May2026 16:35:46.369] [Worker-ResourceReload-17/WARN] [net.minecraft.client.resources.model.BlockStateModelLoader/]: Exception loading blockstate definition: 'dndecor:blockstates/cast_iron_dot_bolt.json' missing model for variant: 'dndecor:cast_iron_dot_bolt#facing=west,rotation=315'
[14May2026 16:35:46.369] [Worker-ResourceReload-17/WARN] [net.minecraft.client.resources.model.BlockStateModelLoader/]: Exception loading blockstate definition: 'dndecor:blockstates/cast_iron_dot_bolt.json' missing model for variant: 'dndecor:cast_iron_dot_bolt#facing=north,rotation=315'
[14May2026 16:35:46.369] [Worker-ResourceReload-17/WARN] [net.minecraft.client.resources.model.BlockStateModelLoader/]: Exception loading blockstate definition: 'dndecor:blockstates/cast_iron_dot_bolt.json' missing model for variant: 'dndecor:cast_iron_dot_bolt#facing=west,rotation=0'
[14May2026 16:35:46.369] [Worker-ResourceReload-17/WARN] [net.minecraft.client.resources.model.BlockStateModelLoader/]: Exception loading blockstate definition: 'dndecor:blockstates/cast_iron_dot_bolt.json' missing model for variant: 'dndecor:cast_iron_dot_bolt#facing=down,rotation=90'
[14May2026 16:35:46.369] [Worker-ResourceReload-17/WARN] [net.minecraft.client.resources.model.BlockStateModelLoader/]: Exception loading blockstate definition: 'dndecor:blockstates/cast_iron_dot_bolt.json' missing model for variant: 'dndecor:cast_iron_dot_bolt#facing=up,rotation=90'
[14May2026 16:35:46.369] [Worker-ResourceReload-17/WARN] [net.minecraft.client.resources.model.BlockStateModelLoader/]: Exception loading blockstate definition: 'dndecor:blockstates/cast_iron_dot_bolt.json' missing model for variant: 'dndecor:cast_iron_dot_bolt#facing=east,rotation=225'
[14May2026 16:35:46.369] [Worker-ResourceReload-17/WARN] [net.minecraft.client.resources.model.BlockStateModelLoader/]: Exception loading blockstate definition: 'dndecor:blockstates/cast_iron_dot_bolt.json' missing model for variant: 'dndecor:cast_iron_dot_bolt#facing=east,rotation=90'
[14May2026 16:35:46.369] [Worker-ResourceReload-17/WARN] [net.minecraft.client.resources.model.BlockStateModelLoader/]: Exception loading blockstate definition: 'dndecor:blockstates/cast_iron_dot_bolt.json' missing model for variant: 'dndecor:cast_iron_dot_bolt#facing=up,rotation=270'
[14May2026 16:35:46.369] [Worker-ResourceReload-17/WARN] [net.minecraft.client.resources.model.BlockStateModelLoader/]: Exception loading blockstate definition: 'dndecor:blockstates/cast_iron_dot_bolt.json' missing model for variant: 'dndecor:cast_iron_dot_bolt#facing=east,rotation=0'
[14May2026 16:35:46.369] [Worker-ResourceReload-17/WARN] [net.minecraft.client.resources.model.BlockStateModelLoader/]: Exception loading blockstate definition: 'dndecor:blockstates/cast_iron_dot_bolt.json' missing model for variant: 'dndecor:cast_iron_dot_bolt#facing=south,rotation=0'
[14May2026 16:35:46.369] [Worker-ResourceReload-17/WARN] [net.minecraft.client.resources.model.BlockStateModelLoader/]: Exception loading blockstate definition: 'dndecor:blockstates/cast_iron_dot_bolt.json' missing model for variant: 'dndecor:cast_iron_dot_bolt#facing=south,rotation=225'
[14May2026 16:35:46.369] [Worker-ResourceReload-17/WARN] [net.minecraft.client.resources.model.BlockStateModelLoader/]: Exception loading blockstate definition: 'dndecor:blockstates/cast_iron_dot_bolt.json' missing model for variant: 'dndecor:cast_iron_dot_bolt#facing=north,rotation=270'
[14May2026 16:35:46.369] [Worker-ResourceReload-17/WARN] [net.minecraft.client.resources.model.BlockStateModelLoader/]: Exception loading blockstate definition: 'dndecor:blockstates/cast_iron_dot_bolt.json' missing model for variant: 'dndecor:cast_iron_dot_bolt#facing=up,rotation=315'
[14May2026 16:35:46.369] [Worker-ResourceReload-17/WARN] [net.minecraft.client.resources.model.BlockStateModelLoader/]: Exception loading blockstate definition: 'dndecor:blockstates/cast_iron_dot_bolt.json' missing model for variant: 'dndecor:cast_iron_dot_bolt#facing=up,rotation=135'
[14May2026 16:35:46.369] [Worker-ResourceReload-17/WARN] [net.minecraft.client.resources.model.BlockStateModelLoader/]: Exception loading blockstate definition: 'dndecor:blockstates/cast_iron_dot_bolt.json' missing model for variant: 'dndecor:cast_iron_dot_bolt#facing=west,rotation=45'
[14May2026 16:35:46.369] [Worker-ResourceReload-17/WARN] [net.minecraft.client.resources.model.BlockStateModelLoader/]: Exception loading blockstate definition: 'dndecor:blockstates/cast_iron_dot_bolt.json' missing model for variant: 'dndecor:cast_iron_dot_bolt#facing=west,rotation=180'
[14May2026 16:35:46.369] [Worker-ResourceReload-17/WARN] [net.minecraft.client.resources.model.BlockStateModelLoader/]: Exception loading blockstate definition: 'dndecor:blockstates/cast_iron_dot_bolt.json' missing model for variant: 'dndecor:cast_iron_dot_bolt#facing=down,rotation=180'
[14May2026 16:35:46.369] [Worker-ResourceReload-17/WARN] [net.minecraft.client.resources.model.BlockStateModelLoader/]: Exception loading blockstate definition: 'dndecor:blockstates/cast_iron_dot_bolt.json' missing model for variant: 'dndecor:cast_iron_dot_bolt#facing=south,rotation=270'
[14May2026 16:35:46.369] [Worker-ResourceReload-17/WARN] [net.minecraft.client.resources.model.BlockStateModelLoader/]: Exception loading blockstate definition: 'dndecor:blockstates/cast_iron_dot_bolt.json' missing model for variant: 'dndecor:cast_iron_dot_bolt#facing=up,rotation=0'
[14May2026 16:35:46.369] [Worker-ResourceReload-17/WARN] [net.minecraft.client.resources.model.BlockStateModelLoader/]: Exception loading blockstate definition: 'dndecor:blockstates/cast_iron_dot_bolt.json' missing model for variant: 'dndecor:cast_iron_dot_bolt#facing=down,rotation=135'
[14May2026 16:35:46.369] [Worker-ResourceReload-17/WARN] [net.minecraft.client.resources.model.BlockStateModelLoader/]: Exception loading blockstate definition: 'dndecor:blockstates/cast_iron_dot_bolt.json' missing model for variant: 'dndecor:cast_iron_dot_bolt#facing=north,rotation=45'
[14May2026 16:35:46.369] [Worker-ResourceReload-17/WARN] [net.minecraft.client.resources.model.BlockStateModelLoader/]: Exception loading blockstate definition: 'dndecor:blockstates/cast_iron_dot_bolt.json' missing model for variant: 'dndecor:cast_iron_dot_bolt#facing=up,rotation=45'
[14May2026 16:35:46.369] [Worker-ResourceReload-17/WARN] [net.minecraft.client.resources.model.BlockStateModelLoader/]: Exception loading blockstate definition: 'dndecor:blockstates/cast_iron_dot_bolt.json' missing model for variant: 'dndecor:cast_iron_dot_bolt#facing=south,rotation=135'
[14May2026 16:35:46.369] [Worker-ResourceReload-17/WARN] [net.minecraft.client.resources.model.BlockStateModelLoader/]: Exception loading blockstate definition: 'dndecor:blockstates/cast_iron_dot_bolt.json' missing model for variant: 'dndecor:cast_iron_dot_bolt#facing=west,rotation=225'
[14May2026 16:35:46.369] [Worker-ResourceReload-17/WARN] [net.minecraft.client.resources.model.BlockStateModelLoader/]: Exception loading blockstate definition: 'dndecor:blockstates/cast_iron_dot_bolt.json' missing model for variant: 'dndecor:cast_iron_dot_bolt#facing=down,rotation=315'
[14May2026 16:35:46.369] [Worker-ResourceReload-17/WARN] [net.minecraft.client.resources.model.BlockStateModelLoader/]: Exception loading blockstate definition: 'dndecor:blockstates/cast_iron_dot_bolt.json' missing model for variant: 'dndecor:cast_iron_dot_bolt#facing=north,rotation=225'
[14May2026 16:35:46.369] [Worker-ResourceReload-17/WARN] [net.minecraft.client.resources.model.BlockStateModelLoader/]: Exception loading blockstate definition: 'dndecor:blockstates/cast_iron_dot_bolt.json' missing model for variant: 'dndecor:cast_iron_dot_bolt#facing=north,rotation=0'
[14May2026 16:35:46.369] [Worker-ResourceReload-17/WARN] [net.minecraft.client.resources.model.BlockStateModelLoader/]: Exception loading blockstate definition: 'dndecor:blockstates/cast_iron_dot_bolt.json' missing model for variant: 'dndecor:cast_iron_dot_bolt#facing=east,rotation=135'
[14May2026 16:35:46.369] [Worker-ResourceReload-17/WARN] [net.minecraft.client.resources.model.BlockStateModelLoader/]: Exception loading blockstate definition: 'dndecor:blockstates/cast_iron_dot_bolt.json' missing model for variant: 'dndecor:cast_iron_dot_bolt#facing=west,rotation=90'
[14May2026 16:35:46.369] [Worker-ResourceReload-17/WARN] [net.minecraft.client.resources.model.BlockStateModelLoader/]: Exception loading blockstate definition: 'dndecor:blockstates/cast_iron_dot_bolt.json' missing model for variant: 'dndecor:cast_iron_dot_bolt#facing=south,rotation=315'
[14May2026 16:35:46.369] [Worker-ResourceReload-17/WARN] [net.minecraft.client.resources.model.BlockStateModelLoader/]: Exception loading blockstate definition: 'dndecor:blockstates/cast_iron_dot_bolt.json' missing model for variant: 'dndecor:cast_iron_dot_bolt#facing=up,rotation=180'
[14May2026 16:35:46.369] [Worker-ResourceReload-17/WARN] [net.minecraft.client.resources.model.BlockStateModelLoader/]: Exception loading blockstate definition: 'dndecor:blockstates/cast_iron_dot_bolt.json' missing model for variant: 'dndecor:cast_iron_dot_bolt#facing=down,rotation=45'
[14May2026 16:35:46.369] [Worker-ResourceReload-17/WARN] [net.minecraft.client.resources.model.BlockStateModelLoader/]: Exception loading blockstate definition: 'dndecor:blockstates/cast_iron_dot_bolt.json' missing model for variant: 'dndecor:cast_iron_dot_bolt#facing=east,rotation=315'
[14May2026 16:35:46.369] [Worker-ResourceReload-17/WARN] [net.minecraft.client.resources.model.BlockStateModelLoader/]: Exception loading blockstate definition: 'dndecor:blockstates/cast_iron_dot_bolt.json' missing model for variant: 'dndecor:cast_iron_dot_bolt#facing=down,rotation=270'
[14May2026 16:35:46.369] [Worker-ResourceReload-17/WARN] [net.minecraft.client.resources.model.BlockStateModelLoader/]: Exception loading blockstate definition: 'dndecor:blockstates/cast_iron_dot_bolt.json' missing model for variant: 'dndecor:cast_iron_dot_bolt#facing=north,rotation=180'
[14May2026 16:35:46.369] [Worker-ResourceReload-17/WARN] [net.minecraft.client.resources.model.BlockStateModelLoader/]: Exception loading blockstate definition: 'dndecor:blockstates/cast_iron_dot_bolt.json' missing model for variant: 'dndecor:cast_iron_dot_bolt#facing=up,rotation=225'
[14May2026 16:35:46.369] [Worker-ResourceReload-17/WARN] [net.minecraft.client.resources.model.BlockStateModelLoader/]: Exception loading blockstate definition: 'dndecor:blockstates/cast_iron_dot_bolt.json' missing model for variant: 'dndecor:cast_iron_dot_bolt#facing=down,rotation=0'
[14May2026 16:35:46.369] [Worker-ResourceReload-17/WARN] [net.minecraft.client.resources.model.BlockStateModelLoader/]: Exception loading blockstate definition: 'dndecor:blockstates/cast_iron_dot_bolt.json' missing model for variant: 'dndecor:cast_iron_dot_bolt#facing=east,rotation=270'
[14May2026 16:35:46.369] [Worker-ResourceReload-17/WARN] [net.minecraft.client.resources.model.BlockStateModelLoader/]: Exception loading blockstate definition: 'dndecor:blockstates/cast_iron_dot_bolt.json' missing model for variant: 'dndecor:cast_iron_dot_bolt#facing=east,rotation=45'
[14May2026 16:35:46.369] [Worker-ResourceReload-17/WARN] [net.minecraft.client.resources.model.BlockStateModelLoader/]: Exception loading blockstate definition: 'dndecor:blockstates/cast_iron_dot_bolt.json' missing model for variant: 'dndecor:cast_iron_dot_bolt#facing=west,rotation=270'
[14May2026 16:35:46.369] [Worker-ResourceReload-17/WARN] [net.minecraft.client.resources.model.BlockStateModelLoader/]: Exception loading blockstate definition: 'dndecor:blockstates/cast_iron_dot_bolt.json' missing model for variant: 'dndecor:cast_iron_dot_bolt#facing=south,rotation=90'
[14May2026 16:35:46.369] [Worker-ResourceReload-17/WARN] [net.minecraft.client.resources.model.BlockStateModelLoader/]: Exception loading blockstate definition: 'dndecor:blockstates/cast_iron_flat_bolt.json' missing model for variant: 'dndecor:cast_iron_flat_bolt#facing=south,rotation=225'
[14May2026 16:35:46.369] [Worker-ResourceReload-17/WARN] [net.minecraft.client.resources.model.BlockStateModelLoader/]: Exception loading blockstate definition: 'dndecor:blockstates/cast_iron_flat_bolt.json' missing model for variant: 'dndecor:cast_iron_flat_bolt#facing=west,rotation=315'
[14May2026 16:35:46.369] [Worker-ResourceReload-17/WARN] [net.minecraft.client.resources.model.BlockStateModelLoader/]: Exception loading blockstate definition: 'dndecor:blockstates/cast_iron_flat_bolt.json' missing model for variant: 'dndecor:cast_iron_flat_bolt#facing=north,rotation=315'
[14May2026 16:35:46.369] [Worker-ResourceReload-17/WARN] [net.minecraft.client.resources.model.BlockStateModelLoader/]: Exception loading blockstate definition: 'dndecor:blockstates/cast_iron_flat_bolt.json' missing model for variant: 'dndecor:cast_iron_flat_bolt#facing=down,rotation=225'
[14May2026 16:35:46.369] [Worker-ResourceReload-17/WARN] [net.minecraft.client.resources.model.BlockStateModelLoader/]: Exception loading blockstate definition: 'dndecor:blockstates/cast_iron_flat_bolt.json' missing model for variant: 'dndecor:cast_iron_flat_bolt#facing=north,rotation=135'
[14May2026 16:35:46.369] [Worker-ResourceReload-17/WARN] [net.minecraft.client.resources.model.BlockStateModelLoader/]: Exception loading blockstate definition: 'dndecor:blockstates/cast_iron_flat_bolt.json' missing model for variant: 'dndecor:cast_iron_flat_bolt#facing=down,rotation=90'
[14May2026 16:35:46.369] [Worker-ResourceReload-17/WARN] [net.minecraft.client.resources.model.BlockStateModelLoader/]: Exception loading blockstate definition: 'dndecor:blockstates/cast_iron_flat_bolt.json' missing model for variant: 'dndecor:cast_iron_flat_bolt#facing=east,rotation=225'
[14May2026 16:35:46.369] [Worker-ResourceReload-17/WARN] [net.minecraft.client.resources.model.BlockStateModelLoader/]: Exception loading blockstate definition: 'dndecor:blockstates/cast_iron_flat_bolt.json' missing model for variant: 'dndecor:cast_iron_flat_bolt#facing=south,rotation=45'
[14May2026 16:35:46.369] [Worker-ResourceReload-17/WARN] [net.minecraft.client.resources.model.BlockStateModelLoader/]: Exception loading blockstate definition: 'dndecor:blockstates/cast_iron_flat_bolt.json' missing model for variant: 'dndecor:cast_iron_flat_bolt#facing=south,rotation=180'
[14May2026 16:35:46.369] [Worker-ResourceReload-17/WARN] [net.minecraft.client.resources.model.BlockStateModelLoader/]: Exception loading blockstate definition: 'dndecor:blockstates/cast_iron_flat_bolt.json' missing model for variant: 'dndecor:cast_iron_flat_bolt#facing=west,rotation=135'
[14May2026 16:35:46.369] [Worker-ResourceReload-17/WARN] [net.minecraft.client.resources.model.BlockStateModelLoader/]: Exception loading blockstate definition: 'dndecor:blockstates/cast_iron_flat_bolt.json' missing model for variant: 'dndecor:cast_iron_flat_bolt#facing=west,rotation=180'
[14May2026 16:35:46.369] [Worker-ResourceReload-17/WARN] [net.minecraft.client.resources.model.BlockStateModelLoader/]: Exception loading blockstate definition: 'dndecor:blockstates/cast_iron_flat_bolt.json' missing model for variant: 'dndecor:cast_iron_flat_bolt#facing=north,rotation=270'
[14May2026 16:35:46.369] [Worker-ResourceReload-17/WARN] [net.minecraft.client.resources.model.BlockStateModelLoader/]: Exception loading blockstate definition: 'dndecor:blockstates/cast_iron_flat_bolt.json' missing model for variant: 'dndecor:cast_iron_flat_bolt#facing=west,rotation=0'
[14May2026 16:35:46.369] [Worker-ResourceReload-17/WARN] [net.minecraft.client.resources.model.BlockStateModelLoader/]: Exception loading blockstate definition: 'dndecor:blockstates/cast_iron_flat_bolt.json' missing model for variant: 'dndecor:cast_iron_flat_bolt#facing=up,rotation=315'
[14May2026 16:35:46.369] [Worker-ResourceReload-17/WARN] [net.minecraft.client.resources.model.BlockStateModelLoader/]: Exception loading blockstate definition: 'dndecor:blockstates/cast_iron_flat_bolt.json' missing model for variant: 'dndecor:cast_iron_flat_bolt#facing=west,rotation=45'
[14May2026 16:35:46.369] [Worker-ResourceReload-17/WARN] [net.minecraft.client.resources.model.BlockStateModelLoader/]: Exception loading blockstate definition: 'dndecor:blockstates/cast_iron_flat_bolt.json' missing model for variant: 'dndecor:cast_iron_flat_bolt#facing=down,rotation=180'
[14May2026 16:35:46.369] [Worker-ResourceReload-17/WARN] [net.minecraft.client.resources.model.BlockStateModelLoader/]: Exception loading blockstate definition: 'dndecor:blockstates/cast_iron_flat_bolt.json' missing model for variant: 'dndecor:cast_iron_flat_bolt#facing=north,rotation=90'
[14May2026 16:35:46.369] [Worker-ResourceReload-17/WARN] [net.minecraft.client.resources.model.BlockStateModelLoader/]: Exception loading blockstate definition: 'dndecor:blockstates/cast_iron_flat_bolt.json' missing model for variant: 'dndecor:cast_iron_flat_bolt#facing=up,rotation=0'
[14May2026 16:35:46.369] [Worker-ResourceReload-17/WARN] [net.minecraft.client.resources.model.BlockStateModelLoader/]: Exception loading blockstate definition: 'dndecor:blockstates/cast_iron_flat_bolt.json' missing model for variant: 'dndecor:cast_iron_flat_bolt#facing=up,rotation=135'
[14May2026 16:35:46.369] [Worker-ResourceReload-17/WARN] [net.minecraft.client.resources.model.BlockStateModelLoader/]: Exception loading blockstate definition: 'dndecor:blockstates/cast_iron_flat_bolt.json' missing model for variant: 'dndecor:cast_iron_flat_bolt#facing=east,rotation=90'
[14May2026 16:35:46.369] [Worker-ResourceReload-17/WARN] [net.minecraft.client.resources.model.BlockStateModelLoader/]: Exception loading blockstate definition: 'dndecor:blockstates/cast_iron_flat_bolt.json' missing model for variant: 'dndecor:cast_iron_flat_bolt#facing=east,rotation=0'
[14May2026 16:35:46.369] [Worker-ResourceReload-17/WARN] [net.minecraft.client.resources.model.BlockStateModelLoader/]: Exception loading blockstate definition: 'dndecor:blockstates/cast_iron_flat_bolt.json' missing model for variant: 'dndecor:cast_iron_flat_bolt#facing=east,rotation=180'
[14May2026 16:35:46.369] [Worker-ResourceReload-17/WARN] [net.minecraft.client.resources.model.BlockStateModelLoader/]: Exception loading blockstate definition: 'dndecor:blockstates/cast_iron_flat_bolt.json' missing model for variant: 'dndecor:cast_iron_flat_bolt#facing=up,rotation=270'
[14May2026 16:35:46.369] [Worker-ResourceReload-17/WARN] [net.minecraft.client.resources.model.BlockStateModelLoader/]: Exception loading blockstate definition: 'dndecor:blockstates/cast_iron_flat_bolt.json' missing model for variant: 'dndecor:cast_iron_flat_bolt#facing=up,rotation=180'
[14May2026 16:35:46.369] [Worker-ResourceReload-17/WARN] [net.minecraft.client.resources.model.BlockStateModelLoader/]: Exception loading blockstate definition: 'dndecor:blockstates/cast_iron_flat_bolt.json' missing model for variant: 'dndecor:cast_iron_flat_bolt#facing=south,rotation=135'
[14May2026 16:35:46.369] [Worker-ResourceReload-17/WARN] [net.minecraft.client.resources.model.BlockStateModelLoader/]: Exception loading blockstate definition: 'dndecor:blockstates/cast_iron_flat_bolt.json' missing model for variant: 'dndecor:cast_iron_flat_bolt#facing=east,rotation=135'
[14May2026 16:35:46.369] [Worker-ResourceReload-17/WARN] [net.minecraft.client.resources.model.BlockStateModelLoader/]: Exception loading blockstate definition: 'dndecor:blockstates/cast_iron_flat_bolt.json' missing model for variant: 'dndecor:cast_iron_flat_bolt#facing=north,rotation=225'
[14May2026 16:35:46.369] [Worker-ResourceReload-17/WARN] [net.minecraft.client.resources.model.BlockStateModelLoader/]: Exception loading blockstate definition: 'dndecor:blockstates/cast_iron_flat_bolt.json' missing model for variant: 'dndecor:cast_iron_flat_bolt#facing=east,rotation=315'
[14May2026 16:35:46.369] [Worker-ResourceReload-17/WARN] [net.minecraft.client.resources.model.BlockStateModelLoader/]: Exception loading blockstate definition: 'dndecor:blockstates/cast_iron_flat_bolt.json' missing model for variant: 'dndecor:cast_iron_flat_bolt#facing=south,rotation=0'
[14May2026 16:35:46.369] [Worker-ResourceReload-17/WARN] [net.minecraft.client.resources.model.BlockStateModelLoader/]: Exception loading blockstate definition: 'dndecor:blockstates/cast_iron_flat_bolt.json' missing model for variant: 'dndecor:cast_iron_flat_bolt#facing=south,rotation=270'
[14May2026 16:35:46.369] [Worker-ResourceReload-17/WARN] [net.minecraft.client.resources.model.BlockStateModelLoader/]: Exception loading blockstate definition: 'dndecor:blockstates/cast_iron_flat_bolt.json' missing model for variant: 'dndecor:cast_iron_flat_bolt#facing=up,rotation=90'
[14May2026 16:35:46.369] [Worker-ResourceReload-17/WARN] [net.minecraft.client.resources.model.BlockStateModelLoader/]: Exception loading blockstate definition: 'dndecor:blockstates/cast_iron_flat_bolt.json' missing model for variant: 'dndecor:cast_iron_flat_bolt#facing=down,rotation=315'
[14May2026 16:35:46.369] [Worker-ResourceReload-17/WARN] [net.minecraft.client.resources.model.BlockStateModelLoader/]: Exception loading blockstate definition: 'dndecor:blockstates/cast_iron_flat_bolt.json' missing model for variant: 'dndecor:cast_iron_flat_bolt#facing=west,rotation=225'
[14May2026 16:35:46.369] [Worker-ResourceReload-17/WARN] [net.minecraft.client.resources.model.BlockStateModelLoader/]: Exception loading blockstate definition: 'dndecor:blockstates/cast_iron_flat_bolt.json' missing model for variant: 'dndecor:cast_iron_flat_bolt#facing=down,rotation=135'
[14May2026 16:35:46.369] [Worker-ResourceReload-17/WARN] [net.minecraft.client.resources.model.BlockStateModelLoader/]: Exception loading blockstate definition: 'dndecor:blockstates/cast_iron_flat_bolt.json' missing model for variant: 'dndecor:cast_iron_flat_bolt#facing=east,rotation=45'
[14May2026 16:35:46.369] [Worker-ResourceReload-17/WARN] [net.minecraft.client.resources.model.BlockStateModelLoader/]: Exception loading blockstate definition: 'dndecor:blockstates/cast_iron_flat_bolt.json' missing model for variant: 'dndecor:cast_iron_flat_bolt#facing=south,rotation=90'
[14May2026 16:35:46.369] [Worker-ResourceReload-17/WARN] [net.minecraft.client.resources.model.BlockStateModelLoader/]: Exception loading blockstate definition: 'dndecor:blockstates/cast_iron_flat_bolt.json' missing model for variant: 'dndecor:cast_iron_flat_bolt#facing=north,rotation=180'
[14May2026 16:35:46.369] [Worker-ResourceReload-17/WARN] [net.minecraft.client.resources.model.BlockStateModelLoader/]: Exception loading blockstate definition: 'dndecor:blockstates/cast_iron_flat_bolt.json' missing model for variant: 'dndecor:cast_iron_flat_bolt#facing=up,rotation=225'
[14May2026 16:35:46.369] [Worker-ResourceReload-17/WARN] [net.minecraft.client.resources.model.BlockStateModelLoader/]: Exception loading blockstate definition: 'dndecor:blockstates/cast_iron_flat_bolt.json' missing model for variant: 'dndecor:cast_iron_flat_bolt#facing=west,rotation=270'
[14May2026 16:35:46.369] [Worker-ResourceReload-17/WARN] [net.minecraft.client.resources.model.BlockStateModelLoader/]: Exception loading blockstate definition: 'dndecor:blockstates/cast_iron_flat_bolt.json' missing model for variant: 'dndecor:cast_iron_flat_bolt#facing=down,rotation=270'
[14May2026 16:35:46.369] [Worker-ResourceReload-17/WARN] [net.minecraft.client.resources.model.BlockStateModelLoader/]: Exception loading blockstate definition: 'dndecor:blockstates/cast_iron_flat_bolt.json' missing model for variant: 'dndecor:cast_iron_flat_bolt#facing=north,rotation=45'
[14May2026 16:35:46.369] [Worker-ResourceReload-17/WARN] [net.minecraft.client.resources.model.BlockStateModelLoader/]: Exception loading blockstate definition: 'dndecor:blockstates/cast_iron_flat_bolt.json' missing model for variant: 'dndecor:cast_iron_flat_bolt#facing=west,rotation=90'
[14May2026 16:35:46.369] [Worker-ResourceReload-17/WARN] [net.minecraft.client.resources.model.BlockStateModelLoader/]: Exception loading blockstate definition: 'dndecor:blockstates/cast_iron_flat_bolt.json' missing model for variant: 'dndecor:cast_iron_flat_bolt#facing=north,rotation=0'
[14May2026 16:35:46.369] [Worker-ResourceReload-17/WARN] [net.minecraft.client.resources.model.BlockStateModelLoader/]: Exception loading blockstate definition: 'dndecor:blockstates/cast_iron_flat_bolt.json' missing model for variant: 'dndecor:cast_iron_flat_bolt#facing=down,rotation=0'
[14May2026 16:35:46.369] [Worker-ResourceReload-17/WARN] [net.minecraft.client.resources.model.BlockStateModelLoader/]: Exception loading blockstate definition: 'dndecor:blockstates/cast_iron_flat_bolt.json' missing model for variant: 'dndecor:cast_iron_flat_bolt#facing=down,rotation=45'
[14May2026 16:35:46.369] [Worker-ResourceReload-17/WARN] [net.minecraft.client.resources.model.BlockStateModelLoader/]: Exception loading blockstate definition: 'dndecor:blockstates/cast_iron_flat_bolt.json' missing model for variant: 'dndecor:cast_iron_flat_bolt#facing=east,rotation=270'
[14May2026 16:35:46.369] [Worker-ResourceReload-17/WARN] [net.minecraft.client.resources.model.BlockStateModelLoader/]: Exception loading blockstate definition: 'dndecor:blockstates/cast_iron_flat_bolt.json' missing model for variant: 'dndecor:cast_iron_flat_bolt#facing=up,rotation=45'
[14May2026 16:35:46.369] [Worker-ResourceReload-17/WARN] [net.minecraft.client.resources.model.BlockStateModelLoader/]: Exception loading blockstate definition: 'dndecor:blockstates/cast_iron_flat_bolt.json' missing model for variant: 'dndecor:cast_iron_flat_bolt#facing=south,rotation=315'
[14May2026 16:35:46.438] [Worker-ResourceReload-17/WARN] [net.minecraft.client.resources.model.ModelBakery/]: Unable to load model: 'dndecor:item/cast_iron_dash_bolt' referenced from: dndecor:item/cast_iron_dash_bolt: java.io.FileNotFoundException: dndecor:models/item/cast_iron_dash_bolt.json
[14May2026 16:35:46.439] [Worker-ResourceReload-17/WARN] [net.minecraft.client.resources.model.ModelBakery/]: Unable to load model: 'dndecor:item/aluminum_flat_bolt' referenced from: dndecor:item/aluminum_flat_bolt: java.io.FileNotFoundException: dndecor:models/item/aluminum_flat_bolt.json
[14May2026 16:35:46.440] [Worker-ResourceReload-17/WARN] [net.minecraft.client.resources.model.ModelBakery/]: Unable to load model: 'dndecor:item/tungsten_flat_bolt' referenced from: dndecor:item/tungsten_flat_bolt: java.io.FileNotFoundException: dndecor:models/item/tungsten_flat_bolt.json
[14May2026 16:35:46.441] [Worker-ResourceReload-17/WARN] [net.minecraft.client.resources.model.ModelBakery/]: Unable to load model: 'dndecor:item/nickel_dot_bolt' referenced from: dndecor:item/nickel_dot_bolt: java.io.FileNotFoundException: dndecor:models/item/nickel_dot_bolt.json
[14May2026 16:35:46.441] [Worker-ResourceReload-17/WARN] [net.minecraft.client.resources.model.ModelBakery/]: Unable to load model: 'dndecor:item/lead_cross_bolt' referenced from: dndecor:item/lead_cross_bolt: java.io.FileNotFoundException: dndecor:models/item/lead_cross_bolt.json
[14May2026 16:35:46.441] [Worker-ResourceReload-17/WARN] [net.minecraft.client.resources.model.ModelBakery/]: Unable to load model: 'dndecor:item/lead_flat_bolt' referenced from: dndecor:item/lead_flat_bolt: java.io.FileNotFoundException: dndecor:models/item/lead_flat_bolt.json
[14May2026 16:35:46.443] [Worker-ResourceReload-17/WARN] [net.minecraft.client.resources.model.ModelBakery/]: Unable to load model: 'dndecor:item/lead_dash_bolt' referenced from: dndecor:item/lead_dash_bolt: java.io.FileNotFoundException: dndecor:models/item/lead_dash_bolt.json
[14May2026 16:35:46.444] [Worker-ResourceReload-17/WARN] [net.minecraft.client.resources.model.ModelBakery/]: Unable to load model: 'dndecor:item/cast_iron_cross_bolt' referenced from: dndecor:item/cast_iron_cross_bolt: java.io.FileNotFoundException: dndecor:models/item/cast_iron_cross_bolt.json
[14May2026 16:35:46.444] [Worker-ResourceReload-17/WARN] [net.minecraft.client.resources.model.ModelBakery/]: Unable to load model: 'dndecor:item/nickel_flat_bolt' referenced from: dndecor:item/nickel_flat_bolt: java.io.FileNotFoundException: dndecor:models/item/nickel_flat_bolt.json
[14May2026 16:35:46.445] [Worker-ResourceReload-17/WARN] [net.minecraft.client.resources.model.ModelBakery/]: Unable to load model: 'dndecor:item/aluminum_cross_bolt' referenced from: dndecor:item/aluminum_cross_bolt: java.io.FileNotFoundException: dndecor:models/item/aluminum_cross_bolt.json
[14May2026 16:35:46.445] [Worker-ResourceReload-17/WARN] [net.minecraft.client.resources.model.ModelBakery/]: Unable to load model: 'dndecor:item/tungsten_cross_bolt' referenced from: dndecor:item/tungsten_cross_bolt: java.io.FileNotFoundException: dndecor:models/item/tungsten_cross_bolt.json
[14May2026 16:35:46.445] [Worker-ResourceReload-17/WARN] [net.minecraft.client.resources.model.ModelBakery/]: Unable to load model: 'dndecor:item/steel_dot_bolt' referenced from: dndecor:item/steel_dot_bolt: java.io.FileNotFoundException: dndecor:models/item/steel_dot_bolt.json
[14May2026 16:35:46.445] [Worker-ResourceReload-17/WARN] [net.minecraft.client.resources.model.ModelBakery/]: Unable to load model: 'dndecor:item/aluminum_dash_bolt' referenced from: dndecor:item/aluminum_dash_bolt: java.io.FileNotFoundException: dndecor:models/item/aluminum_dash_bolt.json
[14May2026 16:35:46.446] [Worker-ResourceReload-17/WARN] [net.minecraft.client.resources.model.ModelBakery/]: Unable to load model: 'dndecor:item/steel_cross_bolt' referenced from: dndecor:item/steel_cross_bolt: java.io.FileNotFoundException: dndecor:models/item/steel_cross_bolt.json
[14May2026 16:35:46.446] [Worker-ResourceReload-17/WARN] [net.minecraft.client.resources.model.ModelBakery/]: Unable to load model: 'dndecor:item/lead_dot_bolt' referenced from: dndecor:item/lead_dot_bolt: java.io.FileNotFoundException: dndecor:models/item/lead_dot_bolt.json
[14May2026 16:35:46.446] [Worker-ResourceReload-17/WARN] [net.minecraft.client.resources.model.ModelBakery/]: Unable to load model: 'dndecor:item/nickel_dash_bolt' referenced from: dndecor:item/nickel_dash_bolt: java.io.FileNotFoundException: dndecor:models/item/nickel_dash_bolt.json
[14May2026 16:35:46.446] [Worker-ResourceReload-17/WARN] [net.minecraft.client.resources.model.ModelBakery/]: Unable to load model: 'minecraft:flamethrower' referenced from: create_sa:item/flamethrower: java.io.FileNotFoundException: minecraft:models/flamethrower.json
[14May2026 16:35:46.447] [Worker-ResourceReload-17/WARN] [net.minecraft.client.resources.model.ModelBakery/]: Unable to load model: 'minecraft:chains' referenced from: create_sa:item/chains: java.io.FileNotFoundException: minecraft:models/chains.json
[14May2026 16:35:46.447] [Worker-ResourceReload-17/WARN] [net.minecraft.client.resources.model.ModelBakery/]: Unable to load model: 'dndecor:item/aluminum_dot_bolt' referenced from: dndecor:item/aluminum_dot_bolt: java.io.FileNotFoundException: dndecor:models/item/aluminum_dot_bolt.json
[14May2026 16:35:46.447] [Worker-ResourceReload-17/WARN] [net.minecraft.client.resources.model.ModelBakery/]: Unable to load model: 'rocketnautics:item/credits_book' referenced from: rocketnautics:item/credits_book: java.io.FileNotFoundException: rocketnautics:models/item/credits_book.json
[14May2026 16:35:46.449] [Worker-ResourceReload-17/WARN] [net.minecraft.client.resources.model.ModelBakery/]: Unable to load model: 'dndecor:item/tungsten_dot_bolt' referenced from: dndecor:item/tungsten_dot_bolt: java.io.FileNotFoundException: dndecor:models/item/tungsten_dot_bolt.json
[14May2026 16:35:46.451] [Worker-ResourceReload-17/WARN] [net.minecraft.client.resources.model.ModelBakery/]: Unable to load model: 'dndecor:item/tungsten_dash_bolt' referenced from: dndecor:item/tungsten_dash_bolt: java.io.FileNotFoundException: dndecor:models/item/tungsten_dash_bolt.json
[14May2026 16:35:46.451] [Worker-ResourceReload-17/WARN] [net.minecraft.client.resources.model.ModelBakery/]: Unable to load model: 'dndecor:item/cast_iron_flat_bolt' referenced from: dndecor:item/cast_iron_flat_bolt: java.io.FileNotFoundException: dndecor:models/item/cast_iron_flat_bolt.json
[14May2026 16:35:46.452] [Worker-ResourceReload-17/WARN] [net.minecraft.client.resources.model.ModelBakery/]: Unable to load model: 'dndecor:item/steel_dash_bolt' referenced from: dndecor:item/steel_dash_bolt: java.io.FileNotFoundException: dndecor:models/item/steel_dash_bolt.json
[14May2026 16:35:46.452] [Worker-ResourceReload-17/WARN] [net.minecraft.client.resources.model.ModelBakery/]: Unable to load model: 'dndecor:item/cast_iron_dot_bolt' referenced from: dndecor:item/cast_iron_dot_bolt: java.io.FileNotFoundException: dndecor:models/item/cast_iron_dot_bolt.json
[14May2026 16:35:46.453] [Worker-ResourceReload-17/WARN] [net.minecraft.client.resources.model.ModelBakery/]: Unable to load model: 'dndecor:item/nickel_cross_bolt' referenced from: dndecor:item/nickel_cross_bolt: java.io.FileNotFoundException: dndecor:models/item/nickel_cross_bolt.json
[14May2026 16:35:46.453] [Worker-ResourceReload-17/WARN] [net.minecraft.client.resources.model.ModelBakery/]: Unable to load model: 'minecraft:brass_drone' referenced from: create_sa:item/brass_drone_item: java.io.FileNotFoundException: minecraft:models/brass_drone.json
[14May2026 16:35:46.455] [Worker-ResourceReload-17/WARN] [net.minecraft.client.resources.model.ModelBakery/]: Unable to load model: 'dndecor:item/steel_flat_bolt' referenced from: dndecor:item/steel_flat_bolt: java.io.FileNotFoundException: dndecor:models/item/steel_flat_bolt.json
[14May2026 16:35:46.522] [Worker-ResourceReload-17/WARN] [net.minecraft.client.resources.model.ModelBakery/]: Unable to load model: 'dndesires:block/gray_propeller' referenced from: dndesires:block/gray_propeller: java.io.FileNotFoundException: dndesires:models/block/gray_propeller.json
[14May2026 16:35:46.522] [Worker-ResourceReload-17/WARN] [net.minecraft.client.resources.model.ModelBakery/]: Unable to load model: 'dndesires:block/light_blue_propeller' referenced from: dndesires:block/light_blue_propeller: java.io.FileNotFoundException: dndesires:models/block/light_blue_propeller.json
[14May2026 16:35:46.524] [Worker-ResourceReload-17/WARN] [net.minecraft.client.resources.model.ModelBakery/]: Unable to load model: 'dndesires:block/red_propeller' referenced from: dndesires:block/red_propeller: java.io.FileNotFoundException: dndesires:models/block/red_propeller.json
[14May2026 16:35:46.524] [Worker-ResourceReload-17/WARN] [net.minecraft.client.resources.model.ModelBakery/]: Unable to load model: 'dndesires:block/cyan_propeller' referenced from: dndesires:block/cyan_propeller: java.io.FileNotFoundException: dndesires:models/block/cyan_propeller.json
[14May2026 16:35:46.524] [Worker-ResourceReload-17/WARN] [net.minecraft.client.resources.model.ModelBakery/]: Unable to load model: 'dndesires:block/light_gray_propeller' referenced from: dndesires:block/light_gray_propeller: java.io.FileNotFoundException: dndesires:models/block/light_gray_propeller.json
[14May2026 16:35:46.524] [Worker-ResourceReload-17/WARN] [net.minecraft.client.resources.model.ModelBakery/]: Unable to load model: 'dndesires:block/white_propeller' referenced from: dndesires:block/white_propeller: java.io.FileNotFoundException: dndesires:models/block/white_propeller.json
[14May2026 16:35:46.524] [Worker-ResourceReload-17/WARN] [net.minecraft.client.resources.model.ModelBakery/]: Unable to load model: 'dndesires:block/yellow_propeller' referenced from: dndesires:block/yellow_propeller: java.io.FileNotFoundException: dndesires:models/block/yellow_propeller.json
[14May2026 16:35:46.524] [Worker-ResourceReload-17/WARN] [net.minecraft.client.resources.model.ModelBakery/]: Unable to load model: 'bits_n_bobs:block/chain_pulley/chain_rope_half_magnet' referenced from: bits_n_bobs:block/chain_pulley/chain_rope_half_magnet: java.io.FileNotFoundException: bits_n_bobs:models/block/chain_pulley/chain_rope_half_magnet.json
[14May2026 16:35:46.524] [Worker-ResourceReload-17/WARN] [net.minecraft.client.resources.model.ModelBakery/]: Unable to load model: 'dndesires:block/purple_propeller' referenced from: dndesires:block/purple_propeller: java.io.FileNotFoundException: dndesires:models/block/purple_propeller.json
[14May2026 16:35:46.524] [Worker-ResourceReload-17/WARN] [net.minecraft.client.resources.model.ModelBakery/]: Unable to load model: 'dndesires:block/orange_propeller' referenced from: dndesires:block/orange_propeller: java.io.FileNotFoundException: dndesires:models/block/orange_propeller.json
[14May2026 16:35:46.525] [Worker-ResourceReload-17/WARN] [net.minecraft.client.resources.model.ModelBakery/]: Unable to load model: 'dndesires:block/lime_propeller' referenced from: dndesires:block/lime_propeller: java.io.FileNotFoundException: dndesires:models/block/lime_propeller.json
[14May2026 16:35:46.525] [Worker-ResourceReload-17/WARN] [net.minecraft.client.resources.model.ModelBakery/]: Unable to load model: 'dndesires:block/black_propeller' referenced from: dndesires:block/black_propeller: java.io.FileNotFoundException: dndesires:models/block/black_propeller.json
[14May2026 16:35:46.525] [Worker-ResourceReload-17/WARN] [net.minecraft.client.resources.model.ModelBakery/]: Unable to load model: 'dndesires:block/brown_propeller' referenced from: dndesires:block/brown_propeller: java.io.FileNotFoundException: dndesires:models/block/brown_propeller.json
[14May2026 16:35:46.525] [Worker-ResourceReload-17/WARN] [net.minecraft.client.resources.model.ModelBakery/]: Unable to load model: 'dndesires:block/green_propeller' referenced from: dndesires:block/green_propeller: java.io.FileNotFoundException: dndesires:models/block/green_propeller.json
[14May2026 16:35:46.525] [Worker-ResourceReload-17/WARN] [net.minecraft.client.resources.model.ModelBakery/]: Unable to load model: 'dndesires:block/pink_propeller' referenced from: dndesires:block/pink_propeller: java.io.FileNotFoundException: dndesires:models/block/pink_propeller.json
[14May2026 16:35:46.526] [Worker-ResourceReload-17/WARN] [net.minecraft.client.resources.model.ModelBakery/]: Unable to load model: 'dndesires:block/blue_propeller' referenced from: dndesires:block/blue_propeller: java.io.FileNotFoundException: dndesires:models/block/blue_propeller.json
[14May2026 16:35:46.526] [Worker-ResourceReload-17/WARN] [net.minecraft.client.resources.model.ModelBakery/]: Unable to load model: 'dndesires:block/magenta_propeller' referenced from: dndesires:block/magenta_propeller: java.io.FileNotFoundException: dndesires:models/block/magenta_propeller.json
[14May2026 16:35:48.426] [Worker-ResourceReload-17/WARN] [net.minecraft.client.resources.model.ModelManager/]: Missing textures in model tfmg:block/fuse_block/fuse#standalone:
    minecraft:textures/atlas/blocks.png:tfmg:block/fuse_block
[14May2026 16:35:48.426] [Worker-ResourceReload-17/WARN] [net.minecraft.client.resources.model.ModelManager/]: Missing textures in model create_connected:fan_enriched_catalyst#:
    minecraft:textures/atlas/blocks.png:createnuclear:block/enriched_soul_soil
    minecraft:textures/atlas/blocks.png:createnuclear:block/enriching/campfire/enriching_flame
[14May2026 16:35:48.426] [Worker-ResourceReload-17/WARN] [net.minecraft.client.resources.model.ModelManager/]: Missing textures in model createaddition:small_light_connector#facing=west,mode=push,powered=true,rotation=x_clockwise_180,variant=default:
    minecraft:textures/atlas/blocks.png:create:block/chute_block
[14May2026 16:35:48.426] [Worker-ResourceReload-17/WARN] [net.minecraft.client.resources.model.ModelManager/]: Missing textures in model tfmg:constantan_truss#axis=y,waterlogged=false:
    minecraft:textures/atlas/blocks.png:tfmg:block/constantan_truss_truss
[14May2026 16:35:48.426] [Worker-ResourceReload-17/WARN] [net.minecraft.client.resources.model.ModelManager/]: Missing textures in model tfmg:constantan_truss#axis=z,waterlogged=true:
    minecraft:textures/atlas/blocks.png:tfmg:block/constantan_truss_truss
[14May2026 16:35:48.426] [Worker-ResourceReload-17/WARN] [net.minecraft.client.resources.model.ModelManager/]: Missing textures in model create_connected:fan_enriched_catalyst#inventory:
    minecraft:textures/atlas/blocks.png:createnuclear:block/enriched_soul_soil
    minecraft:textures/atlas/blocks.png:createnuclear:block/enriching/campfire/enriching_flame
[14May2026 16:35:48.426] [Worker-ResourceReload-17/WARN] [net.minecraft.client.resources.model.ModelManager/]: Missing textures in model tfmg:constantan_truss#axis=x,waterlogged=true:
    minecraft:textures/atlas/blocks.png:tfmg:block/constantan_truss_truss
[14May2026 16:35:48.426] [Worker-ResourceReload-17/WARN] [net.minecraft.client.resources.model.ModelManager/]: Missing textures in model tfmg:constantan_truss#inventory:
    minecraft:textures/atlas/blocks.png:tfmg:block/constantan_truss_truss
[14May2026 16:35:48.738] [Render thread/INFO] [Veil/]: Loaded 0 shader modifications
[14May2026 16:35:48.810] [Render thread/INFO] [Veil/]: Loaded 29 shaders from: pinwheel/shaders/program
[14May2026 16:35:48.836] [Worker-ResourceReload-9/INFO] [com.mrh0.createaddition.CreateAddition/]: Create Crafts & Additions Initialized!
[14May2026 16:35:48.870] [Worker-ResourceReload-0/INFO] [snownee.jade.Jade/]: Start loading plugin from net.blay09.mods.balm.neoforge.compat.hudinfo.NeoForgeJadeModCompat
[14May2026 16:35:48.881] [Worker-ResourceReload-0/INFO] [snownee.jade.Jade/]: Start loading plugin from io.github.mortuusars.exposure.integration.jade.ExposureJadePlugin
[14May2026 16:35:48.882] [Worker-ResourceReload-0/INFO] [snownee.jade.Jade/]: Start loading plugin from snownee.jade.addon.vanilla.VanillaPlugin
[14May2026 16:35:48.896] [Worker-ResourceReload-0/INFO] [snownee.jade.Jade/]: Start loading plugin from snownee.jade.addon.universal.UniversalPlugin
[14May2026 16:35:48.899] [Worker-ResourceReload-0/INFO] [snownee.jade.Jade/]: Start loading plugin from snownee.jade.addon.debug.DebugPlugin
[14May2026 16:35:48.902] [Worker-ResourceReload-0/INFO] [snownee.jade.Jade/]: Start loading plugin from snownee.jade.addon.core.CorePlugin
[14May2026 16:35:48.911] [Worker-ResourceReload-0/INFO] [snownee.jade.Jade/]: Start loading plugin from snownee.jade.addon.access.AccessibilityPlugin
[14May2026 16:35:48.912] [Worker-ResourceReload-0/INFO] [snownee.jade.Jade/]: Start loading plugin from fr.lucreeper74.createmetallurgy.compat.jade.CreateMetallurgyJade
[14May2026 16:35:48.947] [Worker-ResourceReload-8/INFO] [PonderIndex/]: Registering Ponder Scenes took 112.2 ms
[14May2026 16:35:48.952] [Worker-ResourceReload-8/INFO] [PonderIndex/]: Registering Ponder Tags took 4.962 ms
[14May2026 16:35:49.124] [Render thread/INFO] [Railways/]: Registering Railways network payloads...
[14May2026 16:35:49.124] [Render thread/INFO] [Railways/]: Railways network payloads registered successfully
[14May2026 16:35:49.138] [Render thread/INFO] [Create cobblestone NeoForge/]: Registering packets for Create cobblestone NeoForge
[14May2026 16:35:49.199] [Render thread/WARN] [net.minecraft.client.sounds.SoundEngine/]: Missing sound for event: minecraft:item.goat_horn.play
[14May2026 16:35:49.200] [Render thread/WARN] [net.minecraft.client.sounds.SoundEngine/]: Missing sound for event: minecraft:entity.goat.screaming.horn_break
[14May2026 16:35:49.264] [Render thread/INFO] [com.mojang.blaze3d.audio.Library/]: OpenAL initialized on device Raycon Essential Open Earbuds

[14May2026 16:35:49.264] [Render thread/INFO] [net.minecraft.client.sounds.SoundEngine/SOUNDS]: Sound engine started
[14May2026 16:35:49.392] [Render thread/INFO] [net.minecraft.client.renderer.texture.TextureAtlas/]: Created: 4096x4096x4 minecraft:textures/atlas/blocks.png-atlas
[14May2026 16:35:49.541] [Render thread/INFO] [net.minecraft.client.renderer.texture.TextureAtlas/]: Created: 256x256x4 minecraft:textures/atlas/signs.png-atlas
[14May2026 16:35:49.543] [Render thread/INFO] [net.minecraft.client.renderer.texture.TextureAtlas/]: Created: 512x512x4 minecraft:textures/atlas/shield_patterns.png-atlas
[14May2026 16:35:49.544] [Render thread/INFO] [net.minecraft.client.renderer.texture.TextureAtlas/]: Created: 512x512x4 minecraft:textures/atlas/banner_patterns.png-atlas
[14May2026 16:35:49.545] [Render thread/INFO] [net.minecraft.client.renderer.texture.TextureAtlas/]: Created: 2048x2048x4 minecraft:textures/atlas/armor_trims.png-atlas
[14May2026 16:35:49.559] [Render thread/INFO] [net.minecraft.client.renderer.texture.TextureAtlas/]: Created: 256x256x4 minecraft:textures/atlas/chest.png-atlas
[14May2026 16:35:49.560] [Render thread/INFO] [net.minecraft.client.renderer.texture.TextureAtlas/]: Created: 128x64x4 minecraft:textures/atlas/decorated_pot.png-atlas
[14May2026 16:35:49.561] [Render thread/INFO] [net.minecraft.client.renderer.texture.TextureAtlas/]: Created: 512x256x4 minecraft:textures/atlas/beds.png-atlas
[14May2026 16:35:49.562] [Render thread/INFO] [net.minecraft.client.renderer.texture.TextureAtlas/]: Created: 512x256x4 minecraft:textures/atlas/shulker_boxes.png-atlas
[14May2026 16:35:49.709] [Render thread/INFO] [net.minecraft.client.renderer.texture.TextureAtlas/]: Created: 4096x2048x0 minecraft:textures/atlas/particles.png-atlas
[14May2026 16:35:49.717] [Render thread/INFO] [net.minecraft.client.renderer.texture.TextureAtlas/]: Created: 512x256x0 minecraft:textures/atlas/paintings.png-atlas
[14May2026 16:35:49.718] [Render thread/INFO] [net.minecraft.client.renderer.texture.TextureAtlas/]: Created: 256x256x0 minecraft:textures/atlas/mob_effects.png-atlas
[14May2026 16:35:49.719] [Render thread/INFO] [net.minecraft.client.renderer.texture.TextureAtlas/]: Created: 256x256x0 minecraft:textures/atlas/map_decorations.png-atlas
[14May2026 16:35:49.720] [Render thread/INFO] [net.minecraft.client.renderer.texture.TextureAtlas/]: Created: 2048x512x0 minecraft:textures/atlas/gui.png-atlas
[14May2026 16:35:49.762] [Render thread/WARN] [net.minecraft.client.renderer.ShaderInstance/]: Shader rendertype_entity_translucent_emissive could not find sampler named Sampler2 in the specified shader program.
[14May2026 16:35:49.849] [Render thread/WARN] [net.minecraft.client.renderer.ShaderInstance/]: Shader ldlib2:graph_wire could not find uniform named iTime in the specified shader program.
[14May2026 16:35:49.870] [Render thread/WARN] [net.minecraft.client.renderer.ShaderInstance/]: Shader moonlight:text_alpha_color could not find uniform named FogShape in the specified shader program.
[14May2026 16:35:49.921] [Render thread/INFO] [net.neoforged.neoforge.client.entity.animation.json.AnimationLoader/]: Loaded 0 entity animations
[14May2026 16:35:49.922] [Render thread/INFO] [Veil/]: Loaded 3 framebuffers
[14May2026 16:35:49.946] [Render thread/INFO] [Veil/]: Loaded 6 post pipelines
[14May2026 16:35:49.951] [Render thread/INFO] [Veil/]: Loaded 4 render types
[14May2026 16:35:49.951] [Render thread/INFO] [Veil/]: Enabled bloom pipeline
[14May2026 16:35:49.952] [Render thread/INFO] [Veil/]: Loaded 0 quasar particles
[14May2026 16:35:49.952] [Render thread/INFO] [Veil/]: Loaded 0 templates
[14May2026 16:35:49.952] [Render thread/INFO] [Veil/]: Loaded 0 modules
[14May2026 16:35:50.397] [Render thread/INFO] [Veil/]: Compiled 76 vanilla shaders in 523.1 ms
[14May2026 16:35:50.407] [Render thread/INFO] [com.blackgear.vanillabackport.core.VanillaBackport/]: Loaded 2 custom leaf colors: [minecraft:azalea_leaves, minecraft:flowering_azalea_leaves]
[14May2026 16:35:50.407] [Render thread/INFO] [net.minecraft.client.renderer.texture.TextureAtlas/]: Created: 256x256x0 jei:textures/atlas/gui.png-atlas
[14May2026 16:35:50.428] [Render thread/INFO] [xaero.lib.XaeroLib/]: Successfully reloaded the XaeroLib shaders!
[14May2026 16:35:50.452] [Render thread/INFO] [flywheel/backend/shaders/]: Loaded 77 shader sources in 12.032 ms
[14May2026 16:35:50.470] [Render thread/INFO] [com.simibubi.create.Create/]: Loaded 59 train hat configurations.
[14May2026 16:35:50.889] [Render thread/WARN] [net.minecraft.client.renderer.ShaderInstance/]: Shader moonlight:text_alpha_color could not find uniform named FogShape in the specified shader program.
[14May2026 16:35:51.207] [Render thread/WARN] [net.minecraft.client.renderer.ShaderInstance/]: Shader ldlib2:graph_wire could not find uniform named iTime in the specified shader program.
[14May2026 16:35:51.760] [Render thread/INFO] [Veil/]: Finished uploading vanilla shaders
[14May2026 16:35:52.513] [Render thread/WARN] [ModernFix/]: Game took 25.043 seconds to start
[14May2026 16:36:13.145] [Render thread/INFO] [net.minecraft.world.level.storage.LevelStorageSource/]: Deleting level New World
[14May2026 16:36:13.145] [Render thread/INFO] [net.minecraft.world.level.storage.LevelStorageSource/]: Attempt 1...
[14May2026 16:36:13.157] [Render thread/INFO] [xaero.map.WorldMap/]: Deleted world map cache at /home/rasgajag/.local/share/PrismLauncher/instances/cregalatla/minecraft/xaero/world-map/New World
[14May2026 16:36:13.157] [Render thread/INFO] [xaero.hud.minimap.MinimapLogs/]: Deleted minimap world data at /home/rasgajag/.local/share/PrismLauncher/instances/cregalatla/minecraft/xaero/minimap/New World
[14May2026 16:36:13.225] [Render thread/INFO] [com.simibubi.create.Create/]: Created 170 recipes which will be injected into the game
[14May2026 16:36:13.228] [Render thread/INFO] [com.simibubi.create.Create/]: Created 0 tags which will be injected into the game
[14May2026 16:36:13.231] [Render thread/INFO] [plus.dragons.createdragonsplus.data.runtime.RuntimePackResources/]: Starting provider [plus.dragons.createdragonsplus.data.internal.CDPRuntimeRecipeProvider@757253dd] for runtime resource [create_dragons_plus:runtime]
[14May2026 16:36:13.247] [Render thread/INFO] [plus.dragons.createdragonsplus.data.runtime.RuntimePackResources/]: plus.dragons.createdragonsplus.data.internal.CDPRuntimeRecipeProvider@757253dd finished after 15 ms
[14May2026 16:36:13.271] [Render thread/INFO] [net.minecraft.server.MinecraftServer/]: Found new data pack Better+Bundle+v1.4.1(mc-1.21).zip, loading it automatically
[14May2026 16:36:13.271] [Render thread/INFO] [net.minecraft.server.MinecraftServer/]: Found new data pack create:dynamic_data, loading it automatically
[14May2026 16:36:13.271] [Render thread/INFO] [net.minecraft.server.MinecraftServer/]: Found new data pack create_dragons_plus:runtime, loading it automatically
[14May2026 16:36:13.295] [Render thread/INFO] [KubeJS/]: Added bindings for script type SERVER from mod 'almostunified': [AlmostUnified]
[14May2026 16:36:13.296] [Render thread/INFO] [KubeJS Server/]: server_scripts:main.js#2: Hello, World! (Loaded server example script)
[14May2026 16:36:13.296] [Render thread/INFO] [KubeJS Server/]: Loaded script server_scripts:main.js in 0.001 s
[14May2026 16:36:13.302] [Render thread/INFO] [KubeJS Server/]: Loaded 1/1 KubeJS server scripts in 0.025 s with 0 errors and 0 warnings
[14May2026 16:36:13.722] [Worker-ResourceReload-8/ERROR] [net.minecraft.world.level.storage.loot.LootDataType/]: Couldn't parse element ResourceKey[minecraft:root / minecraft:loot_table]:railways:blocks/track_byg_rainbow_eucalyptus_wide - Unknown registry key in ResourceKey[minecraft:root / minecraft:item]: railways:track_byg_rainbow_eucalyptus_wide
[14May2026 16:36:13.725] [Worker-ResourceReload-8/ERROR] [net.minecraft.world.level.storage.loot.LootDataType/]: Couldn't parse element ResourceKey[minecraft:root / minecraft:loot_table]:railways:blocks/track_byg_embur - Unknown registry key in ResourceKey[minecraft:root / minecraft:item]: railways:track_byg_embur
[14May2026 16:36:13.726] [Worker-ResourceReload-8/ERROR] [net.minecraft.world.level.storage.loot.LootDataType/]: Couldn't parse element ResourceKey[minecraft:root / minecraft:loot_table]:railways:blocks/track_byg_nightshade_narrow - Unknown registry key in ResourceKey[minecraft:root / minecraft:item]: railways:track_byg_nightshade_narrow
[14May2026 16:36:13.727] [Worker-ResourceReload-8/ERROR] [net.minecraft.world.level.storage.loot.LootDataType/]: Couldn't parse element ResourceKey[minecraft:root / minecraft:loot_table]:railways:blocks/track_byg_white_mangrove_narrow - Unknown registry key in ResourceKey[minecraft:root / minecraft:item]: railways:track_byg_white_mangrove_narrow
[14May2026 16:36:13.727] [Worker-ResourceReload-8/ERROR] [net.minecraft.world.level.storage.loot.LootDataType/]: Couldn't parse element ResourceKey[minecraft:root / minecraft:loot_table]:railways:blocks/track_byg_green_enchanted_narrow - Unknown registry key in ResourceKey[minecraft:root / minecraft:item]: railways:track_byg_green_enchanted_narrow
[14May2026 16:36:13.730] [Worker-ResourceReload-8/ERROR] [net.minecraft.world.level.storage.loot.LootDataType/]: Couldn't parse element ResourceKey[minecraft:root / minecraft:loot_table]:railways:blocks/track_byg_jacaranda_wide - Unknown registry key in ResourceKey[minecraft:root / minecraft:item]: railways:track_byg_jacaranda_wide
[14May2026 16:36:13.731] [Worker-ResourceReload-8/ERROR] [net.minecraft.world.level.storage.loot.LootDataType/]: Couldn't parse element ResourceKey[minecraft:root / minecraft:loot_table]:railways:blocks/track_natures_spirit_palo_verde_narrow - Unknown registry key in ResourceKey[minecraft:root / minecraft:item]: railways:track_natures_spirit_palo_verde_narrow
[14May2026 16:36:13.735] [Worker-ResourceReload-8/ERROR] [net.minecraft.world.level.storage.loot.LootDataType/]: Couldn't parse element ResourceKey[minecraft:root / minecraft:loot_table]:railways:blocks/track_byg_white_mangrove_wide - Unknown registry key in ResourceKey[minecraft:root / minecraft:item]: railways:track_byg_white_mangrove_wide
[14May2026 16:36:13.736] [Worker-ResourceReload-8/ERROR] [net.minecraft.world.level.storage.loot.LootDataType/]: Couldn't parse element ResourceKey[minecraft:root / minecraft:loot_table]:railways:blocks/track_natures_spirit_joshua_narrow - Unknown registry key in ResourceKey[minecraft:root / minecraft:item]: railways:track_natures_spirit_joshua_narrow
[14May2026 16:36:13.738] [Worker-ResourceReload-8/ERROR] [net.minecraft.world.level.storage.loot.LootDataType/]: Couldn't parse element ResourceKey[minecraft:root / minecraft:loot_table]:railways:blocks/track_byg_rainbow_eucalyptus_narrow - Unknown registry key in ResourceKey[minecraft:root / minecraft:item]: railways:track_byg_rainbow_eucalyptus_narrow
[14May2026 16:36:13.741] [Worker-ResourceReload-8/ERROR] [net.minecraft.world.level.storage.loot.LootDataType/]: Couldn't parse element ResourceKey[minecraft:root / minecraft:loot_table]:railways:blocks/track_byg_maple_narrow - Unknown registry key in ResourceKey[minecraft:root / minecraft:item]: railways:track_byg_maple_narrow
[14May2026 16:36:13.742] [Worker-ResourceReload-8/ERROR] [net.minecraft.world.level.storage.loot.LootDataType/]: Couldn't parse element ResourceKey[minecraft:root / minecraft:loot_table]:railways:blocks/track_byg_embur_wide - Unknown registry key in ResourceKey[minecraft:root / minecraft:item]: railways:track_byg_embur_wide
[14May2026 16:36:13.746] [Worker-ResourceReload-8/ERROR] [net.minecraft.world.level.storage.loot.LootDataType/]: Couldn't parse element ResourceKey[minecraft:root / minecraft:loot_table]:railways:blocks/track_natures_spirit_cypress_wide - Unknown registry key in ResourceKey[minecraft:root / minecraft:item]: railways:track_natures_spirit_cypress_wide
[14May2026 16:36:13.748] [Worker-ResourceReload-8/ERROR] [net.minecraft.world.level.storage.loot.LootDataType/]: Couldn't parse element ResourceKey[minecraft:root / minecraft:loot_table]:railways:blocks/track_byg_sythian_narrow - Unknown registry key in ResourceKey[minecraft:root / minecraft:item]: railways:track_byg_sythian_narrow
[14May2026 16:36:13.749] [Worker-ResourceReload-8/ERROR] [net.minecraft.world.level.storage.loot.LootDataType/]: Couldn't parse element ResourceKey[minecraft:root / minecraft:loot_table]:railways:blocks/track_byg_redwood_wide - Unknown registry key in ResourceKey[minecraft:root / minecraft:item]: railways:track_byg_redwood_wide
[14May2026 16:36:13.754] [Worker-ResourceReload-8/ERROR] [net.minecraft.world.level.storage.loot.LootDataType/]: Couldn't parse element ResourceKey[minecraft:root / minecraft:loot_table]:railways:blocks/track_byg_fir_narrow - Unknown registry key in ResourceKey[minecraft:root / minecraft:item]: railways:track_byg_fir_narrow
[14May2026 16:36:13.756] [Worker-ResourceReload-8/ERROR] [net.minecraft.world.level.storage.loot.LootDataType/]: Couldn't parse element ResourceKey[minecraft:root / minecraft:loot_table]:railways:blocks/track_natures_spirit_sugi - Unknown registry key in ResourceKey[minecraft:root / minecraft:item]: railways:track_natures_spirit_sugi
[14May2026 16:36:13.757] [Worker-ResourceReload-8/ERROR] [net.minecraft.world.level.storage.loot.LootDataType/]: Couldn't parse element ResourceKey[minecraft:root / minecraft:loot_table]:railways:blocks/track_byg_willow_wide - Unknown registry key in ResourceKey[minecraft:root / minecraft:item]: railways:track_byg_willow_wide
[14May2026 16:36:13.760] [Worker-ResourceReload-8/ERROR] [net.minecraft.world.level.storage.loot.LootDataType/]: Couldn't parse element ResourceKey[minecraft:root / minecraft:loot_table]:railways:blocks/track_byg_zelkova_narrow - Unknown registry key in ResourceKey[minecraft:root / minecraft:item]: railways:track_byg_zelkova_narrow
[14May2026 16:36:13.760] [Worker-ResourceReload-8/ERROR] [net.minecraft.world.level.storage.loot.LootDataType/]: Couldn't parse element ResourceKey[minecraft:root / minecraft:loot_table]:railways:blocks/track_byg_pine - Unknown registry key in ResourceKey[minecraft:root / minecraft:item]: railways:track_byg_pine
[14May2026 16:36:13.761] [Worker-ResourceReload-8/ERROR] [net.minecraft.world.level.storage.loot.LootDataType/]: Couldn't parse element ResourceKey[minecraft:root / minecraft:loot_table]:railways:blocks/track_byg_cika_wide - Unknown registry key in ResourceKey[minecraft:root / minecraft:item]: railways:track_byg_cika_wide
[14May2026 16:36:13.762] [Worker-ResourceReload-8/ERROR] [net.minecraft.world.level.storage.loot.LootDataType/]: Couldn't parse element ResourceKey[minecraft:root / minecraft:loot_table]:railways:blocks/track_natures_spirit_olive_narrow - Unknown registry key in ResourceKey[minecraft:root / minecraft:item]: railways:track_natures_spirit_olive_narrow
[14May2026 16:36:13.762] [Worker-ResourceReload-8/ERROR] [net.minecraft.world.level.storage.loot.LootDataType/]: Couldn't parse element ResourceKey[minecraft:root / minecraft:loot_table]:railways:blocks/track_byg_holly_narrow - Unknown registry key in ResourceKey[minecraft:root / minecraft:item]: railways:track_byg_holly_narrow
[14May2026 16:36:13.763] [Worker-ResourceReload-8/ERROR] [net.minecraft.world.level.storage.loot.LootDataType/]: Couldn't parse element ResourceKey[minecraft:root / minecraft:loot_table]:railways:blocks/track_byg_skyris - Unknown registry key in ResourceKey[minecraft:root / minecraft:item]: railways:track_byg_skyris
[14May2026 16:36:13.764] [Worker-ResourceReload-8/ERROR] [net.minecraft.world.level.storage.loot.LootDataType/]: Couldn't parse element ResourceKey[minecraft:root / minecraft:loot_table]:railways:blocks/track_natures_spirit_willow - Unknown registry key in ResourceKey[minecraft:root / minecraft:item]: railways:track_natures_spirit_willow
[14May2026 16:36:13.764] [Worker-ResourceReload-8/ERROR] [net.minecraft.world.level.storage.loot.LootDataType/]: Couldn't parse element ResourceKey[minecraft:root / minecraft:loot_table]:railways:blocks/track_byg_sythian_wide - Unknown registry key in ResourceKey[minecraft:root / minecraft:item]: railways:track_byg_sythian_wide
[14May2026 16:36:13.765] [Worker-ResourceReload-8/ERROR] [net.minecraft.world.level.storage.loot.LootDataType/]: Couldn't parse element ResourceKey[minecraft:root / minecraft:loot_table]:railways:blocks/track_byg_palm_narrow - Unknown registry key in ResourceKey[minecraft:root / minecraft:item]: railways:track_byg_palm_narrow
[14May2026 16:36:13.769] [Worker-ResourceReload-8/ERROR] [net.minecraft.world.level.storage.loot.LootDataType/]: Couldn't parse element ResourceKey[minecraft:root / minecraft:loot_table]:railways:blocks/track_byg_ether_narrow - Unknown registry key in ResourceKey[minecraft:root / minecraft:item]: railways:track_byg_ether_narrow
[14May2026 16:36:13.769] [Worker-ResourceReload-8/ERROR] [net.minecraft.world.level.storage.loot.LootDataType/]: Couldn't parse element ResourceKey[minecraft:root / minecraft:loot_table]:railways:blocks/track_natures_spirit_wisteria - Unknown registry key in ResourceKey[minecraft:root / minecraft:item]: railways:track_natures_spirit_wisteria
[14May2026 16:36:13.770] [Worker-ResourceReload-8/ERROR] [net.minecraft.world.level.storage.loot.LootDataType/]: Couldn't parse element ResourceKey[minecraft:root / minecraft:loot_table]:railways:blocks/track_natures_spirit_maple - Unknown registry key in ResourceKey[minecraft:root / minecraft:item]: railways:track_natures_spirit_maple
[14May2026 16:36:13.776] [Worker-ResourceReload-8/ERROR] [net.minecraft.world.level.storage.loot.LootDataType/]: Couldn't parse element ResourceKey[minecraft:root / minecraft:loot_table]:railways:blocks/track_byg_fir_wide - Unknown registry key in ResourceKey[minecraft:root / minecraft:item]: railways:track_byg_fir_wide
[14May2026 16:36:13.779] [Worker-ResourceReload-8/ERROR] [net.minecraft.world.level.storage.loot.LootDataType/]: Couldn't parse element ResourceKey[minecraft:root / minecraft:loot_table]:railways:blocks/track_byg_zelkova - Unknown registry key in ResourceKey[minecraft:root / minecraft:item]: railways:track_byg_zelkova
[14May2026 16:36:13.780] [Worker-ResourceReload-8/ERROR] [net.minecraft.world.level.storage.loot.LootDataType/]: Couldn't parse element ResourceKey[minecraft:root / minecraft:loot_table]:railways:blocks/track_byg_mahogany - Unknown registry key in ResourceKey[minecraft:root / minecraft:item]: railways:track_byg_mahogany
[14May2026 16:36:13.782] [Worker-ResourceReload-8/ERROR] [net.minecraft.world.level.storage.loot.LootDataType/]: Couldn't parse element ResourceKey[minecraft:root / minecraft:loot_table]:railways:blocks/track_byg_baobab_wide - Unknown registry key in ResourceKey[minecraft:root / minecraft:item]: railways:track_byg_baobab_wide
[14May2026 16:36:13.783] [Worker-ResourceReload-8/ERROR] [net.minecraft.world.level.storage.loot.LootDataType/]: Couldn't parse element ResourceKey[minecraft:root / minecraft:loot_table]:railways:blocks/track_natures_spirit_palo_verde_wide - Unknown registry key in ResourceKey[minecraft:root / minecraft:item]: railways:track_natures_spirit_palo_verde_wide
[14May2026 16:36:13.784] [Worker-ResourceReload-8/ERROR] [net.minecraft.world.level.storage.loot.LootDataType/]: Couldn't parse element ResourceKey[minecraft:root / minecraft:loot_table]:railways:blocks/track_natures_spirit_fir - Unknown registry key in ResourceKey[minecraft:root / minecraft:item]: railways:track_natures_spirit_fir
[14May2026 16:36:13.784] [Worker-ResourceReload-8/ERROR] [net.minecraft.world.level.storage.loot.LootDataType/]: Couldn't parse element ResourceKey[minecraft:root / minecraft:loot_table]:railways:blocks/track_natures_spirit_olive - Unknown registry key in ResourceKey[minecraft:root / minecraft:item]: railways:track_natures_spirit_olive
[14May2026 16:36:13.784] [Worker-ResourceReload-8/ERROR] [net.minecraft.world.level.storage.loot.LootDataType/]: Couldn't parse element ResourceKey[minecraft:root / minecraft:loot_table]:railways:blocks/track_byg_imparius_narrow - Unknown registry key in ResourceKey[minecraft:root / minecraft:item]: railways:track_byg_imparius_narrow
[14May2026 16:36:13.788] [Worker-ResourceReload-8/ERROR] [net.minecraft.world.level.storage.loot.LootDataType/]: Couldn't parse element ResourceKey[minecraft:root / minecraft:loot_table]:railways:blocks/track_byg_cypress_wide - Unknown registry key in ResourceKey[minecraft:root / minecraft:item]: railways:track_byg_cypress_wide
[14May2026 16:36:13.789] [Worker-ResourceReload-8/ERROR] [net.minecraft.world.level.storage.loot.LootDataType/]: Couldn't parse element ResourceKey[minecraft:root / minecraft:loot_table]:railways:blocks/track_byg_blue_enchanted_narrow - Unknown registry key in ResourceKey[minecraft:root / minecraft:item]: railways:track_byg_blue_enchanted_narrow
[14May2026 16:36:13.791] [Worker-ResourceReload-8/ERROR] [net.minecraft.world.level.storage.loot.LootDataType/]: Couldn't parse element ResourceKey[minecraft:root / minecraft:loot_table]:railways:blocks/track_byg_mahogany_wide - Unknown registry key in ResourceKey[minecraft:root / minecraft:item]: railways:track_byg_mahogany_wide
[14May2026 16:36:13.793] [Worker-ResourceReload-8/ERROR] [net.minecraft.world.level.storage.loot.LootDataType/]: Couldn't parse element ResourceKey[minecraft:root / minecraft:loot_table]:railways:blocks/track_byg_imparius_wide - Unknown registry key in ResourceKey[minecraft:root / minecraft:item]: railways:track_byg_imparius_wide
[14May2026 16:36:13.795] [Worker-ResourceReload-8/ERROR] [net.minecraft.world.level.storage.loot.LootDataType/]: Couldn't parse element ResourceKey[minecraft:root / minecraft:loot_table]:railways:blocks/track_byg_palm - Unknown registry key in ResourceKey[minecraft:root / minecraft:item]: railways:track_byg_palm
[14May2026 16:36:13.800] [Worker-ResourceReload-8/ERROR] [net.minecraft.world.level.storage.loot.LootDataType/]: Couldn't parse element ResourceKey[minecraft:root / minecraft:loot_table]:railways:blocks/track_byg_fir - Unknown registry key in ResourceKey[minecraft:root / minecraft:item]: railways:track_byg_fir
[14May2026 16:36:13.800] [Worker-ResourceReload-8/ERROR] [net.minecraft.world.level.storage.loot.LootDataType/]: Couldn't parse element ResourceKey[minecraft:root / minecraft:loot_table]:railways:blocks/track_natures_spirit_aspen_narrow - Unknown registry key in ResourceKey[minecraft:root / minecraft:item]: railways:track_natures_spirit_aspen_narrow
[14May2026 16:36:13.801] [Worker-ResourceReload-8/ERROR] [net.minecraft.world.level.storage.loot.LootDataType/]: Couldn't parse element ResourceKey[minecraft:root / minecraft:loot_table]:railways:blocks/track_byg_rainbow_eucalyptus - Unknown registry key in ResourceKey[minecraft:root / minecraft:item]: railways:track_byg_rainbow_eucalyptus
[14May2026 16:36:13.803] [Worker-ResourceReload-8/ERROR] [net.minecraft.world.level.storage.loot.LootDataType/]: Couldn't parse element ResourceKey[minecraft:root / minecraft:loot_table]:railways:blocks/track_natures_spirit_wisteria_narrow - Unknown registry key in ResourceKey[minecraft:root / minecraft:item]: railways:track_natures_spirit_wisteria_narrow
[14May2026 16:36:13.805] [Worker-ResourceReload-8/ERROR] [net.minecraft.world.level.storage.loot.LootDataType/]: Couldn't parse element ResourceKey[minecraft:root / minecraft:loot_table]:railways:blocks/track_byg_holly - Unknown registry key in ResourceKey[minecraft:root / minecraft:item]: railways:track_byg_holly
[14May2026 16:36:13.806] [Worker-ResourceReload-8/ERROR] [net.minecraft.world.level.storage.loot.LootDataType/]: Couldn't parse element ResourceKey[minecraft:root / minecraft:loot_table]:railways:blocks/track_byg_lament - Unknown registry key in ResourceKey[minecraft:root / minecraft:item]: railways:track_byg_lament
[14May2026 16:36:13.806] [Worker-ResourceReload-8/ERROR] [net.minecraft.world.level.storage.loot.LootDataType/]: Couldn't parse element ResourceKey[minecraft:root / minecraft:loot_table]:railways:blocks/track_natures_spirit_aspen_wide - Unknown registry key in ResourceKey[minecraft:root / minecraft:item]: railways:track_natures_spirit_aspen_wide
[14May2026 16:36:13.807] [Worker-ResourceReload-8/ERROR] [net.minecraft.world.level.storage.loot.LootDataType/]: Couldn't parse element ResourceKey[minecraft:root / minecraft:loot_table]:railways:blocks/track_byg_ebony_narrow - Unknown registry key in ResourceKey[minecraft:root / minecraft:item]: railways:track_byg_ebony_narrow
[14May2026 16:36:13.807] [Worker-ResourceReload-8/ERROR] [net.minecraft.world.level.storage.loot.LootDataType/]: Couldn't parse element ResourceKey[minecraft:root / minecraft:loot_table]:railways:blocks/track_byg_holly_wide - Unknown registry key in ResourceKey[minecraft:root / minecraft:item]: railways:track_byg_holly_wide
[14May2026 16:36:13.807] [Worker-ResourceReload-8/ERROR] [net.minecraft.world.level.storage.loot.LootDataType/]: Couldn't parse element ResourceKey[minecraft:root / minecraft:loot_table]:railways:blocks/track_natures_spirit_redwood_narrow - Unknown registry key in ResourceKey[minecraft:root / minecraft:item]: railways:track_natures_spirit_redwood_narrow
[14May2026 16:36:13.808] [Worker-ResourceReload-8/ERROR] [net.minecraft.world.level.storage.loot.LootDataType/]: Couldn't parse element ResourceKey[minecraft:root / minecraft:loot_table]:railways:blocks/track_natures_spirit_ghaf_narrow - Unknown registry key in ResourceKey[minecraft:root / minecraft:item]: railways:track_natures_spirit_ghaf_narrow
[14May2026 16:36:13.808] [Worker-ResourceReload-8/ERROR] [net.minecraft.world.level.storage.loot.LootDataType/]: Couldn't parse element ResourceKey[minecraft:root / minecraft:loot_table]:railways:blocks/track_byg_witch_hazel - Unknown registry key in ResourceKey[minecraft:root / minecraft:item]: railways:track_byg_witch_hazel
[14May2026 16:36:13.809] [Worker-ResourceReload-8/ERROR] [net.minecraft.world.level.storage.loot.LootDataType/]: Couldn't parse element ResourceKey[minecraft:root / minecraft:loot_table]:railways:blocks/track_natures_spirit_willow_wide - Unknown registry key in ResourceKey[minecraft:root / minecraft:item]: railways:track_natures_spirit_willow_wide
[14May2026 16:36:13.809] [Worker-ResourceReload-8/ERROR] [net.minecraft.world.level.storage.loot.LootDataType/]: Couldn't parse element ResourceKey[minecraft:root / minecraft:loot_table]:railways:blocks/track_byg_cypress - Unknown registry key in ResourceKey[minecraft:root / minecraft:item]: railways:track_byg_cypress
[14May2026 16:36:13.810] [Worker-ResourceReload-8/ERROR] [net.minecraft.world.level.storage.loot.LootDataType/]: Couldn't parse element ResourceKey[minecraft:root / minecraft:loot_table]:railways:blocks/track_byg_sythian - Unknown registry key in ResourceKey[minecraft:root / minecraft:item]: railways:track_byg_sythian
[14May2026 16:36:13.812] [Worker-ResourceReload-8/ERROR] [net.minecraft.world.level.storage.loot.LootDataType/]: Couldn't parse element ResourceKey[minecraft:root / minecraft:loot_table]:railways:blocks/track_byg_skyris_wide - Unknown registry key in ResourceKey[minecraft:root / minecraft:item]: railways:track_byg_skyris_wide
[14May2026 16:36:13.814] [Worker-ResourceReload-8/ERROR] [net.minecraft.world.level.storage.loot.LootDataType/]: Couldn't parse element ResourceKey[minecraft:root / minecraft:loot_table]:railways:blocks/track_byg_witch_hazel_narrow - Unknown registry key in ResourceKey[minecraft:root / minecraft:item]: railways:track_byg_witch_hazel_narrow
[14May2026 16:36:13.815] [Worker-ResourceReload-8/ERROR] [net.minecraft.world.level.storage.loot.LootDataType/]: Couldn't parse element ResourceKey[minecraft:root / minecraft:loot_table]:railways:blocks/track_natures_spirit_joshua_wide - Unknown registry key in ResourceKey[minecraft:root / minecraft:item]: railways:track_natures_spirit_joshua_wide
[14May2026 16:36:13.815] [Worker-ResourceReload-8/ERROR] [net.minecraft.world.level.storage.loot.LootDataType/]: Couldn't parse element ResourceKey[minecraft:root / minecraft:loot_table]:railways:blocks/track_byg_bulbis_narrow - Unknown registry key in ResourceKey[minecraft:root / minecraft:item]: railways:track_byg_bulbis_narrow
[14May2026 16:36:13.816] [Worker-ResourceReload-8/ERROR] [net.minecraft.world.level.storage.loot.LootDataType/]: Couldn't parse element ResourceKey[minecraft:root / minecraft:loot_table]:railways:blocks/track_byg_green_enchanted_wide - Unknown registry key in ResourceKey[minecraft:root / minecraft:item]: railways:track_byg_green_enchanted_wide
[14May2026 16:36:13.817] [Worker-ResourceReload-8/ERROR] [net.minecraft.world.level.storage.loot.LootDataType/]: Couldn't parse element ResourceKey[minecraft:root / minecraft:loot_table]:railways:blocks/track_byg_skyris_narrow - Unknown registry key in ResourceKey[minecraft:root / minecraft:item]: railways:track_byg_skyris_narrow
[14May2026 16:36:13.818] [Worker-ResourceReload-8/ERROR] [net.minecraft.world.level.storage.loot.LootDataType/]: Couldn't parse element ResourceKey[minecraft:root / minecraft:loot_table]:railways:blocks/track_byg_ether_wide - Unknown registry key in ResourceKey[minecraft:root / minecraft:item]: railways:track_byg_ether_wide
[14May2026 16:36:13.819] [Worker-ResourceReload-8/ERROR] [net.minecraft.world.level.storage.loot.LootDataType/]: Couldn't parse element ResourceKey[minecraft:root / minecraft:loot_table]:railways:blocks/track_byg_mahogany_narrow - Unknown registry key in ResourceKey[minecraft:root / minecraft:item]: railways:track_byg_mahogany_narrow
[14May2026 16:36:13.819] [Worker-ResourceReload-8/ERROR] [net.minecraft.world.level.storage.loot.LootDataType/]: Couldn't parse element ResourceKey[minecraft:root / minecraft:loot_table]:railways:blocks/track_byg_ebony - Unknown registry key in ResourceKey[minecraft:root / minecraft:item]: railways:track_byg_ebony
[14May2026 16:36:13.819] [Worker-ResourceReload-8/ERROR] [net.minecraft.world.level.storage.loot.LootDataType/]: Couldn't parse element ResourceKey[minecraft:root / minecraft:loot_table]:railways:blocks/track_byg_aspen_wide - Unknown registry key in ResourceKey[minecraft:root / minecraft:item]: railways:track_byg_aspen_wide
[14May2026 16:36:13.821] [Worker-ResourceReload-8/ERROR] [net.minecraft.world.level.storage.loot.LootDataType/]: Couldn't parse element ResourceKey[minecraft:root / minecraft:loot_table]:railways:blocks/track_byg_nightshade - Unknown registry key in ResourceKey[minecraft:root / minecraft:item]: railways:track_byg_nightshade
[14May2026 16:36:13.821] [Worker-ResourceReload-8/ERROR] [net.minecraft.world.level.storage.loot.LootDataType/]: Couldn't parse element ResourceKey[minecraft:root / minecraft:loot_table]:railways:blocks/track_byg_willow - Unknown registry key in ResourceKey[minecraft:root / minecraft:item]: railways:track_byg_willow
[14May2026 16:36:13.821] [Worker-ResourceReload-8/ERROR] [net.minecraft.world.level.storage.loot.LootDataType/]: Couldn't parse element ResourceKey[minecraft:root / minecraft:loot_table]:railways:blocks/track_byg_bulbis_wide - Unknown registry key in ResourceKey[minecraft:root / minecraft:item]: railways:track_byg_bulbis_wide
[14May2026 16:36:13.821] [Worker-ResourceReload-8/ERROR] [net.minecraft.world.level.storage.loot.LootDataType/]: Couldn't parse element ResourceKey[minecraft:root / minecraft:loot_table]:railways:blocks/track_byg_cika_narrow - Unknown registry key in ResourceKey[minecraft:root / minecraft:item]: railways:track_byg_cika_narrow
[14May2026 16:36:13.822] [Worker-ResourceReload-8/ERROR] [net.minecraft.world.level.storage.loot.LootDataType/]: Couldn't parse element ResourceKey[minecraft:root / minecraft:loot_table]:railways:blocks/track_natures_spirit_wisteria_wide - Unknown registry key in ResourceKey[minecraft:root / minecraft:item]: railways:track_natures_spirit_wisteria_wide
[14May2026 16:36:13.823] [Worker-ResourceReload-8/ERROR] [net.minecraft.world.level.storage.loot.LootDataType/]: Couldn't parse element ResourceKey[minecraft:root / minecraft:loot_table]:railways:blocks/track_byg_nightshade_wide - Unknown registry key in ResourceKey[minecraft:root / minecraft:item]: railways:track_byg_nightshade_wide
[14May2026 16:36:13.823] [Worker-ResourceReload-8/ERROR] [net.minecraft.world.level.storage.loot.LootDataType/]: Couldn't parse element ResourceKey[minecraft:root / minecraft:loot_table]:railways:blocks/track_byg_imparius - Unknown registry key in ResourceKey[minecraft:root / minecraft:item]: railways:track_byg_imparius
[14May2026 16:36:13.823] [Worker-ResourceReload-8/ERROR] [net.minecraft.world.level.storage.loot.LootDataType/]: Couldn't parse element ResourceKey[minecraft:root / minecraft:loot_table]:railways:blocks/track_byg_lament_narrow - Unknown registry key in ResourceKey[minecraft:root / minecraft:item]: railways:track_byg_lament_narrow
[14May2026 16:36:13.823] [Worker-ResourceReload-8/ERROR] [net.minecraft.world.level.storage.loot.LootDataType/]: Couldn't parse element ResourceKey[minecraft:root / minecraft:loot_table]:railways:blocks/track_byg_aspen - Unknown registry key in ResourceKey[minecraft:root / minecraft:item]: railways:track_byg_aspen
[14May2026 16:36:13.826] [Worker-ResourceReload-8/ERROR] [net.minecraft.world.level.storage.loot.LootDataType/]: Couldn't parse element ResourceKey[minecraft:root / minecraft:loot_table]:railways:blocks/track_natures_spirit_cypress - Unknown registry key in ResourceKey[minecraft:root / minecraft:item]: railways:track_natures_spirit_cypress
[14May2026 16:36:13.828] [Worker-ResourceReload-8/ERROR] [net.minecraft.world.level.storage.loot.LootDataType/]: Couldn't parse element ResourceKey[minecraft:root / minecraft:loot_table]:railways:blocks/track_byg_redwood_narrow - Unknown registry key in ResourceKey[minecraft:root / minecraft:item]: railways:track_byg_redwood_narrow
[14May2026 16:36:13.830] [Worker-ResourceReload-8/ERROR] [net.minecraft.world.level.storage.loot.LootDataType/]: Couldn't parse element ResourceKey[minecraft:root / minecraft:loot_table]:railways:blocks/track_byg_ebony_wide - Unknown registry key in ResourceKey[minecraft:root / minecraft:item]: railways:track_byg_ebony_wide
[14May2026 16:36:13.832] [Worker-ResourceReload-8/ERROR] [net.minecraft.world.level.storage.loot.LootDataType/]: Couldn't parse element ResourceKey[minecraft:root / minecraft:loot_table]:railways:blocks/track_natures_spirit_fir_wide - Unknown registry key in ResourceKey[minecraft:root / minecraft:item]: railways:track_natures_spirit_fir_wide
[14May2026 16:36:13.833] [Worker-ResourceReload-8/ERROR] [net.minecraft.world.level.storage.loot.LootDataType/]: Couldn't parse element ResourceKey[minecraft:root / minecraft:loot_table]:railways:blocks/track_byg_jacaranda_narrow - Unknown registry key in ResourceKey[minecraft:root / minecraft:item]: railways:track_byg_jacaranda_narrow
[14May2026 16:36:13.833] [Worker-ResourceReload-8/ERROR] [net.minecraft.world.level.storage.loot.LootDataType/]: Couldn't parse element ResourceKey[minecraft:root / minecraft:loot_table]:railways:blocks/track_byg_green_enchanted - Unknown registry key in ResourceKey[minecraft:root / minecraft:item]: railways:track_byg_green_enchanted
[14May2026 16:36:13.834] [Worker-ResourceReload-8/ERROR] [net.minecraft.world.level.storage.loot.LootDataType/]: Couldn't parse element ResourceKey[minecraft:root / minecraft:loot_table]:railways:blocks/track_byg_white_mangrove - Unknown registry key in ResourceKey[minecraft:root / minecraft:item]: railways:track_byg_white_mangrove
[14May2026 16:36:13.834] [Worker-ResourceReload-8/ERROR] [net.minecraft.world.level.storage.loot.LootDataType/]: Couldn't parse element ResourceKey[minecraft:root / minecraft:loot_table]:railways:blocks/track_natures_spirit_aspen - Unknown registry key in ResourceKey[minecraft:root / minecraft:item]: railways:track_natures_spirit_aspen
[14May2026 16:36:13.835] [Worker-ResourceReload-8/ERROR] [net.minecraft.world.level.storage.loot.LootDataType/]: Couldn't parse element ResourceKey[minecraft:root / minecraft:loot_table]:railways:blocks/track_natures_spirit_cypress_narrow - Unknown registry key in ResourceKey[minecraft:root / minecraft:item]: railways:track_natures_spirit_cypress_narrow
[14May2026 16:36:13.836] [Worker-ResourceReload-8/ERROR] [net.minecraft.world.level.storage.loot.LootDataType/]: Couldn't parse element ResourceKey[minecraft:root / minecraft:loot_table]:railways:blocks/track_natures_spirit_willow_narrow - Unknown registry key in ResourceKey[minecraft:root / minecraft:item]: railways:track_natures_spirit_willow_narrow
[14May2026 16:36:13.837] [Worker-ResourceReload-8/ERROR] [net.minecraft.world.level.storage.loot.LootDataType/]: Couldn't parse element ResourceKey[minecraft:root / minecraft:loot_table]:railways:blocks/track_byg_embur_narrow - Unknown registry key in ResourceKey[minecraft:root / minecraft:item]: railways:track_byg_embur_narrow
[14May2026 16:36:13.840] [Worker-ResourceReload-8/ERROR] [net.minecraft.world.level.storage.loot.LootDataType/]: Couldn't parse element ResourceKey[minecraft:root / minecraft:loot_table]:railways:blocks/track_natures_spirit_redwood - Unknown registry key in ResourceKey[minecraft:root / minecraft:item]: railways:track_natures_spirit_redwood
[14May2026 16:36:13.840] [Worker-ResourceReload-8/ERROR] [net.minecraft.world.level.storage.loot.LootDataType/]: Couldn't parse element ResourceKey[minecraft:root / minecraft:loot_table]:railways:blocks/track_byg_baobab_narrow - Unknown registry key in ResourceKey[minecraft:root / minecraft:item]: railways:track_byg_baobab_narrow
[14May2026 16:36:13.843] [Worker-ResourceReload-8/ERROR] [net.minecraft.world.level.storage.loot.LootDataType/]: Couldn't parse element ResourceKey[minecraft:root / minecraft:loot_table]:railways:blocks/track_byg_jacaranda - Unknown registry key in ResourceKey[minecraft:root / minecraft:item]: railways:track_byg_jacaranda
[14May2026 16:36:13.844] [Worker-ResourceReload-8/ERROR] [net.minecraft.world.level.storage.loot.LootDataType/]: Couldn't parse element ResourceKey[minecraft:root / minecraft:loot_table]:railways:blocks/track_byg_blue_enchanted_wide - Unknown registry key in ResourceKey[minecraft:root / minecraft:item]: railways:track_byg_blue_enchanted_wide
[14May2026 16:36:13.849] [Worker-ResourceReload-8/ERROR] [net.minecraft.world.level.storage.loot.LootDataType/]: Couldn't parse element ResourceKey[minecraft:root / minecraft:loot_table]:railways:blocks/track_byg_zelkova_wide - Unknown registry key in ResourceKey[minecraft:root / minecraft:item]: railways:track_byg_zelkova_wide
[14May2026 16:36:13.852] [Worker-ResourceReload-8/ERROR] [net.minecraft.world.level.storage.loot.LootDataType/]: Couldn't parse element ResourceKey[minecraft:root / minecraft:loot_table]:railways:blocks/track_byg_witch_hazel_wide - Unknown registry key in ResourceKey[minecraft:root / minecraft:item]: railways:track_byg_witch_hazel_wide
[14May2026 16:36:13.853] [Worker-ResourceReload-8/ERROR] [net.minecraft.world.level.storage.loot.LootDataType/]: Couldn't parse element ResourceKey[minecraft:root / minecraft:loot_table]:railways:blocks/track_byg_willow_narrow - Unknown registry key in ResourceKey[minecraft:root / minecraft:item]: railways:track_byg_willow_narrow
[14May2026 16:36:13.853] [Worker-ResourceReload-8/ERROR] [net.minecraft.world.level.storage.loot.LootDataType/]: Couldn't parse element ResourceKey[minecraft:root / minecraft:loot_table]:railways:blocks/track_byg_baobab - Unknown registry key in ResourceKey[minecraft:root / minecraft:item]: railways:track_byg_baobab
[14May2026 16:36:13.853] [Worker-ResourceReload-8/ERROR] [net.minecraft.world.level.storage.loot.LootDataType/]: Couldn't parse element ResourceKey[minecraft:root / minecraft:loot_table]:railways:blocks/track_natures_spirit_fir_narrow - Unknown registry key in ResourceKey[minecraft:root / minecraft:item]: railways:track_natures_spirit_fir_narrow
[14May2026 16:36:13.853] [Worker-ResourceReload-8/ERROR] [net.minecraft.world.level.storage.loot.LootDataType/]: Couldn't parse element ResourceKey[minecraft:root / minecraft:loot_table]:railways:blocks/track_byg_palm_wide - Unknown registry key in ResourceKey[minecraft:root / minecraft:item]: railways:track_byg_palm_wide
[14May2026 16:36:13.854] [Worker-ResourceReload-8/ERROR] [net.minecraft.world.level.storage.loot.LootDataType/]: Couldn't parse element ResourceKey[minecraft:root / minecraft:loot_table]:railways:blocks/track_byg_pine_wide - Unknown registry key in ResourceKey[minecraft:root / minecraft:item]: railways:track_byg_pine_wide
[14May2026 16:36:13.854] [Worker-ResourceReload-8/ERROR] [net.minecraft.world.level.storage.loot.LootDataType/]: Couldn't parse element ResourceKey[minecraft:root / minecraft:loot_table]:railways:blocks/track_natures_spirit_sugi_narrow - Unknown registry key in ResourceKey[minecraft:root / minecraft:item]: railways:track_natures_spirit_sugi_narrow
[14May2026 16:36:13.854] [Worker-ResourceReload-8/ERROR] [net.minecraft.world.level.storage.loot.LootDataType/]: Couldn't parse element ResourceKey[minecraft:root / minecraft:loot_table]:railways:blocks/track_byg_maple_wide - Unknown registry key in ResourceKey[minecraft:root / minecraft:item]: railways:track_byg_maple_wide
[14May2026 16:36:13.854] [Worker-ResourceReload-8/ERROR] [net.minecraft.world.level.storage.loot.LootDataType/]: Couldn't parse element ResourceKey[minecraft:root / minecraft:loot_table]:railways:blocks/track_byg_maple - Unknown registry key in ResourceKey[minecraft:root / minecraft:item]: railways:track_byg_maple
[14May2026 16:36:13.854] [Worker-ResourceReload-8/ERROR] [net.minecraft.world.level.storage.loot.LootDataType/]: Couldn't parse element ResourceKey[minecraft:root / minecraft:loot_table]:railways:blocks/track_byg_lament_wide - Unknown registry key in ResourceKey[minecraft:root / minecraft:item]: railways:track_byg_lament_wide
[14May2026 16:36:13.856] [Worker-ResourceReload-8/ERROR] [net.minecraft.world.level.storage.loot.LootDataType/]: Couldn't parse element ResourceKey[minecraft:root / minecraft:loot_table]:railways:blocks/track_natures_spirit_ghaf - Unknown registry key in ResourceKey[minecraft:root / minecraft:item]: railways:track_natures_spirit_ghaf
[14May2026 16:36:13.857] [Worker-ResourceReload-8/ERROR] [net.minecraft.world.level.storage.loot.LootDataType/]: Couldn't parse element ResourceKey[minecraft:root / minecraft:loot_table]:railways:blocks/track_byg_blue_enchanted - Unknown registry key in ResourceKey[minecraft:root / minecraft:item]: railways:track_byg_blue_enchanted
[14May2026 16:36:13.857] [Worker-ResourceReload-8/ERROR] [net.minecraft.world.level.storage.loot.LootDataType/]: Couldn't parse element ResourceKey[minecraft:root / minecraft:loot_table]:railways:blocks/track_natures_spirit_maple_wide - Unknown registry key in ResourceKey[minecraft:root / minecraft:item]: railways:track_natures_spirit_maple_wide
[14May2026 16:36:13.868] [Worker-ResourceReload-8/ERROR] [net.minecraft.world.level.storage.loot.LootDataType/]: Couldn't parse element ResourceKey[minecraft:root / minecraft:loot_table]:railways:blocks/track_byg_pine_narrow - Unknown registry key in ResourceKey[minecraft:root / minecraft:item]: railways:track_byg_pine_narrow
[14May2026 16:36:13.869] [Worker-ResourceReload-8/ERROR] [net.minecraft.world.level.storage.loot.LootDataType/]: Couldn't parse element ResourceKey[minecraft:root / minecraft:loot_table]:railways:blocks/track_natures_spirit_olive_wide - Unknown registry key in ResourceKey[minecraft:root / minecraft:item]: railways:track_natures_spirit_olive_wide
[14May2026 16:36:13.869] [Worker-ResourceReload-8/ERROR] [net.minecraft.world.level.storage.loot.LootDataType/]: Couldn't parse element ResourceKey[minecraft:root / minecraft:loot_table]:railways:blocks/track_natures_spirit_sugi_wide - Unknown registry key in ResourceKey[minecraft:root / minecraft:item]: railways:track_natures_spirit_sugi_wide
[14May2026 16:36:13.869] [Worker-ResourceReload-8/ERROR] [net.minecraft.world.level.storage.loot.LootDataType/]: Couldn't parse element ResourceKey[minecraft:root / minecraft:loot_table]:railways:blocks/track_byg_aspen_narrow - Unknown registry key in ResourceKey[minecraft:root / minecraft:item]: railways:track_byg_aspen_narrow
[14May2026 16:36:13.872] [Worker-ResourceReload-8/ERROR] [net.minecraft.world.level.storage.loot.LootDataType/]: Couldn't parse element ResourceKey[minecraft:root / minecraft:loot_table]:railways:blocks/track_byg_redwood - Unknown registry key in ResourceKey[minecraft:root / minecraft:item]: railways:track_byg_redwood
[14May2026 16:36:13.872] [Worker-ResourceReload-8/ERROR] [net.minecraft.world.level.storage.loot.LootDataType/]: Couldn't parse element ResourceKey[minecraft:root / minecraft:loot_table]:railways:blocks/track_natures_spirit_ghaf_wide - Unknown registry key in ResourceKey[minecraft:root / minecraft:item]: railways:track_natures_spirit_ghaf_wide
[14May2026 16:36:13.874] [Worker-ResourceReload-8/ERROR] [net.minecraft.world.level.storage.loot.LootDataType/]: Couldn't parse element ResourceKey[minecraft:root / minecraft:loot_table]:railways:blocks/track_natures_spirit_palo_verde - Unknown registry key in ResourceKey[minecraft:root / minecraft:item]: railways:track_natures_spirit_palo_verde
[14May2026 16:36:13.874] [Worker-ResourceReload-8/ERROR] [net.minecraft.world.level.storage.loot.LootDataType/]: Couldn't parse element ResourceKey[minecraft:root / minecraft:loot_table]:railways:blocks/track_natures_spirit_redwood_wide - Unknown registry key in ResourceKey[minecraft:root / minecraft:item]: railways:track_natures_spirit_redwood_wide
[14May2026 16:36:13.876] [Worker-ResourceReload-8/ERROR] [net.minecraft.world.level.storage.loot.LootDataType/]: Couldn't parse element ResourceKey[minecraft:root / minecraft:loot_table]:railways:blocks/track_byg_ether - Unknown registry key in ResourceKey[minecraft:root / minecraft:item]: railways:track_byg_ether
[14May2026 16:36:13.876] [Worker-ResourceReload-8/ERROR] [net.minecraft.world.level.storage.loot.LootDataType/]: Couldn't parse element ResourceKey[minecraft:root / minecraft:loot_table]:railways:blocks/track_byg_cika - Unknown registry key in ResourceKey[minecraft:root / minecraft:item]: railways:track_byg_cika
[14May2026 16:36:13.878] [Worker-ResourceReload-8/ERROR] [net.minecraft.world.level.storage.loot.LootDataType/]: Couldn't parse element ResourceKey[minecraft:root / minecraft:loot_table]:railways:blocks/track_natures_spirit_joshua - Unknown registry key in ResourceKey[minecraft:root / minecraft:item]: railways:track_natures_spirit_joshua
[14May2026 16:36:13.878] [Worker-ResourceReload-8/ERROR] [net.minecraft.world.level.storage.loot.LootDataType/]: Couldn't parse element ResourceKey[minecraft:root / minecraft:loot_table]:railways:blocks/track_byg_bulbis - Unknown registry key in ResourceKey[minecraft:root / minecraft:item]: railways:track_byg_bulbis
[14May2026 16:36:13.878] [Worker-ResourceReload-8/ERROR] [net.minecraft.world.level.storage.loot.LootDataType/]: Couldn't parse element ResourceKey[minecraft:root / minecraft:loot_table]:railways:blocks/track_byg_cypress_narrow - Unknown registry key in ResourceKey[minecraft:root / minecraft:item]: railways:track_byg_cypress_narrow
[14May2026 16:36:13.879] [Worker-ResourceReload-8/ERROR] [net.minecraft.world.level.storage.loot.LootDataType/]: Couldn't parse element ResourceKey[minecraft:root / minecraft:loot_table]:railways:blocks/track_natures_spirit_maple_narrow - Unknown registry key in ResourceKey[minecraft:root / minecraft:item]: railways:track_natures_spirit_maple_narrow
[14May2026 16:36:13.891] [Worker-ResourceReload-8/INFO] [emi_loot/]: parsing loot tables
[14May2026 16:36:13.989] [Worker-ResourceReload-8/INFO] [emi_loot/]: finished parsing loot tables in 98
[14May2026 16:36:14.215] [Worker-ResourceReload-8/WARN] [createliquidfuel/]: addReloadListeners called
[14May2026 16:36:14.240] [Worker-ResourceReload-8/ERROR] [net.minecraft.tags.TagLoader/]: Couldn't read tag list sable:bouncy from sable:tags/block/bouncy.json in data pack mod/sablephysicscompat
java.lang.NullPointerException: Cannot invoke "com.google.gson.JsonElement.getAsJsonPrimitive()" because "input" is null
	at MC-BOOTSTRAP/datafixerupper@8.0.16/com.mojang.serialization.JsonOps.convertTo(JsonOps.java:50) ~[datafixerupper-8.0.16.jar%23116!/:?]
	at MC-BOOTSTRAP/datafixerupper@8.0.16/com.mojang.serialization.JsonOps.convertTo(JsonOps.java:24) ~[datafixerupper-8.0.16.jar%23116!/:?]
	at TRANSFORMER/supermartijn642corelib@1.1.21/com.supermartijn642.core.codec.CodecHelper$1.decode(CodecHelper.java:35) ~[supermartijn642corelib-1.1.21-neoforge-mc1.21.jar%23376!/:?]
	at MC-BOOTSTRAP/datafixerupper@8.0.16/com.mojang.serialization.codecs.EitherCodec.decode(EitherCodec.java:14) ~[datafixerupper-8.0.16.jar%23116!/:?]
	at MC-BOOTSTRAP/datafixerupper@8.0.16/com.mojang.serialization.Decoder$2.decode(Decoder.java:63) ~[datafixerupper-8.0.16.jar%23116!/:?]
	at MC-BOOTSTRAP/datafixerupper@8.0.16/com.mojang.serialization.Codec$2.decode(Codec.java:75) ~[datafixerupper-8.0.16.jar%23116!/:?]
	at MC-BOOTSTRAP/datafixerupper@8.0.16/com.mojang.serialization.codecs.ListCodec$DecoderState.accept(ListCodec.java:74) ~[datafixerupper-8.0.16.jar%23116!/:?]
	at MC-BOOTSTRAP/datafixerupper@8.0.16/com.mojang.serialization.JsonOps.lambda$getList$21(JsonOps.java:283) ~[datafixerupper-8.0.16.jar%23116!/:?]
	at MC-BOOTSTRAP/datafixerupper@8.0.16/com.mojang.serialization.codecs.ListCodec.lambda$decode$2(ListCodec.java:45) ~[datafixerupper-8.0.16.jar%23116!/:?]
	at MC-BOOTSTRAP/datafixerupper@8.0.16/com.mojang.serialization.DataResult$Success.flatMap(DataResult.java:201) ~[datafixerupper-8.0.16.jar%23116!/:?]
	at MC-BOOTSTRAP/datafixerupper@8.0.16/com.mojang.serialization.codecs.ListCodec.decode(ListCodec.java:43) ~[datafixerupper-8.0.16.jar%23116!/:?]
	at MC-BOOTSTRAP/datafixerupper@8.0.16/com.mojang.serialization.Decoder.parse(Decoder.java:18) ~[datafixerupper-8.0.16.jar%23116!/:?]
	at MC-BOOTSTRAP/datafixerupper@8.0.16/com.mojang.serialization.codecs.FieldDecoder.decode(FieldDecoder.java:29) ~[datafixerupper-8.0.16.jar%23116!/:?]
	at MC-BOOTSTRAP/datafixerupper@8.0.16/com.mojang.serialization.MapCodec$2.decode(MapCodec.java:77) ~[datafixerupper-8.0.16.jar%23116!/:?]
	at MC-BOOTSTRAP/datafixerupper@8.0.16/com.mojang.serialization.codecs.RecordCodecBuilder$Instance$5.decode(RecordCodecBuilder.java:323) ~[datafixerupper-8.0.16.jar%23116!/:?]
	at MC-BOOTSTRAP/datafixerupper@8.0.16/com.mojang.serialization.codecs.RecordCodecBuilder$2.decode(RecordCodecBuilder.java:107) ~[datafixerupper-8.0.16.jar%23116!/:?]
	at MC-BOOTSTRAP/datafixerupper@8.0.16/com.mojang.serialization.MapDecoder.lambda$compressedDecode$1(MapDecoder.java:52) ~[datafixerupper-8.0.16.jar%23116!/:?]
	at MC-BOOTSTRAP/datafixerupper@8.0.16/com.mojang.serialization.DataResult$Success.flatMap(DataResult.java:201) ~[datafixerupper-8.0.16.jar%23116!/:?]
	at MC-BOOTSTRAP/datafixerupper@8.0.16/com.mojang.serialization.MapDecoder.compressedDecode(MapDecoder.java:52) ~[datafixerupper-8.0.16.jar%23116!/:?]
	at MC-BOOTSTRAP/datafixerupper@8.0.16/com.mojang.serialization.MapCodec$MapCodecCodec.decode(MapCodec.java:158) ~[datafixerupper-8.0.16.jar%23116!/:?]
	at MC-BOOTSTRAP/datafixerupper@8.0.16/com.mojang.serialization.Decoder.decode(Decoder.java:22) ~[datafixerupper-8.0.16.jar%23116!/:?]
	at MC-BOOTSTRAP/datafixerupper@8.0.16/com.mojang.serialization.Decoder.parse(Decoder.java:26) ~[datafixerupper-8.0.16.jar%23116!/:?]
	at TRANSFORMER/minecraft@1.21.1/net.minecraft.tags.TagLoader.load(TagLoader.java:53) [client-1.21.1-20240808.144430-srg.jar%23281!/:?]
	at TRANSFORMER/minecraft@1.21.1/net.minecraft.tags.TagLoader.loadAndBuild(TagLoader.java:118) [client-1.21.1-20240808.144430-srg.jar%23281!/:?]
	at TRANSFORMER/minecraft@1.21.1/net.minecraft.tags.TagManager.lambda$createLoader$3(TagManager.java:46) [client-1.21.1-20240808.144430-srg.jar%23281!/:?]
	at java.base/java.util.concurrent.CompletableFuture$AsyncSupply.run(CompletableFuture.java:1789) [?:?]
	at java.base/java.util.concurrent.CompletableFuture$AsyncSupply.exec(CompletableFuture.java:1781) [?:?]
	at java.base/java.util.concurrent.ForkJoinTask.doExec(ForkJoinTask.java:511) [?:?]
	at java.base/java.util.concurrent.ForkJoinPool$WorkQueue.topLevelExec(ForkJoinPool.java:1450) [?:?]
	at java.base/java.util.concurrent.ForkJoinPool.runWorker(ForkJoinPool.java:2019) [?:?]
	at java.base/java.util.concurrent.ForkJoinWorkerThread.run(ForkJoinWorkerThread.java:187) [?:?]
[14May2026 16:36:14.778] [Render thread/ERROR] [net.minecraft.world.item.crafting.RecipeManager/]: Parsing error loading recipe emi_letsdo_compat:cheese_fondue_fill: com.google.gson.JsonParseException: Unknown registry key in ResourceKey[minecraft:root / minecraft:recipe_serializer]: emi_letsdo_compat:fondue_fill
[14May2026 16:36:14.783] [Render thread/ERROR] [net.minecraft.world.item.crafting.RecipeManager/]: Parsing error loading recipe emi_letsdo_compat:bread_to_cheese_stick: com.google.gson.JsonParseException: Unknown registry key in ResourceKey[minecraft:root / minecraft:recipe_serializer]: emi_letsdo_compat:fondue_use
[14May2026 16:36:14.783] [Render thread/ERROR] [net.minecraft.world.item.crafting.RecipeManager/]: Parsing error loading recipe createoreexcavation:cutting/diamond_cutting: com.google.gson.JsonParseException: Unknown registry key in ResourceKey[minecraft:root / neoforge:condition_codecs]: neoforge:never; Input does not contain a key [type]: MapLike[{}]
[14May2026 16:36:14.798] [Render thread/ERROR] [net.minecraft.world.item.crafting.RecipeManager/]: Parsing error loading recipe createoreexcavation:ore_vein_type/netherite: com.google.gson.JsonParseException: Unknown registry key in ResourceKey[minecraft:root / neoforge:condition_codecs]: neoforge:never; Input does not contain a key [type]: MapLike[{}]
[14May2026 16:36:14.800] [Render thread/ERROR] [net.minecraft.world.item.crafting.RecipeManager/]: Parsing error loading recipe emi_letsdo_compat:cheese_blocks_fondue_fill: com.google.gson.JsonParseException: Unknown registry key in ResourceKey[minecraft:root / minecraft:recipe_serializer]: emi_letsdo_compat:fondue_fill
[14May2026 16:36:14.801] [Render thread/ERROR] [net.minecraft.world.item.crafting.RecipeManager/]: Parsing error loading recipe emi_letsdo_compat:cake_cut/glowberry_tart_cake_cut: com.google.gson.JsonParseException: Unknown registry key in ResourceKey[minecraft:root / minecraft:recipe_serializer]: emi_letsdo_compat:cake_cut
[14May2026 16:36:14.801] [Render thread/ERROR] [net.minecraft.world.item.crafting.RecipeManager/]: Parsing error loading recipe emi_letsdo_compat:cake_cut/linzer_tart_cake_cut: com.google.gson.JsonParseException: Unknown registry key in ResourceKey[minecraft:root / minecraft:recipe_serializer]: emi_letsdo_compat:cake_cut
[14May2026 16:36:14.803] [Render thread/ERROR] [net.minecraft.world.item.crafting.RecipeManager/]: Parsing error loading recipe createoreexcavation:cutting/emerald_cutting: com.google.gson.JsonParseException: Unknown registry key in ResourceKey[minecraft:root / neoforge:condition_codecs]: neoforge:never; Input does not contain a key [type]: MapLike[{}]
[14May2026 16:36:14.809] [Render thread/ERROR] [net.minecraft.world.item.crafting.RecipeManager/]: Parsing error loading recipe emi_letsdo_compat:cake_cut/cheesecake_cake_cut: com.google.gson.JsonParseException: Unknown registry key in ResourceKey[minecraft:root / minecraft:recipe_serializer]: emi_letsdo_compat:cake_cut
[14May2026 16:36:14.811] [Render thread/ERROR] [net.minecraft.world.item.crafting.RecipeManager/]: Parsing error loading recipe emi_letsdo_compat:cake_cut/pudding_cake_cut: com.google.gson.JsonParseException: Unknown registry key in ResourceKey[minecraft:root / minecraft:recipe_serializer]: emi_letsdo_compat:cake_cut
[14May2026 16:36:14.813] [Render thread/ERROR] [net.minecraft.world.item.crafting.RecipeManager/]: Parsing error loading recipe emi_letsdo_compat:cake_cut/strawberry_cake_cake_cut: com.google.gson.JsonParseException: Unknown registry key in ResourceKey[minecraft:root / minecraft:recipe_serializer]: emi_letsdo_compat:cake_cut
[14May2026 16:36:14.823] [Render thread/ERROR] [net.minecraft.world.item.crafting.RecipeManager/]: Parsing error loading recipe emi_letsdo_compat:cake_cut/apple_pie_cake_cut: com.google.gson.JsonParseException: Unknown registry key in ResourceKey[minecraft:root / minecraft:recipe_serializer]: emi_letsdo_compat:cake_cut
[14May2026 16:36:14.826] [Render thread/ERROR] [net.minecraft.world.item.crafting.RecipeManager/]: Parsing error loading recipe emi_letsdo_compat:cake_cut/cheese_tart_cake_cut: com.google.gson.JsonParseException: Unknown registry key in ResourceKey[minecraft:root / minecraft:recipe_serializer]: emi_letsdo_compat:cake_cut
[14May2026 16:36:14.835] [Render thread/ERROR] [net.minecraft.world.item.crafting.RecipeManager/]: Parsing error loading recipe emi_letsdo_compat:cake_cut/chocolate_cake_cake_cut: com.google.gson.JsonParseException: Unknown registry key in ResourceKey[minecraft:root / minecraft:recipe_serializer]: emi_letsdo_compat:cake_cut
[14May2026 16:36:14.835] [Render thread/ERROR] [net.minecraft.world.item.crafting.RecipeManager/]: Parsing error loading recipe emi_letsdo_compat:cake_cut/bundt_cake_cake_cut: com.google.gson.JsonParseException: Unknown registry key in ResourceKey[minecraft:root / minecraft:recipe_serializer]: emi_letsdo_compat:cake_cut
[14May2026 16:36:14.841] [Render thread/ERROR] [net.minecraft.world.item.crafting.RecipeManager/]: Parsing error loading recipe createoreexcavation:crushing/redstone_crushing: com.google.gson.JsonParseException: Unknown registry key in ResourceKey[minecraft:root / neoforge:condition_codecs]: neoforge:never; Input does not contain a key [type]: MapLike[{}]
[14May2026 16:36:14.852] [Render thread/ERROR] [net.minecraft.world.item.crafting.RecipeManager/]: Parsing error loading recipe createdeco:placard: com.google.gson.JsonParseException: Failed to parse either. First: Not a json array: {"id":"minecraft:white_dye"}; Second: No key tag in MapLike[{"id":"minecraft:white_dye"}]; No key item in MapLike[{"id":"minecraft:white_dye"}]
[14May2026 16:36:14.861] [Render thread/ERROR] [net.minecraft.world.item.crafting.RecipeManager/]: Parsing error loading recipe emi_letsdo_compat:cake_cut/sweetberry_cake_cake_cut: com.google.gson.JsonParseException: Unknown registry key in ResourceKey[minecraft:root / minecraft:recipe_serializer]: emi_letsdo_compat:cake_cut
[14May2026 16:36:14.879] [Render thread/ERROR] [net.minecraft.world.item.crafting.RecipeManager/]: Parsing error loading recipe emi_letsdo_compat:cake_cut/chocolate_tart_cake_cut: com.google.gson.JsonParseException: Unknown registry key in ResourceKey[minecraft:root / minecraft:recipe_serializer]: emi_letsdo_compat:cake_cut
[14May2026 16:36:14.888] [Render thread/ERROR] [net.minecraft.world.item.crafting.RecipeManager/]: Parsing error loading recipe emi_letsdo_compat:cake_cut/chocolate_gateau_cake_cut: com.google.gson.JsonParseException: Unknown registry key in ResourceKey[minecraft:root / minecraft:recipe_serializer]: emi_letsdo_compat:cake_cut
[14May2026 16:36:14.898] [Render thread/ERROR] [net.minecraft.world.item.crafting.RecipeManager/]: Parsing error loading recipe createoreexcavation:drilling/netherite: com.google.gson.JsonParseException: Unknown registry key in ResourceKey[minecraft:root / neoforge:condition_codecs]: neoforge:never; Input does not contain a key [type]: MapLike[{}]
[14May2026 16:36:14.899] [Render thread/ERROR] [net.minecraft.world.item.crafting.RecipeManager/]: Parsing error loading recipe createoreexcavation:milling/redstone_milling: com.google.gson.JsonParseException: Unknown registry key in ResourceKey[minecraft:root / neoforge:condition_codecs]: neoforge:never; Input does not contain a key [type]: MapLike[{}]
[14May2026 16:36:14.903] [Render thread/ERROR] [net.minecraft.world.item.crafting.RecipeManager/]: Parsing error loading recipe createoreexcavation:ore_vein_type/lapis: com.google.gson.JsonParseException: Unknown registry key in ResourceKey[minecraft:root / neoforge:condition_codecs]: neoforge:never; Input does not contain a key [type]: MapLike[{}]
[14May2026 16:36:14.906] [Render thread/ERROR] [net.minecraft.world.item.crafting.RecipeManager/]: Parsing error loading recipe createoreexcavation:drilling/hardened_diamond: com.google.gson.JsonParseException: Unknown registry key in ResourceKey[minecraft:root / neoforge:condition_codecs]: neoforge:never; Input does not contain a key [type]: MapLike[{}]
[14May2026 16:36:14.924] [Render thread/INFO] [net.minecraft.world.item.crafting.RecipeManager/]: Loaded 9073 recipes
[14May2026 16:36:15.175] [Render thread/INFO] [net.minecraft.advancements.AdvancementTree/]: Loaded 7344 advancements
[14May2026 16:36:15.185] [Render thread/INFO] [Curios API/]: Loaded 11 curio slots
[14May2026 16:36:15.188] [Render thread/INFO] [Curios API/]: Loaded 1 curio entities
[14May2026 16:36:15.206] [Render thread/INFO] [Moonlight/]: Failed to load custom color set definition {"id":"quark:rune","colors":{"default":"quark:blank_rune"},"replace":false}. Ignoring
[14May2026 16:36:15.207] [Render thread/INFO] [Moonlight/]: Failed to load custom color set definition {"id":"suppsquared:sack","colors":{"default":"supplementaries:sack"},"replace":false}. Ignoring
[14May2026 16:36:15.207] [Render thread/INFO] [Moonlight/]: Failed to load custom color set definition {"id":"quark:shard","colors":{"default":"quark:clear_shard"},"replace":false}. Ignoring
[14May2026 16:36:15.210] [Render thread/INFO] [com.drmangotea.tfmg.TFMG/]: Added 8 Engine Fuel Types
[14May2026 16:36:15.213] [Render thread/INFO] [Create cobblestone NeoForge/]: Generator types cleared
[14May2026 16:36:15.213] [Render thread/INFO] [Create cobblestone NeoForge/]: Loading generator types from datapacks
[14May2026 16:36:15.215] [Render thread/INFO] [Create cobblestone NeoForge/]: Generator types loading done
[14May2026 16:36:15.218] [Render thread/ERROR] [dev.ryanhcode.sable.Sable/]: Error while loading physics block properties entry: DataResult.Error['Not a JSON object: [{"selector":"aether:enchanted_gravitite","properties":{"sable:floating_material":"aeronautics:levitite","sable:floating_scale":4.0}},{"selector":"#aether:aerclouds","properties":{"sable:floating_material":"aeronautics:levitite","sable:floating_scale":1.0}},{"selector":"#twilightforest:clouds","properties":{"sable:floating_material":"aeronautics:levitite","sable:floating_scale":1.0}},{"selector":"biomesoplenty:anomaly","properties":{"sable:floating_material":"aeronautics:levitite","sable:floating_scale":4.0}},{"selector":"enderitemod:enderite_ore","properties":{"sable:floating_material":"aeronautics:levitite","sable:floating_scale":6.0}},{"selector":"enderitemod:cracked_enderite_ore","properties":{"sable:floating_material":"aeronautics:levitite","sable:floating_scale":6.0}},{"selector":"enderitemod:enderite_block","properties":{"sable:floating_material":"aeronautics:levitite","sable:floating_scale":24.0}},{"selector":"enderitemod:enderite_shulker_box","properties":{"sable:floating_material":"aeronautics:levitite","sable:floating_scale":8.0}},{"selector":"enderitemod:enderite_respawn_anchor","properties":{"sable:floating_material":"aeronautics:levitite","sable:floating_scale":12.0}},{"selector":"aether:chromatic_aercloud","properties":{"sable:floating_material":"aeronautics:levitite","sable:floating_scale":6.0}},{"selector":"ironfurnaces:million_furnace","properties":{"sable:floating_material":"aeronautics:levitite","sable:floating_scale":8.0}},{"selector":"quark:gravisand","properties":{"sable:floating_material":"aeronautics:levitite","sable:floating_scale":4.0}},{"selector":"alexsmobs:ender_residue","properties":{"sable:floating_material":"aeronautics:levitite","sable:floating_scale":4.0}}]']
[14May2026 16:36:15.424] [Render thread/INFO] [EMI/]: [EMI] Recipes synchronized, waiting for tags to reload EMI...
[14May2026 16:36:15.459] [Render thread/INFO] [structurify/]: Loading Structurify config...
[14May2026 16:36:15.481] [Render thread/INFO] [structurify/]: Structurify config loaded
[14May2026 16:36:15.481] [Render thread/INFO] [structurify/]: Disabled 6 structures: [mymod:airtemple, mymod:fietemple_1, mymod:firetemple, mymod:firetemple1, mymod:firetemple_2, mymod:firetemple_3]
[14May2026 16:36:15.483] [Render thread/INFO] [structurify/]: Changed settings of 6 structures: [mymod:airtemple, mymod:fietemple_1, mymod:firetemple, mymod:firetemple1, mymod:firetemple_2, mymod:firetemple_3]
[14May2026 16:36:15.483] [Render thread/INFO] [structurify/]: Changed settings of 6 structure namespaces: [mymod:airtemple, mymod:fietemple_1, mymod:firetemple, mymod:firetemple1, mymod:firetemple_2, mymod:firetemple_3]
[14May2026 16:36:15.512] [Render thread/WARN] [ModernFix/]: Initial datapack load took 2.254 s
[14May2026 16:36:17.422] [Render thread/INFO] [com.simibubi.create.Create/]: Created 170 recipes which will be injected into the game
[14May2026 16:36:17.423] [Render thread/INFO] [com.simibubi.create.Create/]: Created 0 tags which will be injected into the game
[14May2026 16:36:17.424] [Render thread/INFO] [plus.dragons.createdragonsplus.data.runtime.RuntimePackResources/]: Starting provider [plus.dragons.createdragonsplus.data.internal.CDPRuntimeRecipeProvider@73e9101e] for runtime resource [create_dragons_plus:runtime]
[14May2026 16:36:17.430] [Render thread/INFO] [plus.dragons.createdragonsplus.data.runtime.RuntimePackResources/]: plus.dragons.createdragonsplus.data.internal.CDPRuntimeRecipeProvider@73e9101e finished after 6 ms
[14May2026 16:36:17.460] [Render thread/INFO] [KubeJS/]: Added bindings for script type SERVER from mod 'almostunified': [AlmostUnified]
[14May2026 16:36:17.460] [Render thread/INFO] [KubeJS Server/]: server_scripts:main.js#2: Hello, World! (Loaded server example script)
[14May2026 16:36:17.460] [Render thread/INFO] [KubeJS Server/]: Loaded script server_scripts:main.js in 0.0 s
[14May2026 16:36:17.461] [Render thread/INFO] [KubeJS Server/]: Loaded 1/1 KubeJS server scripts in 0.019 s with 0 errors and 0 warnings
[14May2026 16:36:17.464] [Render thread/WARN] [KubeJS Server/]: Due to the way Minecraft resource loading works, KubeJS' server.log may not contain everything that happened in your server scripts on initial world creation.
[14May2026 16:36:17.464] [Render thread/WARN] [KubeJS Server/]: You can still see the full log (including past reloads) in your latest.log file.
[14May2026 16:36:17.552] [Server thread/INFO] [net.minecraft.client.server.IntegratedServer/]: Starting integrated minecraft server version 1.21.1
[14May2026 16:36:17.552] [Server thread/INFO] [net.minecraft.server.MinecraftServer/]: Generating keypair
[14May2026 16:36:17.588] [Server thread/INFO] [com.tom.createores.CreateOreExcavation/]: Loaded Create Ore Excavation config file createoreexcavation-server.toml
[14May2026 16:36:17.636] [Server thread/INFO] [structurify/]: Updating registries...
[14May2026 16:36:17.637] [Server thread/INFO] [structurify/]: Structure registries updated
[14May2026 16:36:17.637] [Server thread/INFO] [structurify/]: Structure Sets registries updated
[14May2026 16:36:17.637] [Server thread/INFO] [structurify/]: Registries updated
[14May2026 16:36:17.747] [Server thread/INFO] [terrablender/]: Initialized TerraBlender biomes for level stem minecraft:overworld
[14May2026 16:36:17.747] [Server thread/INFO] [terrablender/]: Initialized TerraBlender biomes for level stem minecraft:the_nether
[14May2026 16:36:17.909] [Server thread/INFO] [dev.ryanhcode.sable.Sable/]: Assigned physics scene ID 0 to minecraft:overworld
[14May2026 16:36:18.200] [Server thread/WARN] [mixin/]: Method overwrite conflict for removeIf in lithium.mixins.json:collections.chunk_tickets.SortedArraySetMixin from mod lithium, previously written by org.embeddedt.modernfix.common.mixin.bugfix.paper_chunk_patches.SortedArraySetMixin. Skipping method.
[14May2026 16:36:20.952] [Server thread/INFO] [dev.ryanhcode.sable.Sable/]: Assigned physics scene ID 1 to minecraft:the_end
[14May2026 16:36:20.990] [Server thread/INFO] [dev.ryanhcode.sable.Sable/]: Assigned physics scene ID 2 to rocketnautics:space
[14May2026 16:36:21.011] [Server thread/INFO] [dev.ryanhcode.sable.Sable/]: Assigned physics scene ID 3 to minecraft:the_nether
[14May2026 16:36:21.026] [Server thread/INFO] [net.minecraft.server.MinecraftServer/]: Preparing start region for dimension minecraft:overworld
[14May2026 16:36:21.047] [Server thread/INFO] [KubeJS/]: Added bindings for script type SERVER from mod 'almostunified': [AlmostUnified]
[14May2026 16:36:21.048] [Server thread/INFO] [KubeJS Server/]: Server resource reload complete!
[14May2026 16:36:21.075] [Render thread/INFO] [net.minecraft.server.level.progress.LoggerChunkProgressListener/]: Preparing spawn area: 2%
[14May2026 16:36:22.038] [Render thread/INFO] [net.minecraft.server.level.progress.LoggerChunkProgressListener/]: Preparing spawn area: 2%
[14May2026 16:36:22.056] [Render thread/INFO] [net.minecraft.server.level.progress.LoggerChunkProgressListener/]: Preparing spawn area: 2%
[14May2026 16:36:22.545] [Render thread/INFO] [net.minecraft.server.level.progress.LoggerChunkProgressListener/]: Preparing spawn area: 4%
[14May2026 16:36:23.057] [Render thread/INFO] [net.minecraft.server.level.progress.LoggerChunkProgressListener/]: Preparing spawn area: 18%
[14May2026 16:36:23.550] [Render thread/INFO] [net.minecraft.server.level.progress.LoggerChunkProgressListener/]: Preparing spawn area: 51%
[14May2026 16:36:23.881] [Render thread/INFO] [net.minecraft.server.level.progress.LoggerChunkProgressListener/]: Time elapsed: 2841 ms
[14May2026 16:36:23.882] [Server thread/INFO] [net.neoforged.neoforge.server.permission.PermissionAPI/]: Successfully initialized permission handler neoforge:default_handler
[14May2026 16:36:23.913] [VoiceChatServerThread/INFO] [voicechat/]: [voicechat] Voice chat server started at port 42595
[14May2026 16:36:23.976] [Server thread/INFO] [net.minecraft.client.server.IntegratedServer/]: Changing view distance to 12, from 10
[14May2026 16:36:23.976] [Server thread/INFO] [net.minecraft.client.server.IntegratedServer/]: Changing simulation distance to 12, from 0
[14May2026 16:36:24.046] [Render thread/INFO] [dev.ryanhcode.sable.Sable/]: Adding local UDP server channel future
[14May2026 16:36:24.051] [Render thread/WARN] [io.netty.bootstrap.Bootstrap/]: Unknown channel option 'SO_BROADCAST' for channel '[id: 0x5b40f94f]'
[14May2026 16:36:24.059] [Netty Server IO #1/INFO] [dev.ryanhcode.sable.Sable/]: Server UDP channel active
[14May2026 16:36:24.076] [Render thread/INFO] [dev.ryanhcode.sable.Sable/]: Starting local client UDP channel future
[14May2026 16:36:24.078] [Netty Local Client IO #1/INFO] [dev.ryanhcode.sable.Sable/]: Client UDP channel active
[14May2026 16:36:24.263] [Render thread/ERROR] [paxi/]: Unable to find Paxi repository source when removing duplicates from available packs. You may see duplicate pack entries in your list of available packs on the Resource Packs screen.
[14May2026 16:36:24.392] [Render thread/INFO] [EMI/]: [EMI] Recipes synchronized, waiting for tags to reload EMI...
[14May2026 16:36:24.470] [Render thread/INFO] [fzzy_config/]: Saved config emi_loot_config to file /home/rasgajag/.local/share/PrismLauncher/instances/cregalatla/minecraft/config/emi_loot_config.toml
[14May2026 16:36:24.523] [Server thread/INFO] [net.minecraft.server.LoggedPrintStream/]: [STDOUT]: Lithium Cached BlockState Flags are disabled!
[14May2026 16:36:24.541] [Server thread/INFO] [net.minecraft.server.players.PlayerList/]: Rasgajag[local:E:89d959ec] logged in with entity id 1 at (68.5, 74.0, 0.5)
[14May2026 16:36:24.547] [Server thread/INFO] [dev.ryanhcode.sable.Sable/]: Beginning attempted authentication with player Rasgajag
[14May2026 16:36:24.571] [Render thread/INFO] [xaero.map.WorldMap/]: Fullscreen map required item set to nothing.
[14May2026 16:36:24.578] [Render thread/INFO] [xaero.map.WorldMap/]: New world map session initialized!
[14May2026 16:36:24.623] [Render thread/INFO] [xaero.hud.minimap.MinimapLogs/]: Minimap required item set to nothing.
[14May2026 16:36:24.623] [Render thread/INFO] [xaero.hud.minimap.MinimapLogs/]: New Xaero hud session initialized!
[14May2026 16:36:24.691] [Server thread/INFO] [Create cobblestone NeoForge/]: Syncing generator types to new client
[14May2026 16:36:24.691] [Server thread/INFO] [Create cobblestone NeoForge/]: Sent generator update payload (5 entries) to 1 player(s)
[14May2026 16:36:24.797] [Server thread/INFO] [net.minecraft.server.MinecraftServer/]: Rasgajag joined the game
[14May2026 16:36:24.900] [Render thread/INFO] [ChunkBuilder/]: Started 10 worker threads
[14May2026 16:36:25.188] [Render thread/INFO] [voicechat/]: [voicechat] Sending secret request to the server
[14May2026 16:36:25.195] [Server thread/INFO] [voicechat/]: [voicechat] Received secret request of Rasgajag (20)
[14May2026 16:36:25.198] [Server thread/INFO] [voicechat/]: [voicechat] Sent secret to Rasgajag
[14May2026 16:36:25.237] [Render thread/INFO] [ShulkerBoxTooltip/]: [ShulkerBoxTooltip] Server integration enabled, attempting handshake...
[14May2026 16:36:25.240] [Server thread/INFO] [ShulkerBoxTooltip/]: [ShulkerBoxTooltip] Rasgajag: protocol version: 2.0
[14May2026 16:36:25.246] [Server thread/INFO] [ShulkerBoxTooltip Plugins/]: [ShulkerBoxTooltip Plugins] Loading 1 plugin: shulkerboxtooltip
[14May2026 16:36:25.250] [Render thread/INFO] [flywheel/]: Started 10 worker threads
[14May2026 16:36:25.261] [Server thread/INFO] [ShulkerBoxTooltip Plugins/]: [ShulkerBoxTooltip Plugins] Registered 31 providers for mod shulkerboxtooltip
[14May2026 16:36:25.391] [Render thread/INFO] [Create cobblestone NeoForge/]: Received generator update payload (5 entries)
[14May2026 16:36:25.391] [Render thread/INFO] [Create cobblestone NeoForge/]: Generator types cleared
[14May2026 16:36:25.446] [Render thread/INFO] [mezz.jei.core.util.LoggedTimer/]: Starting JEI...
[14May2026 16:36:25.452] [Render thread/INFO] [mezz.jei.library.load.PluginCaller/]: Registering item subtypes...
[14May2026 16:36:25.453] [Render thread/INFO] [mezz.jei.library.load.PluginCaller/]: Registering item subtypes took 889.5 microseconds
[14May2026 16:36:25.453] [Render thread/INFO] [mezz.jei.library.load.PluginCaller/]: Registering fluid subtypes...
[14May2026 16:36:25.456] [Render thread/ERROR] [mezz.jei.library.load.registration.SubtypeRegistration/]: An interpreter is already registered for this: create:potion
java.lang.IllegalArgumentException: null
	at TRANSFORMER/jei@19.27.0.340/mezz.jei.library.load.registration.SubtypeRegistration.registerSubtypeInterpreter(SubtypeRegistration.java:26) [jei-1.21.1-neoforge-19.27.0.340.jar%23344!/:19.27.0.340]
	at TRANSFORMER/create@6.0.10/com.simibubi.create.compat.jei.CreateJEI.registerFluidSubtypes(CreateJEI.java:364) [create-1.21.1-6.0.10.jar%23298!/:6.0.10]
	at TRANSFORMER/jei@19.27.0.340/mezz.jei.library.load.PluginLoader.lambda$registerSubtypes$1(PluginLoader.java:74) [jei-1.21.1-neoforge-19.27.0.340.jar%23344!/:19.27.0.340]
	at TRANSFORMER/jei@19.27.0.340/mezz.jei.library.load.PluginCaller.redirect$dnl000$emi$callOnPlugins(PluginCaller.java:551) [jei-1.21.1-neoforge-19.27.0.340.jar%23344!/:19.27.0.340]
	at TRANSFORMER/jei@19.27.0.340/mezz.jei.library.load.PluginCaller.callOnPlugins(PluginCaller.java:26) [jei-1.21.1-neoforge-19.27.0.340.jar%23344!/:19.27.0.340]
	at TRANSFORMER/jei@19.27.0.340/mezz.jei.library.load.PluginLoader.registerSubtypes(PluginLoader.java:73) [jei-1.21.1-neoforge-19.27.0.340.jar%23344!/:19.27.0.340]
	at TRANSFORMER/jei@19.27.0.340/mezz.jei.library.startup.JeiStarter.start(JeiStarter.java:112) [jei-1.21.1-neoforge-19.27.0.340.jar%23344!/:19.27.0.340]
	at TRANSFORMER/jei@19.27.0.340/mezz.jei.neoforge.startup.StartEventObserver.transitionState(StartEventObserver.java:175) [jei-1.21.1-neoforge-19.27.0.340.jar%23344!/:19.27.0.340]
	at TRANSFORMER/jei@19.27.0.340/mezz.jei.neoforge.startup.StartEventObserver.onEvent(StartEventObserver.java:120) [jei-1.21.1-neoforge-19.27.0.340.jar%23344!/:19.27.0.340]
	at MC-BOOTSTRAP/net.neoforged.bus/net.neoforged.bus.ConsumerEventHandler.invoke(ConsumerEventHandler.java:27) [bus-8.0.5.jar%23152!/:?]
	at MC-BOOTSTRAP/net.neoforged.bus/net.neoforged.bus.EventBus.post(EventBus.java:360) [bus-8.0.5.jar%23152!/:?]
	at MC-BOOTSTRAP/net.neoforged.bus/net.neoforged.bus.EventBus.post(EventBus.java:328) [bus-8.0.5.jar%23152!/:?]
	at TRANSFORMER/neoforge@21.1.228/net.neoforged.neoforge.client.ClientHooks.onRecipesUpdated(ClientHooks.java:664) [neoforge-21.1.228-universal.jar%23282!/:?]
	at TRANSFORMER/minecraft@1.21.1/net.minecraft.client.multiplayer.ClientPacketListener.handleUpdateRecipes(ClientPacketListener.java:1506) [client-1.21.1-20240808.144430-srg.jar%23281!/:?]
	at TRANSFORMER/minecraft@1.21.1/net.minecraft.network.protocol.game.ClientboundUpdateRecipesPacket.handle(ClientboundUpdateRecipesPacket.java:32) [client-1.21.1-20240808.144430-srg.jar%23281!/:?]
	at TRANSFORMER/minecraft@1.21.1/net.minecraft.network.protocol.game.ClientboundUpdateRecipesPacket.handle(ClientboundUpdateRecipesPacket.java:13) [client-1.21.1-20240808.144430-srg.jar%23281!/:?]
	at TRANSFORMER/minecraft@1.21.1/net.minecraft.network.protocol.PacketUtils.lambda$ensureRunningOnSameThread$0(PacketUtils.java:27) [client-1.21.1-20240808.144430-srg.jar%23281!/:?]
	at TRANSFORMER/minecraft@1.21.1/net.minecraft.util.thread.BlockableEventLoop.doRunTask(BlockableEventLoop.java:148) [client-1.21.1-20240808.144430-srg.jar%23281!/:?]
	at TRANSFORMER/minecraft@1.21.1/net.minecraft.util.thread.ReentrantBlockableEventLoop.doRunTask(ReentrantBlockableEventLoop.java:23) [client-1.21.1-20240808.144430-srg.jar%23281!/:?]
	at TRANSFORMER/minecraft@1.21.1/net.minecraft.util.thread.BlockableEventLoop.pollTask(BlockableEventLoop.java:122) [client-1.21.1-20240808.144430-srg.jar%23281!/:?]
	at TRANSFORMER/minecraft@1.21.1/net.minecraft.util.thread.BlockableEventLoop.runAllTasks(BlockableEventLoop.java:111) [client-1.21.1-20240808.144430-srg.jar%23281!/:?]
	at TRANSFORMER/minecraft@1.21.1/net.minecraft.client.Minecraft.runTick(Minecraft.java:1155) [client-1.21.1-20240808.144430-srg.jar%23281!/:?]
	at TRANSFORMER/minecraft@1.21.1/net.minecraft.client.Minecraft.run(Minecraft.java:807) [client-1.21.1-20240808.144430-srg.jar%23281!/:?]
	at TRANSFORMER/minecraft@1.21.1/net.minecraft.client.main.Main.main(Main.java:230) [client-1.21.1-20240808.144430-srg.jar%23281!/:?]
	at java.base/jdk.internal.reflect.DirectMethodHandleAccessor.invoke(DirectMethodHandleAccessor.java:104) ~[?:?]
	at java.base/java.lang.reflect.Method.invoke(Method.java:565) ~[?:?]
	at MC-BOOTSTRAP/fml_loader@4.0.42/net.neoforged.fml.loading.targets.CommonLaunchHandler.runTarget(CommonLaunchHandler.java:136) [loader-4.0.42.jar%23149!/:4.0]
	at MC-BOOTSTRAP/fml_loader@4.0.42/net.neoforged.fml.loading.targets.CommonLaunchHandler.clientService(CommonLaunchHandler.java:124) [loader-4.0.42.jar%23149!/:4.0]
	at MC-BOOTSTRAP/fml_loader@4.0.42/net.neoforged.fml.loading.targets.CommonClientLaunchHandler.runService(CommonClientLaunchHandler.java:32) [loader-4.0.42.jar%23149!/:4.0]
	at MC-BOOTSTRAP/fml_loader@4.0.42/net.neoforged.fml.loading.targets.CommonLaunchHandler.lambda$launchService$4(CommonLaunchHandler.java:118) [loader-4.0.42.jar%23149!/:4.0]
	at MC-BOOTSTRAP/cpw.mods.modlauncher@11.0.5/cpw.mods.modlauncher.LaunchServiceHandlerDecorator.launch(LaunchServiceHandlerDecorator.java:30) [modlauncher-11.0.5.jar%23154!/:?]
	at MC-BOOTSTRAP/cpw.mods.modlauncher@11.0.5/cpw.mods.modlauncher.LaunchServiceHandler.launch(LaunchServiceHandler.java:53) [modlauncher-11.0.5.jar%23154!/:?]
	at MC-BOOTSTRAP/cpw.mods.modlauncher@11.0.5/cpw.mods.modlauncher.LaunchServiceHandler.launch(LaunchServiceHandler.java:71) [modlauncher-11.0.5.jar%23154!/:?]
	at MC-BOOTSTRAP/cpw.mods.modlauncher@11.0.5/cpw.mods.modlauncher.Launcher.run(Launcher.java:103) [modlauncher-11.0.5.jar%23154!/:?]
	at MC-BOOTSTRAP/cpw.mods.modlauncher@11.0.5/cpw.mods.modlauncher.Launcher.main(Launcher.java:74) [modlauncher-11.0.5.jar%23154!/:?]
	at MC-BOOTSTRAP/cpw.mods.modlauncher@11.0.5/cpw.mods.modlauncher.BootstrapLaunchConsumer.accept(BootstrapLaunchConsumer.java:26) [modlauncher-11.0.5.jar%23154!/:?]
	at MC-BOOTSTRAP/cpw.mods.modlauncher@11.0.5/cpw.mods.modlauncher.BootstrapLaunchConsumer.accept(BootstrapLaunchConsumer.java:23) [modlauncher-11.0.5.jar%23154!/:?]
	at cpw.mods.bootstraplauncher@2.0.2/cpw.mods.bootstraplauncher.BootstrapLauncher.run(BootstrapLauncher.java:210) [bootstraplauncher-2.0.2.jar:?]
	at cpw.mods.bootstraplauncher@2.0.2/cpw.mods.bootstraplauncher.BootstrapLauncher.main(BootstrapLauncher.java:69) [bootstraplauncher-2.0.2.jar:?]
	at java.base/jdk.internal.reflect.DirectMethodHandleAccessor.invoke(DirectMethodHandleAccessor.java:104) ~[?:?]
	at java.base/java.lang.reflect.Method.invoke(Method.java:565) ~[?:?]
	at io.github.zekerzhayard.forgewrapper.installer.Main.main(Main.java:67) [ForgeWrapper-prism-2025-12-07.jar:prism-2025-12-07]
	at org.prismlauncher.launcher.impl.StandardLauncher.launch(StandardLauncher.java:115) [NewLaunch.jar:?]
	at org.prismlauncher.EntryPoint.listen(EntryPoint.java:129) [NewLaunch.jar:?]
	at org.prismlauncher.EntryPoint.main(EntryPoint.java:70) [NewLaunch.jar:?]
[14May2026 16:36:25.457] [Render thread/ERROR] [mezz.jei.library.load.registration.SubtypeRegistration/]: An interpreter is already registered for this: create:flowing_potion
java.lang.IllegalArgumentException: null
	at TRANSFORMER/jei@19.27.0.340/mezz.jei.library.load.registration.SubtypeRegistration.registerSubtypeInterpreter(SubtypeRegistration.java:26) [jei-1.21.1-neoforge-19.27.0.340.jar%23344!/:19.27.0.340]
	at TRANSFORMER/create@6.0.10/com.simibubi.create.compat.jei.CreateJEI.registerFluidSubtypes(CreateJEI.java:365) [create-1.21.1-6.0.10.jar%23298!/:6.0.10]
	at TRANSFORMER/jei@19.27.0.340/mezz.jei.library.load.PluginLoader.lambda$registerSubtypes$1(PluginLoader.java:74) [jei-1.21.1-neoforge-19.27.0.340.jar%23344!/:19.27.0.340]
	at TRANSFORMER/jei@19.27.0.340/mezz.jei.library.load.PluginCaller.redirect$dnl000$emi$callOnPlugins(PluginCaller.java:551) [jei-1.21.1-neoforge-19.27.0.340.jar%23344!/:19.27.0.340]
	at TRANSFORMER/jei@19.27.0.340/mezz.jei.library.load.PluginCaller.callOnPlugins(PluginCaller.java:26) [jei-1.21.1-neoforge-19.27.0.340.jar%23344!/:19.27.0.340]
	at TRANSFORMER/jei@19.27.0.340/mezz.jei.library.load.PluginLoader.registerSubtypes(PluginLoader.java:73) [jei-1.21.1-neoforge-19.27.0.340.jar%23344!/:19.27.0.340]
	at TRANSFORMER/jei@19.27.0.340/mezz.jei.library.startup.JeiStarter.start(JeiStarter.java:112) [jei-1.21.1-neoforge-19.27.0.340.jar%23344!/:19.27.0.340]
	at TRANSFORMER/jei@19.27.0.340/mezz.jei.neoforge.startup.StartEventObserver.transitionState(StartEventObserver.java:175) [jei-1.21.1-neoforge-19.27.0.340.jar%23344!/:19.27.0.340]
	at TRANSFORMER/jei@19.27.0.340/mezz.jei.neoforge.startup.StartEventObserver.onEvent(StartEventObserver.java:120) [jei-1.21.1-neoforge-19.27.0.340.jar%23344!/:19.27.0.340]
	at MC-BOOTSTRAP/net.neoforged.bus/net.neoforged.bus.ConsumerEventHandler.invoke(ConsumerEventHandler.java:27) [bus-8.0.5.jar%23152!/:?]
	at MC-BOOTSTRAP/net.neoforged.bus/net.neoforged.bus.EventBus.post(EventBus.java:360) [bus-8.0.5.jar%23152!/:?]
	at MC-BOOTSTRAP/net.neoforged.bus/net.neoforged.bus.EventBus.post(EventBus.java:328) [bus-8.0.5.jar%23152!/:?]
	at TRANSFORMER/neoforge@21.1.228/net.neoforged.neoforge.client.ClientHooks.onRecipesUpdated(ClientHooks.java:664) [neoforge-21.1.228-universal.jar%23282!/:?]
	at TRANSFORMER/minecraft@1.21.1/net.minecraft.client.multiplayer.ClientPacketListener.handleUpdateRecipes(ClientPacketListener.java:1506) [client-1.21.1-20240808.144430-srg.jar%23281!/:?]
	at TRANSFORMER/minecraft@1.21.1/net.minecraft.network.protocol.game.ClientboundUpdateRecipesPacket.handle(ClientboundUpdateRecipesPacket.java:32) [client-1.21.1-20240808.144430-srg.jar%23281!/:?]
	at TRANSFORMER/minecraft@1.21.1/net.minecraft.network.protocol.game.ClientboundUpdateRecipesPacket.handle(ClientboundUpdateRecipesPacket.java:13) [client-1.21.1-20240808.144430-srg.jar%23281!/:?]
	at TRANSFORMER/minecraft@1.21.1/net.minecraft.network.protocol.PacketUtils.lambda$ensureRunningOnSameThread$0(PacketUtils.java:27) [client-1.21.1-20240808.144430-srg.jar%23281!/:?]
	at TRANSFORMER/minecraft@1.21.1/net.minecraft.util.thread.BlockableEventLoop.doRunTask(BlockableEventLoop.java:148) [client-1.21.1-20240808.144430-srg.jar%23281!/:?]
	at TRANSFORMER/minecraft@1.21.1/net.minecraft.util.thread.ReentrantBlockableEventLoop.doRunTask(ReentrantBlockableEventLoop.java:23) [client-1.21.1-20240808.144430-srg.jar%23281!/:?]
	at TRANSFORMER/minecraft@1.21.1/net.minecraft.util.thread.BlockableEventLoop.pollTask(BlockableEventLoop.java:122) [client-1.21.1-20240808.144430-srg.jar%23281!/:?]
	at TRANSFORMER/minecraft@1.21.1/net.minecraft.util.thread.BlockableEventLoop.runAllTasks(BlockableEventLoop.java:111) [client-1.21.1-20240808.144430-srg.jar%23281!/:?]
	at TRANSFORMER/minecraft@1.21.1/net.minecraft.client.Minecraft.runTick(Minecraft.java:1155) [client-1.21.1-20240808.144430-srg.jar%23281!/:?]
	at TRANSFORMER/minecraft@1.21.1/net.minecraft.client.Minecraft.run(Minecraft.java:807) [client-1.21.1-20240808.144430-srg.jar%23281!/:?]
	at TRANSFORMER/minecraft@1.21.1/net.minecraft.client.main.Main.main(Main.java:230) [client-1.21.1-20240808.144430-srg.jar%23281!/:?]
	at java.base/jdk.internal.reflect.DirectMethodHandleAccessor.invoke(DirectMethodHandleAccessor.java:104) ~[?:?]
	at java.base/java.lang.reflect.Method.invoke(Method.java:565) ~[?:?]
	at MC-BOOTSTRAP/fml_loader@4.0.42/net.neoforged.fml.loading.targets.CommonLaunchHandler.runTarget(CommonLaunchHandler.java:136) [loader-4.0.42.jar%23149!/:4.0]
	at MC-BOOTSTRAP/fml_loader@4.0.42/net.neoforged.fml.loading.targets.CommonLaunchHandler.clientService(CommonLaunchHandler.java:124) [loader-4.0.42.jar%23149!/:4.0]
	at MC-BOOTSTRAP/fml_loader@4.0.42/net.neoforged.fml.loading.targets.CommonClientLaunchHandler.runService(CommonClientLaunchHandler.java:32) [loader-4.0.42.jar%23149!/:4.0]
	at MC-BOOTSTRAP/fml_loader@4.0.42/net.neoforged.fml.loading.targets.CommonLaunchHandler.lambda$launchService$4(CommonLaunchHandler.java:118) [loader-4.0.42.jar%23149!/:4.0]
	at MC-BOOTSTRAP/cpw.mods.modlauncher@11.0.5/cpw.mods.modlauncher.LaunchServiceHandlerDecorator.launch(LaunchServiceHandlerDecorator.java:30) [modlauncher-11.0.5.jar%23154!/:?]
	at MC-BOOTSTRAP/cpw.mods.modlauncher@11.0.5/cpw.mods.modlauncher.LaunchServiceHandler.launch(LaunchServiceHandler.java:53) [modlauncher-11.0.5.jar%23154!/:?]
	at MC-BOOTSTRAP/cpw.mods.modlauncher@11.0.5/cpw.mods.modlauncher.LaunchServiceHandler.launch(LaunchServiceHandler.java:71) [modlauncher-11.0.5.jar%23154!/:?]
	at MC-BOOTSTRAP/cpw.mods.modlauncher@11.0.5/cpw.mods.modlauncher.Launcher.run(Launcher.java:103) [modlauncher-11.0.5.jar%23154!/:?]
	at MC-BOOTSTRAP/cpw.mods.modlauncher@11.0.5/cpw.mods.modlauncher.Launcher.main(Launcher.java:74) [modlauncher-11.0.5.jar%23154!/:?]
	at MC-BOOTSTRAP/cpw.mods.modlauncher@11.0.5/cpw.mods.modlauncher.BootstrapLaunchConsumer.accept(BootstrapLaunchConsumer.java:26) [modlauncher-11.0.5.jar%23154!/:?]
	at MC-BOOTSTRAP/cpw.mods.modlauncher@11.0.5/cpw.mods.modlauncher.BootstrapLaunchConsumer.accept(BootstrapLaunchConsumer.java:23) [modlauncher-11.0.5.jar%23154!/:?]
	at cpw.mods.bootstraplauncher@2.0.2/cpw.mods.bootstraplauncher.BootstrapLauncher.run(BootstrapLauncher.java:210) [bootstraplauncher-2.0.2.jar:?]
	at cpw.mods.bootstraplauncher@2.0.2/cpw.mods.bootstraplauncher.BootstrapLauncher.main(BootstrapLauncher.java:69) [bootstraplauncher-2.0.2.jar:?]
	at java.base/jdk.internal.reflect.DirectMethodHandleAccessor.invoke(DirectMethodHandleAccessor.java:104) ~[?:?]
	at java.base/java.lang.reflect.Method.invoke(Method.java:565) ~[?:?]
	at io.github.zekerzhayard.forgewrapper.installer.Main.main(Main.java:67) [ForgeWrapper-prism-2025-12-07.jar:prism-2025-12-07]
	at org.prismlauncher.launcher.impl.StandardLauncher.launch(StandardLauncher.java:115) [NewLaunch.jar:?]
	at org.prismlauncher.EntryPoint.listen(EntryPoint.java:129) [NewLaunch.jar:?]
	at org.prismlauncher.EntryPoint.main(EntryPoint.java:70) [NewLaunch.jar:?]
[14May2026 16:36:25.459] [Render thread/INFO] [mezz.jei.library.load.PluginCaller/]: Registering fluid subtypes took 6.281 milliseconds
[14May2026 16:36:25.462] [Render thread/INFO] [mezz.jei.library.load.PluginCaller/]: Registering ingredients...
[14May2026 16:36:25.687] [Render thread/WARN] [mezz.jei.library.plugins.vanilla.ingredients.ItemStackListFactory/]: Item Group has no display items and no search tab display items. Items from this group will be missing from the JEI ingredient list. K.KubeJS
[14May2026 16:36:25.693] [Render thread/INFO] [Railways/]: [Dev] Creative tab railways:main will display 55 entries
[14May2026 16:36:25.697] [Render thread/INFO] [Railways/]: [Dev] Creative tab railways:tracks will display 209 entries
[14May2026 16:36:25.701] [Render thread/INFO] [Railways/]: [Dev] Creative tab railways:palettes will display 238 entries
[14May2026 16:36:25.762] [Render thread/INFO] [mezz.jei.library.load.PluginCallerTimerRunnable/]: Registering ingredients: jei:minecraft took 300.2 milliseconds
[14May2026 16:36:25.765] [Render thread/INFO] [mezz.jei.library.load.PluginCaller/]: Registering ingredients took 303.6 milliseconds
[14May2026 16:36:25.765] [Render thread/INFO] [mezz.jei.library.load.PluginCaller/]: Registering extra ingredients...
[14May2026 16:36:25.768] [Render thread/INFO] [mezz.jei.library.load.PluginCaller/]: Registering extra ingredients took 2.693 milliseconds
[14May2026 16:36:25.768] [Render thread/INFO] [mezz.jei.library.load.PluginCaller/]: Registering search ingredient aliases...
[14May2026 16:36:25.769] [Render thread/INFO] [mezz.jei.library.load.PluginCaller/]: Registering search ingredient aliases took 775.4 microseconds
[14May2026 16:36:25.779] [Render thread/INFO] [mezz.jei.library.load.PluginCaller/]: Registering Mod Info...
[14May2026 16:36:25.779] [Render thread/INFO] [mezz.jei.library.load.PluginCaller/]: Registering Mod Info took 598.0 microseconds
[14May2026 16:36:25.789] [Render thread/INFO] [mezz.jei.library.load.PluginCaller/]: Registering categories...
[14May2026 16:36:25.822] [Render thread/INFO] [mezz.jei.library.load.PluginCallerTimerRunnable/]: Registering categories: create:jei_plugin took 19.68 milliseconds
[14May2026 16:36:25.837] [Render thread/INFO] [mezz.jei.library.load.PluginCaller/]: Registering categories took 47.56 milliseconds
[14May2026 16:36:25.837] [Render thread/INFO] [mezz.jei.library.load.PluginCaller/]: Registering vanilla category extensions...
[14May2026 16:36:25.839] [Render thread/INFO] [mezz.jei.library.load.PluginCaller/]: Registering vanilla category extensions took 1.542 milliseconds
[14May2026 16:36:25.839] [Render thread/INFO] [mezz.jei.library.load.PluginCaller/]: Registering recipe catalysts...
[14May2026 16:36:25.841] [Render thread/INFO] [mezz.jei.library.load.PluginCaller/]: Registering recipe catalysts took 1.714 milliseconds
[14May2026 16:36:25.841] [Render thread/INFO] [mezz.jei.core.util.LoggedTimer/]: Building recipe registry...
[14May2026 16:36:25.852] [Render thread/INFO] [mezz.jei.core.util.LoggedTimer/]: Building recipe registry took 10.29 milliseconds
[14May2026 16:36:25.852] [Render thread/INFO] [mezz.jei.library.load.PluginCaller/]: Registering advanced plugins...
[14May2026 16:36:25.853] [Render thread/INFO] [mezz.jei.library.load.PluginCaller/]: Registering advanced plugins took 474.5 microseconds
[14May2026 16:36:25.853] [Render thread/INFO] [mezz.jei.library.load.PluginCaller/]: Registering recipes...
[14May2026 16:36:26.120] [Render thread/INFO] [mezz.jei.library.load.PluginCallerTimerRunnable/]: Registering recipes: create:jei_plugin took 250.4 milliseconds
[14May2026 16:36:26.192] [Render thread/INFO] [mezz.jei.library.load.PluginCallerTimerRunnable/]: Registering recipes: create_dragons_plus:jei_plugin took 69.57 milliseconds
[14May2026 16:36:26.218] [Render thread/INFO] [mezz.jei.library.load.PluginCallerTimerRunnable/]: Registering recipes: create_enchantment_industry:jei took 22.00 milliseconds
[14May2026 16:36:26.220] [Render thread/INFO] [mezz.jei.library.load.PluginCaller/]: Registering recipes took 366.2 milliseconds
[14May2026 16:36:26.225] [Render thread/INFO] [mezz.jei.library.load.PluginCaller/]: Registering recipes transfer handlers...
[14May2026 16:36:26.227] [Render thread/INFO] [mezz.jei.library.load.PluginCaller/]: Registering recipes transfer handlers took 1.517 milliseconds
[14May2026 16:36:26.228] [Render thread/INFO] [mezz.jei.core.util.LoggedTimer/]: Building runtime...
[14May2026 16:36:26.229] [Render thread/INFO] [mezz.jei.library.load.PluginCaller/]: Registering gui handlers...
[14May2026 16:36:26.231] [Render thread/INFO] [mezz.jei.library.load.PluginCaller/]: Registering gui handlers took 1.930 milliseconds
[14May2026 16:36:26.233] [Render thread/INFO] [mezz.jei.library.load.PluginCaller/]: Registering Runtime...
[14May2026 16:36:26.234] [Render thread/INFO] [mezz.jei.library.load.PluginCaller/]: Registering Runtime took 1.403 milliseconds
[14May2026 16:36:26.235] [Render thread/INFO] [mezz.jei.core.util.LoggedTimer/]: Building runtime took 6.217 milliseconds
[14May2026 16:36:26.235] [Render thread/INFO] [mezz.jei.library.load.PluginCaller/]: Sending Runtime...
[14May2026 16:36:26.235] [Render thread/INFO] [mezz.jei.library.load.PluginCaller/]: Sending Runtime took 388.2 microseconds
[14May2026 16:36:26.235] [Render thread/INFO] [mezz.jei.core.util.LoggedTimer/]: Starting JEI took 789.2 milliseconds
[14May2026 16:36:26.236] [Render thread/INFO] [extra_mod_integrations_core/]: [Extra Mod Integrations] Loading recipe reverse lookup...
[14May2026 16:36:26.239] [Render thread/INFO] [extra_mod_integrations_core/]: [Extra Mod Integrations] Recipe reverse lookup loaded.
[14May2026 16:36:26.239] [Render thread/INFO] [EMI/]: [EMI] Tags synchronized, reloading EMI
[14May2026 16:36:26.239] [Render thread/INFO] [EMI/]: [EMI] Starting Reload
[14May2026 16:36:26.243] [Thread-25/INFO] [EMI/]: [EMI] Starting EMI reload...
[14May2026 16:36:26.243] [Thread-25/INFO] [EMI/]: [EMI] Clearing data
[14May2026 16:36:26.260] [Render thread/INFO] [xaero.hud.minimap.MinimapLogs/]: Minimap updated server level id: 52485831 for world ResourceKey[minecraft:dimension / minecraft:overworld]
[14May2026 16:36:26.263] [Render thread/INFO] [snownee.jade.Jade/]: Received config from the server: 
[14May2026 16:36:26.264] [Render thread/INFO] [Moonlight/]: Overriding configs moonlight-common.toml with synced configs (editable)
[14May2026 16:36:26.269] [Render thread/INFO] [Moonlight/]: Synced moonlight-common.toml configs
[14May2026 16:36:26.276] [Render thread/INFO] [ShulkerBoxTooltip Plugins/]: [ShulkerBoxTooltip Plugins] Registered 20 color keys for mod shulkerboxtooltip
[14May2026 16:36:26.280] [Render thread/INFO] [ShulkerBoxTooltip/]: [ShulkerBoxTooltip] Handshake succeeded
[14May2026 16:36:26.280] [Render thread/INFO] [ShulkerBoxTooltip/]: [ShulkerBoxTooltip] Server protocol version: 2.0
[14May2026 16:36:26.312] [Thread-25/INFO] [EMI/]: [EMI] Initializing plugin from emi
[14May2026 16:36:26.330] [Thread-25/INFO] [EMI/]: [EMI] Initialized plugin from emi in 15ms
[14May2026 16:36:26.330] [Thread-25/INFO] [EMI/]: [EMI] Initializing plugin from sophisticatedcore
[14May2026 16:36:26.330] [Thread-25/INFO] [EMI/]: [EMI] Initialized plugin from sophisticatedcore in 0ms
[14May2026 16:36:26.330] [Thread-25/INFO] [EMI/]: [EMI] Initializing plugin from extra_mod_integrations_pneumaticcraft
[14May2026 16:36:26.331] [Thread-25/INFO] [EMI/]: [EMI] Initialized plugin from extra_mod_integrations_pneumaticcraft in 0ms
[14May2026 16:36:26.331] [Thread-25/INFO] [EMI/]: [EMI] Initializing plugin from emiforcreatestock
[14May2026 16:36:26.331] [Thread-25/INFO] [EMI/]: [EMI] Initialized plugin from emiforcreatestock in 0ms
[14May2026 16:36:26.331] [Thread-25/INFO] [EMI/]: [EMI] Initializing plugin from sophisticatedbackpacks
[14May2026 16:36:26.331] [Thread-25/INFO] [EMI/]: [EMI] Initialized plugin from sophisticatedbackpacks in 0ms
[14May2026 16:36:26.331] [Thread-25/INFO] [EMI/]: [EMI] Initializing plugin from extra_mod_integrations_reliquary
[14May2026 16:36:26.331] [Thread-25/INFO] [EMI/]: [EMI] Initialized plugin from extra_mod_integrations_reliquary in 0ms
[14May2026 16:36:26.331] [Thread-25/INFO] [EMI/]: [EMI] Initializing plugin from extra_mod_integrations_chipped
[14May2026 16:36:26.331] [Thread-25/INFO] [EMI/]: [EMI] Initialized plugin from extra_mod_integrations_chipped in 0ms
[14May2026 16:36:26.331] [Thread-25/INFO] [EMI/]: [EMI] Initializing plugin from ldlib2
[14May2026 16:36:26.331] [Thread-25/INFO] [EMI/]: [EMI] Initialized plugin from ldlib2 in 0ms
[14May2026 16:36:26.331] [Thread-25/INFO] [EMI/]: [EMI] Initializing plugin from emixx
[14May2026 16:36:26.333] [Thread-25/INFO] [EMI/]: [EMI] Initialized plugin from emixx in 2ms
[14May2026 16:36:26.333] [Thread-25/INFO] [EMI/]: [EMI] Initializing plugin from curios
[14May2026 16:36:26.333] [Thread-25/INFO] [EMI/]: [EMI] Initialized plugin from curios in 0ms
[14May2026 16:36:26.333] [Thread-25/INFO] [EMI/]: [EMI] Initializing plugin from emiffect
[14May2026 16:36:26.334] [Thread-25/INFO] [EMI/]: [EMI] Initialized plugin from emiffect in 1ms
[14May2026 16:36:26.334] [Thread-25/INFO] [EMI/]: [EMI] Initializing plugin from emiprofessions
[14May2026 16:36:26.334] [Thread-25/INFO] [EMI/]: [EMI] Initialized plugin from emiprofessions in 0ms
[14May2026 16:36:26.334] [Thread-25/INFO] [EMI/]: [EMI] Initializing plugin from extra_mod_integrations_irons_spellbooks
[14May2026 16:36:26.334] [Thread-25/INFO] [EMI/]: [EMI] Initialized plugin from extra_mod_integrations_irons_spellbooks in 0ms
[14May2026 16:36:26.334] [Thread-25/INFO] [EMI/]: [EMI] Initializing plugin from extra_mod_integrations_actually_additions
[14May2026 16:36:26.334] [Thread-25/INFO] [EMI/]: [EMI] Initialized plugin from extra_mod_integrations_actually_additions in 0ms
[14May2026 16:36:26.334] [Thread-25/INFO] [EMI/]: [EMI] Initializing plugin from extra_mod_integrations_rechiseled
[14May2026 16:36:26.334] [Thread-25/INFO] [EMI/]: [EMI] Initialized plugin from extra_mod_integrations_rechiseled in 0ms
[14May2026 16:36:26.334] [Thread-25/INFO] [EMI/]: [EMI] Initializing plugin from copycats
[14May2026 16:36:26.334] [Thread-25/INFO] [EMI/]: [EMI] Initialized plugin from copycats in 0ms
[14May2026 16:36:26.334] [Thread-25/INFO] [EMI/]: [EMI] Initializing plugin from kubejs
[14May2026 16:36:26.334] [Thread-25/INFO] [EMI/]: [EMI] Initialized plugin from kubejs in 0ms
[14May2026 16:36:26.334] [Thread-25/INFO] [EMI/]: [EMI] Initializing plugin from emi_loot
[14May2026 16:36:26.335] [Render thread/INFO] [voicechat/]: [voicechat] Received secret
[14May2026 16:36:26.335] [Thread-25/INFO] [EMI/]: [EMI] Initialized plugin from emi_loot in 1ms
[14May2026 16:36:26.335] [Thread-25/INFO] [EMI/]: [EMI] Initializing plugin from emi_letsdo_compat
[14May2026 16:36:26.335] [Thread-25/INFO] [EMI/]: [EMI] Initialized plugin from emi_letsdo_compat in 0ms
[14May2026 16:36:26.335] [Thread-25/INFO] [EMI/]: [EMI] Initializing plugin from almostunified
[14May2026 16:36:26.335] [Thread-25/INFO] [EMI/]: [EMI] Initialized plugin from almostunified in 0ms
[14May2026 16:36:26.335] [Thread-25/INFO] [EMI/]: [EMI] Initializing plugin from emi_enchanting
[14May2026 16:36:26.335] [Thread-25/INFO] [EMI/]: [EMI] Initialized plugin from emi_enchanting in 0ms
[14May2026 16:36:26.335] [Thread-25/INFO] [EMI/]: [EMI] Initializing plugin from extra_mod_integrations_farmers_delight
[14May2026 16:36:26.335] [Thread-25/INFO] [EMI/]: [EMI] Initialized plugin from extra_mod_integrations_farmers_delight in 0ms
[14May2026 16:36:26.336] [Thread-25/INFO] [EMI/]: [EMI] Initializing plugin from emi_ores
[14May2026 16:36:26.336] [Render thread/INFO] [voicechat/]: [voicechat] Connecting to voice chat server: '127.0.0.1:42595'
[14May2026 16:36:26.338] [Thread-25/INFO] [EMI/]: [EMI] Initialized plugin from emi_ores in 2ms
[14May2026 16:36:26.338] [Thread-25/INFO] [EMI/]: [EMI] Initializing plugin from extra_mod_integrations_core
[14May2026 16:36:26.338] [Thread-25/INFO] [EMI/]: [EMI] Initialized plugin from extra_mod_integrations_core in 0ms
[14May2026 16:36:26.338] [Thread-25/INFO] [EMI/]: [EMI] Initializing plugin from jemi
[14May2026 16:36:26.338] [Thread-25/INFO] [EMI/]: [EMI] Initialized plugin from jemi in 0ms
[14May2026 16:36:26.339] [Thread-25/INFO] [EMI/]: [EMI] Processing tags
[14May2026 16:36:26.340] [VoiceChatAuthenticationThread/INFO] [voicechat/]: [voicechat] Trying to authenticate voice chat connection
[14May2026 16:36:26.351] [VoiceChatPacketProcessingThread/INFO] [voicechat/]: [voicechat] Successfully authenticated player 93975254-63dd-4c13-baa8-31b73203e54a
[14May2026 16:36:26.352] [VoiceChatConnectionThread/INFO] [voicechat/]: [voicechat] Server acknowledged authentication
[14May2026 16:36:26.393] [Thread-25/INFO] [EMI/]: [EMI] Constructing index
[14May2026 16:36:26.408] [Thread-25/INFO] [EMI/]: [EMI] Reloading item groups on client thread...
[14May2026 16:36:26.643] [Render thread/INFO] [Veil/]: Multi-Bind supported, using core
[14May2026 16:36:26.859] [Thread-25/INFO] [EMI/]: [EMI] Reloading item groups on client thread took 451ms
[14May2026 16:36:26.862] [Render thread/INFO] [net.minecraft.advancements.AdvancementTree/]: Loaded 5 advancements
[14May2026 16:36:26.886] [Thread-25/INFO] [EMI/]: [EMI] Loading plugin from emi
[14May2026 16:36:27.348] [VoiceChatAuthenticationThread/INFO] [voicechat/]: [voicechat] Trying to validate voice chat connection
[14May2026 16:36:27.353] [VoiceChatPacketProcessingThread/INFO] [voicechat/]: [voicechat] Successfully validated connection of player 93975254-63dd-4c13-baa8-31b73203e54a
[14May2026 16:36:27.357] [VoiceChatPacketProcessingThread/INFO] [voicechat/]: [voicechat] Player Rasgajag (93975254-63dd-4c13-baa8-31b73203e54a) successfully connected to voice chat
[14May2026 16:36:27.358] [VoiceChatConnectionThread/INFO] [voicechat/]: [voicechat] Server acknowledged connection check
[14May2026 16:36:27.377] [MicrophoneThread/WARN] [voicechat/]: [voicechat] Failed to open microphone 'Logitech USB Microphone Mono', falling back to default microphone
[14May2026 16:36:27.435] [Thread-25/INFO] [EMI/]: [EMI] Reloaded plugin from emi in 548ms
[14May2026 16:36:27.436] [Thread-25/INFO] [EMI/]: [EMI] Loading plugin from sophisticatedcore
[14May2026 16:36:27.436] [Thread-25/INFO] [EMI/]: [EMI] Reloaded plugin from sophisticatedcore in 0ms
[14May2026 16:36:27.436] [Thread-25/INFO] [EMI/]: [EMI] Loading plugin from extra_mod_integrations_pneumaticcraft
[14May2026 16:36:27.441] [Thread-25/INFO] [extra_mod_integrations_core/]: [Extra Mod Integrations] Skipping PneumaticCraft Integration...
[14May2026 16:36:27.441] [Thread-25/INFO] [EMI/]: [EMI] Reloaded plugin from extra_mod_integrations_pneumaticcraft in 5ms
[14May2026 16:36:27.441] [Thread-25/INFO] [EMI/]: [EMI] Loading plugin from emiforcreatestock
[14May2026 16:36:27.445] [Thread-25/INFO] [EMI/]: [EMI] Reloaded plugin from emiforcreatestock in 4ms
[14May2026 16:36:27.445] [Thread-25/INFO] [EMI/]: [EMI] Loading plugin from sophisticatedbackpacks
[14May2026 16:36:27.469] [Thread-25/INFO] [EMI/]: [EMI] Reloaded plugin from sophisticatedbackpacks in 23ms
[14May2026 16:36:27.469] [Thread-25/INFO] [EMI/]: [EMI] Loading plugin from extra_mod_integrations_reliquary
[14May2026 16:36:27.469] [Thread-25/INFO] [extra_mod_integrations_core/]: [Extra Mod Integrations] Skipping Reliquary Integration...
[14May2026 16:36:27.469] [Thread-25/INFO] [EMI/]: [EMI] Reloaded plugin from extra_mod_integrations_reliquary in 0ms
[14May2026 16:36:27.470] [Thread-25/INFO] [EMI/]: [EMI] Loading plugin from extra_mod_integrations_chipped
[14May2026 16:36:27.470] [Thread-25/INFO] [extra_mod_integrations_core/]: [Extra Mod Integrations] Skipping Chipped Integration...
[14May2026 16:36:27.470] [Thread-25/INFO] [EMI/]: [EMI] Reloaded plugin from extra_mod_integrations_chipped in 0ms
[14May2026 16:36:27.470] [Thread-25/INFO] [EMI/]: [EMI] Loading plugin from ldlib2
[14May2026 16:36:27.482] [Thread-25/INFO] [EMI/]: [EMI] Reloaded plugin from ldlib2 in 12ms
[14May2026 16:36:27.482] [Thread-25/INFO] [EMI/]: [EMI] Loading plugin from emixx
[14May2026 16:36:27.553] [Thread-25/INFO] [EMI/]: [EMI] Reloaded plugin from emixx in 70ms
[14May2026 16:36:27.553] [Thread-25/INFO] [EMI/]: [EMI] Loading plugin from curios
[14May2026 16:36:27.554] [Thread-25/INFO] [EMI/]: [EMI] Reloaded plugin from curios in 1ms
[14May2026 16:36:27.554] [Thread-25/INFO] [EMI/]: [EMI] Loading plugin from emiffect
[14May2026 16:36:27.569] [Render thread/INFO] [xaero.hud.minimap.MinimapLogs/]: Reloading radar icon resources...
[14May2026 16:36:27.597] [Render thread/INFO] [xaero.hud.minimap.MinimapLogs/]: Reloaded radar icon resources!
[14May2026 16:36:27.722] [Thread-25/INFO] [EMIffect/]: Reloaded.
[14May2026 16:36:27.722] [Thread-25/INFO] [EMI/]: [EMI] Reloaded plugin from emiffect in 168ms
[14May2026 16:36:27.722] [Thread-25/INFO] [EMI/]: [EMI] Loading plugin from emiprofessions
[14May2026 16:36:27.724] [Thread-25/INFO] [EMI/]: [EMI] Reloaded plugin from emiprofessions in 2ms
[14May2026 16:36:27.724] [Thread-25/INFO] [EMI/]: [EMI] Loading plugin from extra_mod_integrations_irons_spellbooks
[14May2026 16:36:27.724] [Thread-25/INFO] [extra_mod_integrations_core/]: [Extra Mod Integrations] Skipping Iron's Spells 'n Spellbooks Integration...
[14May2026 16:36:27.724] [Thread-25/INFO] [EMI/]: [EMI] Reloaded plugin from extra_mod_integrations_irons_spellbooks in 0ms
[14May2026 16:36:27.724] [Thread-25/INFO] [EMI/]: [EMI] Loading plugin from extra_mod_integrations_actually_additions
[14May2026 16:36:27.724] [Thread-25/INFO] [extra_mod_integrations_core/]: [Extra Mod Integrations] Skipping Actually Additions Integration...
[14May2026 16:36:27.724] [Thread-25/INFO] [EMI/]: [EMI] Reloaded plugin from extra_mod_integrations_actually_additions in 0ms
[14May2026 16:36:27.724] [Thread-25/INFO] [EMI/]: [EMI] Loading plugin from extra_mod_integrations_rechiseled
[14May2026 16:36:27.724] [Thread-25/INFO] [extra_mod_integrations_core/]: [Extra Mod Integrations] Skipping Rechiseled Integration...
[14May2026 16:36:27.724] [Thread-25/INFO] [EMI/]: [EMI] Reloaded plugin from extra_mod_integrations_rechiseled in 0ms
[14May2026 16:36:27.724] [Thread-25/INFO] [EMI/]: [EMI] Loading plugin from copycats
[14May2026 16:36:27.724] [Thread-25/INFO] [EMI/]: [EMI] Reloaded plugin from copycats in 0ms
[14May2026 16:36:27.724] [Thread-25/INFO] [EMI/]: [EMI] Loading plugin from kubejs
[14May2026 16:36:27.724] [Thread-25/INFO] [EMI/]: [EMI] Reloaded plugin from kubejs in 0ms
[14May2026 16:36:27.724] [Thread-25/INFO] [EMI/]: [EMI] Loading plugin from emi_loot
[14May2026 16:36:27.733] [ForkJoinPool.commonPool-worker-17/INFO] [emi_loot/]: Built 4199 block loot recipes in 8ms
[14May2026 16:36:27.734] [ForkJoinPool.commonPool-worker-21/INFO] [emi_loot/]: Built 6 archaeology loot recipes in 9ms
[14May2026 16:36:27.735] [ForkJoinPool.commonPool-worker-2/INFO] [emi_loot/]: Built 21 gameplay loot recipes in 9ms
[14May2026 16:36:27.735] [ForkJoinPool.commonPool-worker-10/INFO] [emi_loot/]: Built 79 mob loot recipes in 9ms
[14May2026 16:36:27.735] [Thread-25/INFO] [emi_loot/]: Registered gameplay loot recipes after 10ms
[14May2026 16:36:27.737] [Thread-25/INFO] [emi_loot/]: Registered archaeology loot recipes after 11ms
[14May2026 16:36:27.737] [Thread-25/INFO] [emi_loot/]: Registered mob loot recipes after 11ms
[14May2026 16:36:27.739] [ForkJoinPool.commonPool-worker-4/INFO] [emi_loot/]: Built 75 chest loot recipes in 14ms
[14May2026 16:36:27.740] [Thread-25/INFO] [emi_loot/]: Registered chest loot recipes after 15ms
[14May2026 16:36:27.742] [Thread-25/INFO] [emi_loot/]: Registered all loot recipes after 16ms
[14May2026 16:36:27.742] [Thread-25/INFO] [EMI/]: [EMI] Reloaded plugin from emi_loot in 18ms
[14May2026 16:36:27.742] [Thread-25/INFO] [EMI/]: [EMI] Loading plugin from emi_letsdo_compat
[14May2026 16:36:27.742] [Thread-25/INFO] [EMI/]: [EMI] Reloaded plugin from emi_letsdo_compat in 0ms
[14May2026 16:36:27.742] [Thread-25/INFO] [EMI/]: [EMI] Loading plugin from almostunified
[14May2026 16:36:27.743] [Thread-25/INFO] [EMI/]: [EMI] Reloaded plugin from almostunified in 1ms
[14May2026 16:36:27.743] [Thread-25/INFO] [EMI/]: [EMI] Loading plugin from emi_enchanting
[14May2026 16:36:27.793] [Thread-25/INFO] [EMI/]: [EMI] Reloaded plugin from emi_enchanting in 50ms
[14May2026 16:36:27.793] [Thread-25/INFO] [EMI/]: [EMI] Loading plugin from extra_mod_integrations_farmers_delight
[14May2026 16:36:27.793] [Thread-25/INFO] [extra_mod_integrations_core/]: [Extra Mod Integrations] Skipping Farmer's Delight Integration...
[14May2026 16:36:27.793] [Thread-25/INFO] [EMI/]: [EMI] Reloaded plugin from extra_mod_integrations_farmers_delight in 0ms
[14May2026 16:36:27.793] [Thread-25/INFO] [EMI/]: [EMI] Loading plugin from emi_ores
[14May2026 16:36:27.795] [Thread-25/INFO] [EMI/]: [EMI] Reloaded plugin from emi_ores in 2ms
[14May2026 16:36:27.795] [Thread-25/INFO] [EMI/]: [EMI] Loading plugin from extra_mod_integrations_core
[14May2026 16:36:27.797] [Thread-25/INFO] [EMI/]: [EMI] Reloaded plugin from extra_mod_integrations_core in 2ms
[14May2026 16:36:27.797] [Thread-25/INFO] [EMI/]: [EMI] Loading plugin from jemi
[14May2026 16:36:27.797] [Thread-25/INFO] [EMI/]: [EMI] [JEMI] Waiting for JEI to finish reloading...
[14May2026 16:36:27.797] [Thread-25/INFO] [EMI/]: [EMI] Waiting for JEI to finish...
[14May2026 16:36:27.797] [Thread-25/INFO] [EMI/]: [EMI] [JEMI] JEI reloaded!
[14May2026 16:36:27.805] [Thread-25/INFO] [EMI/]: [EMI] Loading information from JEI...
[14May2026 16:36:27.806] [Thread-25/INFO] [EMI/]: [EMI] Processing JEI stacks...
[14May2026 16:36:27.808] [Thread-25/INFO] [EMI/]: [EMI] Processing JEI subtypes...
[14May2026 16:36:27.812] [Thread-25/INFO] [EMI/]: [EMI] Processing JEI recipes...
[14May2026 16:36:27.815] [Thread-25/INFO] [EMI/]: [EMI] [JEMI] Collecting data for Crafting
[14May2026 16:36:27.815] [Thread-25/INFO] [EMI/]: [EMI] Loading JEI data for Crafting
[14May2026 16:36:27.836] [Thread-25/INFO] [EMI/]: [EMI] [JEMI] Collecting data for Anvil
[14May2026 16:36:27.836] [Thread-25/INFO] [EMI/]: [EMI] Loading JEI data for Anvil
[14May2026 16:36:27.836] [Thread-25/INFO] [EMI/]: [EMI] [JEMI] Collecting data for Blasting
[14May2026 16:36:27.836] [Thread-25/INFO] [EMI/]: [EMI] Loading JEI data for Blasting
[14May2026 16:36:27.836] [Thread-25/INFO] [EMI/]: [EMI] [JEMI] Collecting data for Brewing
[14May2026 16:36:27.836] [Thread-25/INFO] [EMI/]: [EMI] Loading JEI data for Brewing
[14May2026 16:36:27.836] [Thread-25/INFO] [EMI/]: [EMI] [JEMI] Collecting data for Campfire Cooking
[14May2026 16:36:27.836] [Thread-25/INFO] [EMI/]: [EMI] Loading JEI data for Campfire Cooking
[14May2026 16:36:27.836] [Thread-25/INFO] [EMI/]: [EMI] [JEMI] Collecting data for Composting
[14May2026 16:36:27.836] [Thread-25/INFO] [EMI/]: [EMI] Loading JEI data for Composting
[14May2026 16:36:27.836] [Thread-25/INFO] [EMI/]: [EMI] [JEMI] Collecting data for Fuel
[14May2026 16:36:27.836] [Thread-25/INFO] [EMI/]: [EMI] Loading JEI data for Fuel
[14May2026 16:36:27.836] [Thread-25/INFO] [EMI/]: [EMI] [JEMI] Collecting data for Grindstone
[14May2026 16:36:27.836] [Thread-25/INFO] [EMI/]: [EMI] Loading JEI data for Grindstone
[14May2026 16:36:27.837] [Thread-25/INFO] [EMI/]: [EMI] [JEMI] Collecting data for Smelting
[14May2026 16:36:27.838] [Thread-25/INFO] [EMI/]: [EMI] Loading JEI data for Smelting
[14May2026 16:36:27.838] [Thread-25/INFO] [EMI/]: [EMI] [JEMI] Collecting data for Smithing Table
[14May2026 16:36:27.838] [Thread-25/INFO] [EMI/]: [EMI] Loading JEI data for Smithing Table
[14May2026 16:36:27.838] [Thread-25/INFO] [EMI/]: [EMI] [JEMI] Collecting data for Smoking
[14May2026 16:36:27.838] [Thread-25/INFO] [EMI/]: [EMI] Loading JEI data for Smoking
[14May2026 16:36:27.838] [Thread-25/INFO] [EMI/]: [EMI] [JEMI] Collecting data for Stonecutting
[14May2026 16:36:27.838] [Thread-25/INFO] [EMI/]: [EMI] Loading JEI data for Stonecutting
[14May2026 16:36:27.838] [Thread-25/INFO] [EMI/]: [EMI] [JEMI] Collecting data for Automated Brewing
[14May2026 16:36:27.838] [Thread-25/INFO] [EMI/]: [EMI] Loading JEI data for Automated Brewing
[14May2026 16:36:27.913] [Thread-25/INFO] [EMI/]: [EMI] [JEMI] Collecting data for Automated Packing
[14May2026 16:36:27.913] [Thread-25/INFO] [EMI/]: [EMI] Loading JEI data for Automated Packing
[14May2026 16:36:27.916] [Thread-25/INFO] [EMI/]: [EMI] [JEMI] Collecting data for Automated Shaped Crafting
[14May2026 16:36:27.916] [Thread-25/INFO] [EMI/]: [EMI] Loading JEI data for Automated Shaped Crafting
[14May2026 16:36:28.023] [Thread-25/INFO] [EMI/]: [EMI] [JEMI] Collecting data for Automated Shapeless Crafting
[14May2026 16:36:28.024] [Thread-25/INFO] [EMI/]: [EMI] Loading JEI data for Automated Shapeless Crafting
[14May2026 16:36:28.056] [Thread-25/INFO] [EMI/]: [EMI] [JEMI] Collecting data for Block Cutting
[14May2026 16:36:28.056] [Thread-25/INFO] [EMI/]: [EMI] Loading JEI data for Block Cutting
[14May2026 16:36:28.122] [Thread-25/INFO] [EMI/]: [EMI] [JEMI] Collecting data for Crushing
[14May2026 16:36:28.122] [Thread-25/INFO] [EMI/]: [EMI] Loading JEI data for Crushing
[14May2026 16:36:28.125] [Thread-25/INFO] [EMI/]: [EMI] [JEMI] Collecting data for Deploying
[14May2026 16:36:28.126] [Thread-25/INFO] [EMI/]: [EMI] Loading JEI data for Deploying
[14May2026 16:36:28.134] [Thread-25/INFO] [EMI/]: [EMI] [JEMI] Collecting data for Item Draining
[14May2026 16:36:28.134] [Thread-25/INFO] [EMI/]: [EMI] Loading JEI data for Item Draining
[14May2026 16:36:28.136] [Thread-25/INFO] [EMI/]: [EMI] [JEMI] Collecting data for Bulk Blasting
[14May2026 16:36:28.136] [Thread-25/INFO] [EMI/]: [EMI] Loading JEI data for Bulk Blasting
[14May2026 16:36:28.136] [Thread-25/INFO] [EMI/]: [EMI] [JEMI] Collecting data for Bulk Haunting
[14May2026 16:36:28.136] [Thread-25/INFO] [EMI/]: [EMI] Loading JEI data for Bulk Haunting
[14May2026 16:36:28.137] [Thread-25/INFO] [EMI/]: [EMI] [JEMI] Collecting data for Bulk Smoking
[14May2026 16:36:28.137] [Thread-25/INFO] [EMI/]: [EMI] Loading JEI data for Bulk Smoking
[14May2026 16:36:28.138] [Thread-25/INFO] [EMI/]: [EMI] [JEMI] Collecting data for Bulk Washing
[14May2026 16:36:28.138] [Thread-25/INFO] [EMI/]: [EMI] Loading JEI data for Bulk Washing
[14May2026 16:36:28.139] [Thread-25/INFO] [EMI/]: [EMI] [JEMI] Collecting data for Manual Item Application
[14May2026 16:36:28.139] [Thread-25/INFO] [EMI/]: [EMI] Loading JEI data for Manual Item Application
[14May2026 16:36:28.142] [Thread-25/INFO] [EMI/]: [EMI] [JEMI] Collecting data for Mechanical Crafting
[14May2026 16:36:28.142] [Thread-25/INFO] [EMI/]: [EMI] Loading JEI data for Mechanical Crafting
[14May2026 16:36:28.145] [Thread-25/INFO] [EMI/]: [EMI] [JEMI] Collecting data for Milling
[14May2026 16:36:28.145] [Thread-25/INFO] [EMI/]: [EMI] Loading JEI data for Milling
[14May2026 16:36:28.145] [Thread-25/INFO] [EMI/]: [EMI] [JEMI] Collecting data for Mixing
[14May2026 16:36:28.145] [Thread-25/INFO] [EMI/]: [EMI] Loading JEI data for Mixing
[14May2026 16:36:28.149] [Thread-25/INFO] [EMI/]: [EMI] [JEMI] Collecting data for Mysterious Conversion
[14May2026 16:36:28.150] [Thread-25/INFO] [EMI/]: [EMI] Loading JEI data for Mysterious Conversion
[14May2026 16:36:28.150] [Thread-25/INFO] [EMI/]: [EMI] [JEMI] Collecting data for Compacting
[14May2026 16:36:28.150] [Thread-25/INFO] [EMI/]: [EMI] Loading JEI data for Compacting
[14May2026 16:36:28.151] [Thread-25/INFO] [EMI/]: [EMI] [JEMI] Collecting data for Pressing
[14May2026 16:36:28.151] [Thread-25/INFO] [EMI/]: [EMI] Loading JEI data for Pressing
[14May2026 16:36:28.152] [Thread-25/INFO] [EMI/]: [EMI] [JEMI] Collecting data for Sandpaper Polishing
[14May2026 16:36:28.152] [Thread-25/INFO] [EMI/]: [EMI] Loading JEI data for Sandpaper Polishing
[14May2026 16:36:28.153] [Thread-25/INFO] [EMI/]: [EMI] [JEMI] Collecting data for Sawing
[14May2026 16:36:28.153] [Thread-25/INFO] [EMI/]: [EMI] Loading JEI data for Sawing
[14May2026 16:36:28.155] [Thread-25/INFO] [EMI/]: [EMI] [JEMI] Collecting data for Recipe Sequence
[14May2026 16:36:28.155] [Thread-25/INFO] [EMI/]: [EMI] Loading JEI data for Recipe Sequence
[14May2026 16:36:28.159] [Thread-25/INFO] [EMI/]: [EMI] [JEMI] Collecting data for Filling by Spout
[14May2026 16:36:28.159] [Thread-25/INFO] [EMI/]: [EMI] Loading JEI data for Filling by Spout
[14May2026 16:36:28.162] [Thread-25/INFO] [EMI/]: [EMI] [JEMI] Collecting data for Information
[14May2026 16:36:28.162] [Thread-25/INFO] [EMI/]: [EMI] Loading JEI data for Information
[14May2026 16:36:28.169] [Thread-25/INFO] [EMI/]: [EMI] [JEMI] Collecting data for Bulk Coloring
[14May2026 16:36:28.169] [Thread-25/INFO] [EMI/]: [EMI] Loading JEI data for Bulk Coloring
[14May2026 16:36:28.195] [Thread-25/INFO] [EMI/]: [EMI] [JEMI] Collecting data for Bulk Ending
[14May2026 16:36:28.195] [Thread-25/INFO] [EMI/]: [EMI] Loading JEI data for Bulk Ending
[14May2026 16:36:28.195] [Thread-25/INFO] [EMI/]: [EMI] [JEMI] Collecting data for Bulk Freezing
[14May2026 16:36:28.195] [Thread-25/INFO] [EMI/]: [EMI] Loading JEI data for Bulk Freezing
[14May2026 16:36:28.195] [Thread-25/INFO] [EMI/]: [EMI] [JEMI] Collecting data for Bulk Sanding
[14May2026 16:36:28.195] [Thread-25/INFO] [EMI/]: [EMI] Loading JEI data for Bulk Sanding
[14May2026 16:36:28.197] [Thread-25/INFO] [EMI/]: [EMI] [JEMI] Collecting data for Grinding
[14May2026 16:36:28.197] [Thread-25/INFO] [EMI/]: [EMI] Loading JEI data for Grinding
[14May2026 16:36:28.198] [Thread-25/INFO] [EMI/]: [EMI] [JEMI] Collecting data for Printing
[14May2026 16:36:28.198] [Thread-25/INFO] [EMI/]: [EMI] Loading JEI data for Printing
[14May2026 16:36:28.205] [Thread-25/INFO] [EMI/]: [EMI] [JEMI] Collecting data for Advanced Distillation
[14May2026 16:36:28.205] [Thread-25/INFO] [EMI/]: [EMI] Loading JEI data for Advanced Distillation
[14May2026 16:36:28.206] [Thread-25/INFO] [EMI/]: [EMI] [JEMI] Collecting data for Casting
[14May2026 16:36:28.206] [Thread-25/INFO] [EMI/]: [EMI] Loading JEI data for Casting
[14May2026 16:36:28.206] [Thread-25/INFO] [EMI/]: [EMI] [JEMI] Collecting data for Chemical Vat
[14May2026 16:36:28.206] [Thread-25/INFO] [EMI/]: [EMI] Loading JEI data for Chemical Vat
[14May2026 16:36:28.207] [Thread-25/INFO] [EMI/]: [EMI] [JEMI] Collecting data for Coking
[14May2026 16:36:28.207] [Thread-25/INFO] [EMI/]: [EMI] Loading JEI data for Coking
[14May2026 16:36:28.207] [Thread-25/INFO] [EMI/]: [EMI] [JEMI] Collecting data for Air Blasting
[14May2026 16:36:28.207] [Thread-25/INFO] [EMI/]: [EMI] Loading JEI data for Air Blasting
[14May2026 16:36:28.207] [Thread-25/INFO] [EMI/]: [EMI] [JEMI] Collecting data for Industrial Blasting
[14May2026 16:36:28.207] [Thread-25/INFO] [EMI/]: [EMI] Loading JEI data for Industrial Blasting
[14May2026 16:36:28.207] [Thread-25/INFO] [EMI/]: [EMI] [JEMI] Collecting data for Polarizing
[14May2026 16:36:28.207] [Thread-25/INFO] [EMI/]: [EMI] Loading JEI data for Polarizing
[14May2026 16:36:28.207] [Thread-25/INFO] [EMI/]: [EMI] [JEMI] Collecting data for Winding
[14May2026 16:36:28.207] [Thread-25/INFO] [EMI/]: [EMI] Loading JEI data for Winding
[14May2026 16:36:28.207] [Thread-25/INFO] [EMI/]: [EMI] [JEMI] Collecting data for Charging
[14May2026 16:36:28.207] [Thread-25/INFO] [EMI/]: [EMI] Loading JEI data for Charging
[14May2026 16:36:28.208] [Thread-25/INFO] [EMI/]: [EMI] [JEMI] Collecting data for Liquid Burning
[14May2026 16:36:28.208] [Thread-25/INFO] [EMI/]: [EMI] Loading JEI data for Liquid Burning
[14May2026 16:36:28.208] [Thread-25/INFO] [EMI/]: [EMI] [JEMI] Collecting data for Rolling
[14May2026 16:36:28.208] [Thread-25/INFO] [EMI/]: [EMI] Loading JEI data for Rolling
[14May2026 16:36:28.208] [Thread-25/INFO] [EMI/]: [EMI] [JEMI] Collecting data for Bulk Dragon Breathing
[14May2026 16:36:28.208] [Thread-25/INFO] [EMI/]: [EMI] Loading JEI data for Bulk Dragon Breathing
[14May2026 16:36:28.208] [Thread-25/INFO] [EMI/]: [EMI] [JEMI] Collecting data for Bulk Freezing
[14May2026 16:36:28.208] [Thread-25/INFO] [EMI/]: [EMI] Loading JEI data for Bulk Freezing
[14May2026 16:36:28.208] [Thread-25/INFO] [EMI/]: [EMI] [JEMI] Collecting data for Bulk Sanding
[14May2026 16:36:28.208] [Thread-25/INFO] [EMI/]: [EMI] Loading JEI data for Bulk Sanding
[14May2026 16:36:28.208] [Thread-25/INFO] [EMI/]: [EMI] [JEMI] Collecting data for Bulk Seething
[14May2026 16:36:28.208] [Thread-25/INFO] [EMI/]: [EMI] Loading JEI data for Bulk Seething
[14May2026 16:36:28.208] [Thread-25/INFO] [EMI/]: [EMI] [JEMI] Collecting data for Hydraulic Compacting
[14May2026 16:36:28.208] [Thread-25/INFO] [EMI/]: [EMI] Loading JEI data for Hydraulic Compacting
[14May2026 16:36:28.209] [Thread-25/INFO] [EMI/]: [EMI] [JEMI] Collecting data for Foundry Alloying
[14May2026 16:36:28.209] [Thread-25/INFO] [EMI/]: [EMI] Loading JEI data for Foundry Alloying
[14May2026 16:36:28.209] [Thread-25/INFO] [EMI/]: [EMI] [JEMI] Collecting data for Bulk Melting
[14May2026 16:36:28.209] [Thread-25/INFO] [EMI/]: [EMI] Loading JEI data for Bulk Melting
[14May2026 16:36:28.209] [Thread-25/INFO] [EMI/]: [EMI] [JEMI] Collecting data for Casting In Basin
[14May2026 16:36:28.209] [Thread-25/INFO] [EMI/]: [EMI] Loading JEI data for Casting In Basin
[14May2026 16:36:28.210] [Thread-25/INFO] [EMI/]: [EMI] [JEMI] Collecting data for Casting In Table
[14May2026 16:36:28.210] [Thread-25/INFO] [EMI/]: [EMI] Loading JEI data for Casting In Table
[14May2026 16:36:28.210] [Thread-25/INFO] [EMI/]: [EMI] [JEMI] Collecting data for Entity Melting
[14May2026 16:36:28.210] [Thread-25/INFO] [EMI/]: [EMI] Loading JEI data for Entity Melting
[14May2026 16:36:28.212] [Thread-25/INFO] [EMI/]: [EMI] [JEMI] Collecting data for Grinding
[14May2026 16:36:28.212] [Thread-25/INFO] [EMI/]: [EMI] Loading JEI data for Grinding
[14May2026 16:36:28.212] [Thread-25/INFO] [EMI/]: [EMI] [JEMI] Collecting data for Foundry Melting
[14May2026 16:36:28.212] [Thread-25/INFO] [EMI/]: [EMI] Loading JEI data for Foundry Melting
[14May2026 16:36:28.214] [Thread-25/INFO] [EMI/]: [EMI] [JEMI] Collecting data for Polishing With Grinder
[14May2026 16:36:28.214] [Thread-25/INFO] [EMI/]: [EMI] Loading JEI data for Polishing With Grinder
[14May2026 16:36:28.215] [Thread-25/INFO] [EMI/]: [EMI] [JEMI] Collecting data for Printing
[14May2026 16:36:28.215] [Thread-25/INFO] [EMI/]: [EMI] Loading JEI data for Printing
[14May2026 16:36:28.215] [Thread-25/INFO] [EMI/]: [EMI] [JEMI] Collecting data for Stacking Photographs
[14May2026 16:36:28.215] [Thread-25/INFO] [EMI/]: [EMI] Loading JEI data for Stacking Photographs
[14May2026 16:36:28.216] [Thread-25/INFO] [EMI/]: [EMI] [JEMI] Collecting data for Drilling Machine
[14May2026 16:36:28.216] [Thread-25/INFO] [EMI/]: [EMI] Loading JEI data for Drilling Machine
[14May2026 16:36:28.217] [Thread-25/INFO] [EMI/]: [EMI] [JEMI] Collecting data for Fluid Extractor
[14May2026 16:36:28.217] [Thread-25/INFO] [EMI/]: [EMI] Loading JEI data for Fluid Extractor
[14May2026 16:36:28.217] [Thread-25/INFO] [EMI/]: [EMI] [JEMI] Collecting data for Ore Veins
[14May2026 16:36:28.218] [Thread-25/INFO] [EMI/]: [EMI] Loading JEI data for Ore Veins
[14May2026 16:36:28.218] [Thread-25/INFO] [EMI/]: [EMI] Reloaded plugin from jemi in 421ms
[14May2026 16:36:28.218] [Thread-25/INFO] [EMI/]: [EMI] Baking index
[14May2026 16:36:28.284] [Thread-25/INFO] [EMI/]: [EMI++] Starting EMI++ reload...
[14May2026 16:36:28.285] [Thread-25/INFO] [EMI/]: [EMI++] Baking stack groups
[14May2026 16:36:28.367] [Render thread/WARN] [ModernFix/]: Time from main menu to in-game was 10.902691 seconds
[14May2026 16:36:28.367] [Render thread/WARN] [ModernFix/]: Total time to load game and open world was 35.94569 seconds
[14May2026 16:36:28.538] [Thread-25/INFO] [EMI/]: [EMI] Registering late recipes
[14May2026 16:36:28.571] [Thread-25/INFO] [EMI/]: [EMI] Baking recipes
[14May2026 16:36:29.096] [Thread-25/INFO] [EMI/]: [EMI] Baked 25403 recipes in 521ms
[14May2026 16:36:29.102] [Thread-25/ERROR] [EMI/]: Error parsing NBT in deserialized stack
java.util.NoSuchElementException: No value present
	at java.base/java.util.Optional.orElseThrow(Optional.java:377) ~[?:?]
	at TRANSFORMER/emi@1.1.22+1.21.1+neoforge/dev.emi.emi.stack.serializer.ItemEmiStackSerializer.create(ItemEmiStackSerializer.java:21) ~[emi-1.1.22+1.21.1+neoforge.jar%23323!/:?]
	at TRANSFORMER/emi@1.1.22+1.21.1+neoforge/dev.emi.emi.api.stack.serializer.EmiStackSerializer.deserialize(EmiStackSerializer.java:70) [emi-1.1.22+1.21.1+neoforge.jar%23323!/:?]
	at TRANSFORMER/emi@1.1.22+1.21.1+neoforge/dev.emi.emi.registry.EmiIngredientSerializers.deserialize(EmiIngredientSerializers.java:75) [emi-1.1.22+1.21.1+neoforge.jar%23323!/:?]
	at TRANSFORMER/emi@1.1.22+1.21.1+neoforge/dev.emi.emi.api.stack.serializer.EmiIngredientSerializer.getDeserialized(EmiIngredientSerializer.java:23) [emi-1.1.22+1.21.1+neoforge.jar%23323!/:?]
	at TRANSFORMER/emi@1.1.22+1.21.1+neoforge/dev.emi.emi.runtime.EmiSidebars.load(EmiSidebars.java:98) [emi-1.1.22+1.21.1+neoforge.jar%23323!/:?]
	at TRANSFORMER/emi@1.1.22+1.21.1+neoforge/dev.emi.emi.runtime.EmiPersistentData.load(EmiPersistentData.java:41) [emi-1.1.22+1.21.1+neoforge.jar%23323!/:?]
	at TRANSFORMER/emi@1.1.22+1.21.1+neoforge/dev.emi.emi.runtime.EmiReloadManager$ReloadWorker.run(EmiReloadManager.java:221) [emi-1.1.22+1.21.1+neoforge.jar%23323!/:?]
	at java.base/java.lang.Thread.run(Thread.java:1474) [?:?]
[14May2026 16:36:29.103] [Thread-25/ERROR] [EMI/]: Error parsing NBT in deserialized stack
java.util.NoSuchElementException: No value present
	at java.base/java.util.Optional.orElseThrow(Optional.java:377) ~[?:?]
	at TRANSFORMER/emi@1.1.22+1.21.1+neoforge/dev.emi.emi.stack.serializer.ItemEmiStackSerializer.create(ItemEmiStackSerializer.java:21) ~[emi-1.1.22+1.21.1+neoforge.jar%23323!/:?]
	at TRANSFORMER/emi@1.1.22+1.21.1+neoforge/dev.emi.emi.api.stack.serializer.EmiStackSerializer.deserialize(EmiStackSerializer.java:70) [emi-1.1.22+1.21.1+neoforge.jar%23323!/:?]
	at TRANSFORMER/emi@1.1.22+1.21.1+neoforge/dev.emi.emi.registry.EmiIngredientSerializers.deserialize(EmiIngredientSerializers.java:75) [emi-1.1.22+1.21.1+neoforge.jar%23323!/:?]
	at TRANSFORMER/emi@1.1.22+1.21.1+neoforge/dev.emi.emi.api.stack.serializer.EmiIngredientSerializer.getDeserialized(EmiIngredientSerializer.java:23) [emi-1.1.22+1.21.1+neoforge.jar%23323!/:?]
	at TRANSFORMER/emi@1.1.22+1.21.1+neoforge/dev.emi.emi.runtime.EmiSidebars.load(EmiSidebars.java:98) [emi-1.1.22+1.21.1+neoforge.jar%23323!/:?]
	at TRANSFORMER/emi@1.1.22+1.21.1+neoforge/dev.emi.emi.runtime.EmiPersistentData.load(EmiPersistentData.java:41) [emi-1.1.22+1.21.1+neoforge.jar%23323!/:?]
	at TRANSFORMER/emi@1.1.22+1.21.1+neoforge/dev.emi.emi.runtime.EmiReloadManager$ReloadWorker.run(EmiReloadManager.java:221) [emi-1.1.22+1.21.1+neoforge.jar%23323!/:?]
	at java.base/java.lang.Thread.run(Thread.java:1474) [?:?]
[14May2026 16:36:29.103] [Thread-25/ERROR] [EMI/]: Error parsing NBT in deserialized stack
java.util.NoSuchElementException: No value present
	at java.base/java.util.Optional.orElseThrow(Optional.java:377) ~[?:?]
	at TRANSFORMER/emi@1.1.22+1.21.1+neoforge/dev.emi.emi.stack.serializer.ItemEmiStackSerializer.create(ItemEmiStackSerializer.java:21) ~[emi-1.1.22+1.21.1+neoforge.jar%23323!/:?]
	at TRANSFORMER/emi@1.1.22+1.21.1+neoforge/dev.emi.emi.api.stack.serializer.EmiStackSerializer.deserialize(EmiStackSerializer.java:70) [emi-1.1.22+1.21.1+neoforge.jar%23323!/:?]
	at TRANSFORMER/emi@1.1.22+1.21.1+neoforge/dev.emi.emi.registry.EmiIngredientSerializers.deserialize(EmiIngredientSerializers.java:75) [emi-1.1.22+1.21.1+neoforge.jar%23323!/:?]
	at TRANSFORMER/emi@1.1.22+1.21.1+neoforge/dev.emi.emi.api.stack.serializer.EmiIngredientSerializer.getDeserialized(EmiIngredientSerializer.java:23) [emi-1.1.22+1.21.1+neoforge.jar%23323!/:?]
	at TRANSFORMER/emi@1.1.22+1.21.1+neoforge/dev.emi.emi.runtime.EmiSidebars.load(EmiSidebars.java:98) [emi-1.1.22+1.21.1+neoforge.jar%23323!/:?]
	at TRANSFORMER/emi@1.1.22+1.21.1+neoforge/dev.emi.emi.runtime.EmiPersistentData.load(EmiPersistentData.java:41) [emi-1.1.22+1.21.1+neoforge.jar%23323!/:?]
	at TRANSFORMER/emi@1.1.22+1.21.1+neoforge/dev.emi.emi.runtime.EmiReloadManager$ReloadWorker.run(EmiReloadManager.java:221) [emi-1.1.22+1.21.1+neoforge.jar%23323!/:?]
	at java.base/java.lang.Thread.run(Thread.java:1474) [?:?]
[14May2026 16:36:29.106] [Thread-25/ERROR] [EMI/]: Error parsing NBT in deserialized stack
java.util.NoSuchElementException: No value present
	at java.base/java.util.Optional.orElseThrow(Optional.java:377) ~[?:?]
	at TRANSFORMER/emi@1.1.22+1.21.1+neoforge/dev.emi.emi.stack.serializer.ItemEmiStackSerializer.create(ItemEmiStackSerializer.java:21) ~[emi-1.1.22+1.21.1+neoforge.jar%23323!/:?]
	at TRANSFORMER/emi@1.1.22+1.21.1+neoforge/dev.emi.emi.api.stack.serializer.EmiStackSerializer.deserialize(EmiStackSerializer.java:70) [emi-1.1.22+1.21.1+neoforge.jar%23323!/:?]
	at TRANSFORMER/emi@1.1.22+1.21.1+neoforge/dev.emi.emi.registry.EmiIngredientSerializers.deserialize(EmiIngredientSerializers.java:75) [emi-1.1.22+1.21.1+neoforge.jar%23323!/:?]
	at TRANSFORMER/emi@1.1.22+1.21.1+neoforge/dev.emi.emi.api.stack.serializer.EmiIngredientSerializer.getDeserialized(EmiIngredientSerializer.java:23) [emi-1.1.22+1.21.1+neoforge.jar%23323!/:?]
	at TRANSFORMER/emi@1.1.22+1.21.1+neoforge/dev.emi.emi.runtime.EmiSidebars.load(EmiSidebars.java:98) [emi-1.1.22+1.21.1+neoforge.jar%23323!/:?]
	at TRANSFORMER/emi@1.1.22+1.21.1+neoforge/dev.emi.emi.runtime.EmiPersistentData.load(EmiPersistentData.java:41) [emi-1.1.22+1.21.1+neoforge.jar%23323!/:?]
	at TRANSFORMER/emi@1.1.22+1.21.1+neoforge/dev.emi.emi.runtime.EmiReloadManager$ReloadWorker.run(EmiReloadManager.java:221) [emi-1.1.22+1.21.1+neoforge.jar%23323!/:?]
	at java.base/java.lang.Thread.run(Thread.java:1474) [?:?]
[14May2026 16:36:29.106] [Thread-25/ERROR] [EMI/]: Error parsing NBT in deserialized stack
java.util.NoSuchElementException: No value present
	at java.base/java.util.Optional.orElseThrow(Optional.java:377) ~[?:?]
	at TRANSFORMER/emi@1.1.22+1.21.1+neoforge/dev.emi.emi.stack.serializer.ItemEmiStackSerializer.create(ItemEmiStackSerializer.java:21) ~[emi-1.1.22+1.21.1+neoforge.jar%23323!/:?]
	at TRANSFORMER/emi@1.1.22+1.21.1+neoforge/dev.emi.emi.api.stack.serializer.EmiStackSerializer.deserialize(EmiStackSerializer.java:70) [emi-1.1.22+1.21.1+neoforge.jar%23323!/:?]
	at TRANSFORMER/emi@1.1.22+1.21.1+neoforge/dev.emi.emi.registry.EmiIngredientSerializers.deserialize(EmiIngredientSerializers.java:75) [emi-1.1.22+1.21.1+neoforge.jar%23323!/:?]
	at TRANSFORMER/emi@1.1.22+1.21.1+neoforge/dev.emi.emi.api.stack.serializer.EmiIngredientSerializer.getDeserialized(EmiIngredientSerializer.java:23) [emi-1.1.22+1.21.1+neoforge.jar%23323!/:?]
	at TRANSFORMER/emi@1.1.22+1.21.1+neoforge/dev.emi.emi.runtime.EmiSidebars.load(EmiSidebars.java:98) [emi-1.1.22+1.21.1+neoforge.jar%23323!/:?]
	at TRANSFORMER/emi@1.1.22+1.21.1+neoforge/dev.emi.emi.runtime.EmiPersistentData.load(EmiPersistentData.java:41) [emi-1.1.22+1.21.1+neoforge.jar%23323!/:?]
	at TRANSFORMER/emi@1.1.22+1.21.1+neoforge/dev.emi.emi.runtime.EmiReloadManager$ReloadWorker.run(EmiReloadManager.java:221) [emi-1.1.22+1.21.1+neoforge.jar%23323!/:?]
	at java.base/java.lang.Thread.run(Thread.java:1474) [?:?]
[14May2026 16:36:29.107] [Thread-25/ERROR] [EMI/]: Error parsing NBT in deserialized stack
java.util.NoSuchElementException: No value present
	at java.base/java.util.Optional.orElseThrow(Optional.java:377) ~[?:?]
	at TRANSFORMER/emi@1.1.22+1.21.1+neoforge/dev.emi.emi.stack.serializer.ItemEmiStackSerializer.create(ItemEmiStackSerializer.java:21) ~[emi-1.1.22+1.21.1+neoforge.jar%23323!/:?]
	at TRANSFORMER/emi@1.1.22+1.21.1+neoforge/dev.emi.emi.api.stack.serializer.EmiStackSerializer.deserialize(EmiStackSerializer.java:70) [emi-1.1.22+1.21.1+neoforge.jar%23323!/:?]
	at TRANSFORMER/emi@1.1.22+1.21.1+neoforge/dev.emi.emi.registry.EmiIngredientSerializers.deserialize(EmiIngredientSerializers.java:75) [emi-1.1.22+1.21.1+neoforge.jar%23323!/:?]
	at TRANSFORMER/emi@1.1.22+1.21.1+neoforge/dev.emi.emi.api.stack.serializer.EmiIngredientSerializer.getDeserialized(EmiIngredientSerializer.java:23) [emi-1.1.22+1.21.1+neoforge.jar%23323!/:?]
	at TRANSFORMER/emi@1.1.22+1.21.1+neoforge/dev.emi.emi.runtime.EmiSidebars.load(EmiSidebars.java:98) [emi-1.1.22+1.21.1+neoforge.jar%23323!/:?]
	at TRANSFORMER/emi@1.1.22+1.21.1+neoforge/dev.emi.emi.runtime.EmiPersistentData.load(EmiPersistentData.java:41) [emi-1.1.22+1.21.1+neoforge.jar%23323!/:?]
	at TRANSFORMER/emi@1.1.22+1.21.1+neoforge/dev.emi.emi.runtime.EmiReloadManager$ReloadWorker.run(EmiReloadManager.java:221) [emi-1.1.22+1.21.1+neoforge.jar%23323!/:?]
	at java.base/java.lang.Thread.run(Thread.java:1474) [?:?]
[14May2026 16:36:29.116] [Thread-25/INFO] [EMI/]: [EMI] Baking search
[14May2026 16:36:29.481] [Thread-29/INFO] [EMI/]: [EMI] Baked recipes after reload in 388ms
[14May2026 16:36:30.219] [Thread-25/INFO] [EMI/]: [EMI] Finishing up
[14May2026 16:36:30.282] [Thread-25/INFO] [EMI/]: [EMI] Reloaded EMI in 4039ms
[14May2026 16:36:33.395] [Render thread/INFO] [net.minecraft.client.gui.components.ChatComponent/]: [CHAT] There are 6 data pack(s) enabled: [create:dynamic_data (built-in)], [vanilla (built-in)], [mod_data], [fabric (Fabric mod)], [Better+Bundle+v1.4.1(mc-1.21).zip (paxi)], [create_dragons_plus:runtime (built-in)]
[14May2026 16:36:33.400] [Render thread/INFO] [net.minecraft.client.gui.components.ChatComponent/]: [CHAT] There are no more data packs available
[14May2026 16:36:37.011] [Render thread/WARN] [Sodium-VertexConsumerTracker/]: Class dev.emi.emi.screen.StackBatcher$UnlitFacade$Consumer does not support optimized vertex writing code paths, which may cause reduced rendering performance
[14May2026 16:36:42.004] [Render thread/INFO] [net.minecraft.advancements.AdvancementTree/]: Loaded 42 advancements
[14May2026 16:36:51.360] [Server thread/INFO] [net.minecraft.client.server.IntegratedServer/]: Saving and pausing game...
[14May2026 16:36:51.370] [Server thread/INFO] [net.minecraft.server.MinecraftServer/]: Saving chunks for level 'ServerLevel[New World]'/minecraft:overworld
[14May2026 16:36:51.370] [Server thread/INFO] [dev.ryanhcode.sable.Sable/]: Saving sub-levels for level 'ServerLevel[New World]'/minecraft:overworld
[14May2026 16:36:51.387] [Server thread/INFO] [net.minecraft.server.MinecraftServer/]: Saving chunks for level 'ServerLevel[New World]'/minecraft:the_end
[14May2026 16:36:51.387] [Server thread/INFO] [dev.ryanhcode.sable.Sable/]: Saving sub-levels for level 'ServerLevel[New World]'/minecraft:the_end
[14May2026 16:36:51.387] [Server thread/INFO] [net.minecraft.server.MinecraftServer/]: Saving chunks for level 'ServerLevel[New World]'/rocketnautics:space
[14May2026 16:36:51.387] [Server thread/INFO] [dev.ryanhcode.sable.Sable/]: Saving sub-levels for level 'ServerLevel[New World]'/rocketnautics:space
[14May2026 16:36:51.387] [Server thread/INFO] [net.minecraft.server.MinecraftServer/]: Saving chunks for level 'ServerLevel[New World]'/minecraft:the_nether
[14May2026 16:36:51.387] [Server thread/INFO] [dev.ryanhcode.sable.Sable/]: Saving sub-levels for level 'ServerLevel[New World]'/minecraft:the_nether
[14May2026 16:37:26.110] [Server thread/INFO] [net.minecraft.client.server.IntegratedServer/]: Saving and pausing game...
[14May2026 16:37:26.116] [Server thread/INFO] [net.minecraft.server.MinecraftServer/]: Saving chunks for level 'ServerLevel[New World]'/minecraft:overworld
[14May2026 16:37:26.116] [Server thread/INFO] [dev.ryanhcode.sable.Sable/]: Saving sub-levels for level 'ServerLevel[New World]'/minecraft:overworld
[14May2026 16:37:26.123] [Server thread/INFO] [net.minecraft.server.MinecraftServer/]: Saving chunks for level 'ServerLevel[New World]'/minecraft:the_end
[14May2026 16:37:26.123] [Server thread/INFO] [dev.ryanhcode.sable.Sable/]: Saving sub-levels for level 'ServerLevel[New World]'/minecraft:the_end
[14May2026 16:37:26.123] [Server thread/INFO] [net.minecraft.server.MinecraftServer/]: Saving chunks for level 'ServerLevel[New World]'/rocketnautics:space
[14May2026 16:37:26.123] [Server thread/INFO] [dev.ryanhcode.sable.Sable/]: Saving sub-levels for level 'ServerLevel[New World]'/rocketnautics:space
[14May2026 16:37:26.123] [Server thread/INFO] [net.minecraft.server.MinecraftServer/]: Saving chunks for level 'ServerLevel[New World]'/minecraft:the_nether
[14May2026 16:37:26.123] [Server thread/INFO] [dev.ryanhcode.sable.Sable/]: Saving sub-levels for level 'ServerLevel[New World]'/minecraft:the_nether
[14May2026 16:37:33.388] [Server thread/INFO] [net.minecraft.server.MinecraftServer/]: [Rasgajag: Gave 1 [Bundle] to Rasgajag]
[14May2026 16:37:33.399] [Render thread/INFO] [net.minecraft.client.gui.components.ChatComponent/]: [CHAT] Gave 1 [Bundle] to Rasgajag
[14May2026 16:37:37.777] [Render thread/INFO] [net.minecraft.advancements.AdvancementTree/]: Loaded 45 advancements
[14May2026 16:37:45.460] [Server thread/INFO] [net.minecraft.client.server.IntegratedServer/]: Saving and pausing game...
[14May2026 16:37:45.465] [Server thread/INFO] [net.minecraft.server.MinecraftServer/]: Saving chunks for level 'ServerLevel[New World]'/minecraft:overworld
[14May2026 16:37:45.465] [Server thread/INFO] [dev.ryanhcode.sable.Sable/]: Saving sub-levels for level 'ServerLevel[New World]'/minecraft:overworld
[14May2026 16:37:45.471] [Server thread/INFO] [net.minecraft.server.MinecraftServer/]: Saving chunks for level 'ServerLevel[New World]'/minecraft:the_end
[14May2026 16:37:45.471] [Server thread/INFO] [dev.ryanhcode.sable.Sable/]: Saving sub-levels for level 'ServerLevel[New World]'/minecraft:the_end
[14May2026 16:37:45.471] [Server thread/INFO] [net.minecraft.server.MinecraftServer/]: Saving chunks for level 'ServerLevel[New World]'/rocketnautics:space
[14May2026 16:37:45.471] [Server thread/INFO] [dev.ryanhcode.sable.Sable/]: Saving sub-levels for level 'ServerLevel[New World]'/rocketnautics:space
[14May2026 16:37:45.471] [Server thread/INFO] [net.minecraft.server.MinecraftServer/]: Saving chunks for level 'ServerLevel[New World]'/minecraft:the_nether
[14May2026 16:37:45.471] [Server thread/INFO] [dev.ryanhcode.sable.Sable/]: Saving sub-levels for level 'ServerLevel[New World]'/minecraft:the_nether
[14May2026 16:37:46.843] [Netty Local Client IO #1/INFO] [dev.ryanhcode.sable.Sable/]: Client UDP channel inactive
[14May2026 16:37:46.843] [Render thread/INFO] [EMI/]: [EMI] Disconnecting from server, EMI data cleared
[14May2026 16:37:46.843] [Netty Local Client IO #1/INFO] [dev.ryanhcode.sable.Sable/]: Closed UDP channel!
[14May2026 16:37:46.844] [Render thread/INFO] [xaero.map.WorldMap/]: Finalizing world map session...
[14May2026 16:37:46.844] [Thread-34/INFO] [EMI/]: [EMI] Clearing data
[14May2026 16:37:46.885] [Thread-10/INFO] [xaero.map.WorldMap/]: World map cleaned normally!
[14May2026 16:37:46.944] [Render thread/INFO] [xaero.map.WorldMap/]: World map session finalized.
[14May2026 16:37:46.944] [Render thread/INFO] [xaero.hud.minimap.MinimapLogs/]: Xaero hud session finalized.
[14May2026 16:37:46.947] [Render thread/INFO] [mezz.jei.library.startup.JeiStarter/]: Stopping JEI
[14May2026 16:37:46.947] [Render thread/INFO] [mezz.jei.library.load.PluginCaller/]: Sending Runtime Unavailable...
[14May2026 16:37:46.947] [Render thread/INFO] [mezz.jei.neoforge.plugins.neoforge.NeoForgeGuiPlugin/]: Stopping JEI GUI
[14May2026 16:37:46.948] [Render thread/INFO] [mezz.jei.library.load.PluginCaller/]: Sending Runtime Unavailable took 626.7 microseconds
[14May2026 16:37:46.959] [Render thread/INFO] [voicechat/]: [voicechat] Clearing audio channels
[14May2026 16:37:46.969] [Server thread/INFO] [net.minecraft.server.network.ServerGamePacketListenerImpl/]: Rasgajag lost connection: Disconnected
[14May2026 16:37:46.969] [Server thread/INFO] [net.minecraft.server.MinecraftServer/]: Rasgajag left the game
[14May2026 16:37:46.972] [Server thread/INFO] [voicechat/]: [voicechat] Disconnecting client Rasgajag
[14May2026 16:37:46.978] [Server thread/INFO] [net.minecraft.server.network.ServerCommonPacketListenerImpl/]: Stopping singleplayer server as player logged out
[14May2026 16:37:46.993] [Render thread/INFO] [voicechat/]: [voicechat] Stopping microphone thread
[14May2026 16:37:46.998] [Render thread/INFO] [voicechat/]: [voicechat] Disconnecting voicechat
[14May2026 16:37:47.017] [Server thread/INFO] [net.minecraft.server.MinecraftServer/]: Stopping server
[14May2026 16:37:47.017] [Server thread/INFO] [net.minecraft.server.MinecraftServer/]: Saving players
[14May2026 16:37:47.017] [Server thread/INFO] [net.minecraft.server.MinecraftServer/]: Saving worlds
[14May2026 16:37:47.126] [Server thread/INFO] [net.minecraft.server.MinecraftServer/]: Saving chunks for level 'ServerLevel[New World]'/minecraft:overworld
[14May2026 16:37:47.126] [Server thread/INFO] [dev.ryanhcode.sable.Sable/]: Saving sub-levels for level 'ServerLevel[New World]'/minecraft:overworld
[14May2026 16:37:47.174] [Server thread/INFO] [net.minecraft.server.MinecraftServer/]: Saving chunks for level 'ServerLevel[New World]'/minecraft:the_end
[14May2026 16:37:47.174] [Server thread/INFO] [dev.ryanhcode.sable.Sable/]: Saving sub-levels for level 'ServerLevel[New World]'/minecraft:the_end
[14May2026 16:37:47.176] [Server thread/INFO] [net.minecraft.server.MinecraftServer/]: Saving chunks for level 'ServerLevel[New World]'/rocketnautics:space
[14May2026 16:37:47.176] [Server thread/INFO] [dev.ryanhcode.sable.Sable/]: Saving sub-levels for level 'ServerLevel[New World]'/rocketnautics:space
[14May2026 16:37:47.178] [Server thread/INFO] [net.minecraft.server.MinecraftServer/]: Saving chunks for level 'ServerLevel[New World]'/minecraft:the_nether
[14May2026 16:37:47.178] [Server thread/INFO] [dev.ryanhcode.sable.Sable/]: Saving sub-levels for level 'ServerLevel[New World]'/minecraft:the_nether
[14May2026 16:37:47.182] [Server thread/INFO] [net.minecraft.server.MinecraftServer/]: ThreadedAnvilChunkStorage (New World): All chunks are saved
[14May2026 16:37:47.182] [Server thread/INFO] [net.minecraft.server.MinecraftServer/]: ThreadedAnvilChunkStorage (DIM1): All chunks are saved
[14May2026 16:37:47.182] [Server thread/INFO] [net.minecraft.server.MinecraftServer/]: ThreadedAnvilChunkStorage (space): All chunks are saved
[14May2026 16:37:47.182] [Server thread/INFO] [net.minecraft.server.MinecraftServer/]: ThreadedAnvilChunkStorage (DIM-1): All chunks are saved
[14May2026 16:37:47.182] [Server thread/INFO] [net.minecraft.server.MinecraftServer/]: ThreadedAnvilChunkStorage: All dimensions are saved
[14May2026 16:37:47.203] [Render thread/INFO] [ChunkBuilder/]: Stopping worker threads
[14May2026 16:37:48.318] [Render thread/INFO] [net.minecraft.client.Minecraft/]: Stopping!
[14May2026 16:37:48.320] [CullThread/INFO] [net.minecraft.server.LoggedPrintStream/]: [STDOUT]: Shutting down culling task!
